{
"type": "FeatureCollection",
"name": "zk_regios",
"crs": { "type": "name", "properties": { "name": "urn:ogc:def:crs:OGC:1.3:CRS84" } },
"features": [
{ "type": "Feature", "properties": { "fid": 1, "ck_zk": "ZK01", "jrstatcode": "2025ZK01", "statnaam": "Amstelland en De Meerlanden", "rubriek": "zorgkantoorregio", "id": 1 }, "geometry": { "type": "MultiPolygon", "coordinates": [ [ [ [ 4.757857528938573, 52.396587441198591 ], [ 4.75829847669632, 52.387948659895685 ], [ 4.758308255243052, 52.387895148301574 ], [ 4.758513427340989, 52.387193830715923 ], [ 4.7589526337936, 52.384117560943928 ], [ 4.759078003969829, 52.380940683271199 ], [ 4.759124707572624, 52.379329244058511 ], [ 4.757256451900491, 52.377978521086064 ], [ 4.756717878049016, 52.377837764741031 ], [ 4.75838039072545, 52.374015306063328 ], [ 4.75847450501653, 52.371093162216368 ], [ 4.757837069637199, 52.368718131885096 ], [ 4.755880854009667, 52.361807515701912 ], [ 4.754837140326306, 52.357907330440426 ], [ 4.755683817600715, 52.356150038324579 ], [ 4.767392727760315, 52.351268552681859 ], [ 4.773296498794065, 52.348921575114112 ], [ 4.780804640499835, 52.345846152730793 ], [ 4.79110214690345, 52.341500165868617 ], [ 4.797326231273601, 52.335596428841981 ], [ 4.798216200340278, 52.335041692743829 ], [ 4.798797054290201, 52.334800166417132 ], [ 4.803048223617205, 52.333032733962561 ], [ 4.816404061425941, 52.327405811667973 ], [ 4.817121529919699, 52.326925114873504 ], [ 4.818752570685462, 52.325560258050245 ], [ 4.825178804565392, 52.325731017064022 ], [ 4.839405274498018, 52.327359358792179 ], [ 4.839476484221424, 52.3291456944673 ], [ 4.840475702807916, 52.329576347459259 ], [ 4.843960963173235, 52.330218482848657 ], [ 4.845111999632595, 52.329734671987609 ], [ 4.847623555578303, 52.330071268264447 ], [ 4.847987510837671, 52.330566870651332 ], [ 4.855942518233712, 52.330255224948203 ], [ 4.856523462126959, 52.329413973822028 ], [ 4.856391048045674, 52.324930343383258 ], [ 4.856334378650732, 52.321762186561287 ], [ 4.856466458079651, 52.321764864331691 ], [ 4.856754885812502, 52.321413287007431 ], [ 4.857600177270324, 52.321421720714405 ], [ 4.857641495178981, 52.321736374270309 ], [ 4.861485554878119, 52.321802655760791 ], [ 4.869142121476704, 52.321932846966448 ], [ 4.869143670074237, 52.321932873520794 ], [ 4.869354899088014, 52.321936671686572 ], [ 4.878107290648789, 52.322092052263805 ], [ 4.878117553041232, 52.322092233936864 ], [ 4.88217695630982, 52.322164032403904 ], [ 4.893008304192064, 52.322369519288955 ], [ 4.894915617482778, 52.322421106669267 ], [ 4.895158415854063, 52.322406361083573 ], [ 4.896291648544251, 52.322419858719911 ], [ 4.898280592483931, 52.321643972453991 ], [ 4.902532361172976, 52.321324352471819 ], [ 4.907840547490866, 52.319504847459008 ], [ 4.909135282198676, 52.318253197189762 ], [ 4.912375605882284, 52.318248010666579 ], [ 4.914281497678227, 52.320407978207257 ], [ 4.910807066523139, 52.321883027982366 ], [ 4.911343357278533, 52.322884124913408 ], [ 4.910334168535709, 52.323566324115689 ], [ 4.911100177790005, 52.324097998687861 ], [ 4.913881305865073, 52.324551535925828 ], [ 4.913592503871528, 52.326333114755478 ], [ 4.913265573425464, 52.32840083624486 ], [ 4.913265554556619, 52.328400954807925 ], [ 4.912931719027509, 52.330510414044511 ], [ 4.917483255489199, 52.3315365235526 ], [ 4.922550463451023, 52.333084195144338 ], [ 4.92376528381492, 52.335442673660708 ], [ 4.924946086263681, 52.335382795882708 ], [ 4.925362692447881, 52.335381382847174 ], [ 4.925773358351701, 52.335372722620619 ], [ 4.926942028139066, 52.335776590775303 ], [ 4.926769954724728, 52.335964583378065 ], [ 4.928493321245682, 52.336554814962177 ], [ 4.93422065708885, 52.335496009452228 ], [ 4.935623714352039, 52.33551395462684 ], [ 4.936511666578808, 52.334591987722405 ], [ 4.939674619658191, 52.335607536745925 ], [ 4.94170555174188, 52.335532871920933 ], [ 4.94172113842704, 52.336406989023892 ], [ 4.942597008910131, 52.336521111662705 ], [ 4.943005823731439, 52.336574380314232 ], [ 4.943798341278953, 52.336712374356452 ], [ 4.943748316620519, 52.336740902759622 ], [ 4.949860180447958, 52.338528246187472 ], [ 4.950327179393764, 52.338637415840509 ], [ 4.950616711976389, 52.337936363053188 ], [ 4.950448399648268, 52.337772671171138 ], [ 4.948005534115013, 52.335003635706038 ], [ 4.946005995073103, 52.333767602417907 ], [ 4.948670962547821, 52.331713621624637 ], [ 4.948908201827201, 52.331525411763522 ], [ 4.942693554599652, 52.329334264614019 ], [ 4.94471619037003, 52.327129715212294 ], [ 4.941874970407941, 52.326152889466698 ], [ 4.940496551101742, 52.325677418564723 ], [ 4.939152257480637, 52.324666155143518 ], [ 4.93852894498542, 52.324197238045699 ], [ 4.937961028873451, 52.324122353165244 ], [ 4.937619078014081, 52.323299383298426 ], [ 4.939926935087574, 52.321936003063563 ], [ 4.941042846190137, 52.319619788729732 ], [ 4.940222254030746, 52.3193383767412 ], [ 4.940206760728755, 52.319333063052206 ], [ 4.939584777545594, 52.319119773693927 ], [ 4.940331467538098, 52.31830229984395 ], [ 4.939830360050848, 52.317119582419629 ], [ 4.938041578355857, 52.316505491127792 ], [ 4.938451938711191, 52.315654822240198 ], [ 4.938723883340369, 52.31509106555702 ], [ 4.937774191759595, 52.314764369435075 ], [ 4.935229039114858, 52.313888770482706 ], [ 4.936112289002342, 52.312580723372385 ], [ 4.934137647544055, 52.311903497588112 ], [ 4.930065153228696, 52.309339995942103 ], [ 4.930326194155234, 52.30918819208275 ], [ 4.929425684113949, 52.308627355427326 ], [ 4.929328206228049, 52.308532108301655 ], [ 4.929908731608506, 52.308103694467242 ], [ 4.929415628133778, 52.307828908435859 ], [ 4.930256242442575, 52.306429773705403 ], [ 4.939243435508426, 52.29693958036578 ], [ 4.943198325291891, 52.292356983104206 ], [ 4.953874046448225, 52.280030277162695 ], [ 4.95524052492509, 52.278304901733208 ], [ 4.953764917963497, 52.278029650525426 ], [ 4.946667500608783, 52.278991551220571 ], [ 4.942691519470023, 52.278183959986961 ], [ 4.933755076466348, 52.280895767410172 ], [ 4.928587193839562, 52.279611280472444 ], [ 4.926402677419892, 52.279709263188657 ], [ 4.925985695997225, 52.278078312725171 ], [ 4.92765493270485, 52.273808317497938 ], [ 4.926651425743649, 52.272444791300899 ], [ 4.92801465590284, 52.271742156005359 ], [ 4.92929998137112, 52.26995832238282 ], [ 4.929390510379888, 52.268353331696346 ], [ 4.924713629871095, 52.266937260458199 ], [ 4.923136703113481, 52.263023177133718 ], [ 4.918086870984259, 52.261665135746853 ], [ 4.918553556698897, 52.258586171888794 ], [ 4.917303282638893, 52.256817243496457 ], [ 4.910970247137064, 52.252682238819624 ], [ 4.908547054127416, 52.252682614619964 ], [ 4.902930740889363, 52.25318180583217 ], [ 4.898568544630832, 52.250932240878207 ], [ 4.891759482573247, 52.253267668585956 ], [ 4.887585668922624, 52.250989230449711 ], [ 4.88271883800424, 52.253711516209883 ], [ 4.877728871488566, 52.252816106065467 ], [ 4.873852938211026, 52.250742634015204 ], [ 4.872289667838331, 52.251182047744194 ], [ 4.870121266278465, 52.253282155192345 ], [ 4.868779158330591, 52.251698344891707 ], [ 4.86611332111365, 52.250988275455718 ], [ 4.860620840930349, 52.248216809073149 ], [ 4.85752171636411, 52.247723055705372 ], [ 4.856534921351903, 52.246275755985714 ], [ 4.85529095483691, 52.245555963166588 ], [ 4.854937885688049, 52.242145619318464 ], [ 4.852053258587674, 52.242013490172859 ], [ 4.851273142949737, 52.24189019873819 ], [ 4.85215655257544, 52.239641216855212 ], [ 4.850792127746058, 52.238606618203399 ], [ 4.847325731319702, 52.239781375838568 ], [ 4.845995130944479, 52.237657785662954 ], [ 4.842995897736945, 52.236789971511278 ], [ 4.842845250437879, 52.235347237657308 ], [ 4.839632618743961, 52.235391292347579 ], [ 4.828613597850272, 52.230593093869416 ], [ 4.822002626902075, 52.229194393652676 ], [ 4.817192775751912, 52.228324892183934 ], [ 4.814100010902115, 52.22716933084596 ], [ 4.808198259599457, 52.22711518609006 ], [ 4.80527504607667, 52.227974168901156 ], [ 4.801942560183223, 52.226922204550952 ], [ 4.794575697702013, 52.226730665167196 ], [ 4.784016716460862, 52.22873699643624 ], [ 4.780985629174887, 52.22874123571205 ], [ 4.778852766199806, 52.227960713617684 ], [ 4.776400158120775, 52.227372662840068 ], [ 4.774650279292411, 52.224582747033729 ], [ 4.762074487262455, 52.218130271164618 ], [ 4.759847855077979, 52.217586497170124 ], [ 4.753298505748658, 52.21746780239112 ], [ 4.750668836204473, 52.2157205516746 ], [ 4.747905506909775, 52.214851057283106 ], [ 4.743629882603779, 52.214792826267065 ], [ 4.734999509699931, 52.206766847885696 ], [ 4.732833640012577, 52.206972062804702 ], [ 4.728765997731066, 52.209818813286056 ], [ 4.729562530948015, 52.210271146872252 ], [ 4.724738951775617, 52.212583381175413 ], [ 4.724558784547825, 52.213222835294999 ], [ 4.723764399954997, 52.21657365211 ], [ 4.72330196035959, 52.216353865116197 ], [ 4.723649577217825, 52.218234968161056 ], [ 4.722896598410053, 52.220363905487567 ], [ 4.724154531319085, 52.232371333449542 ], [ 4.704428049314886, 52.233842061575857 ], [ 4.700243660765442, 52.233079440440065 ], [ 4.696244105624449, 52.232109272883555 ], [ 4.686210563840143, 52.226633459714591 ], [ 4.683632300972573, 52.22635403358111 ], [ 4.679975125695983, 52.226763108914732 ], [ 4.676699023394591, 52.225925520230589 ], [ 4.670348087144909, 52.230755785422708 ], [ 4.668345769519378, 52.22958041092776 ], [ 4.665847204407883, 52.227996411988421 ], [ 4.658473734545848, 52.226098282768639 ], [ 4.653853757701697, 52.224345665029546 ], [ 4.647177779394168, 52.221205878401065 ], [ 4.644022106930556, 52.220651173888726 ], [ 4.638574556212056, 52.218486622648065 ], [ 4.632634452711475, 52.216184274239573 ], [ 4.625845242926888, 52.215301316824338 ], [ 4.625844648571428, 52.215301246479989 ], [ 4.62248379787611, 52.214922744125516 ], [ 4.618437147720568, 52.21447576921382 ], [ 4.602761585132805, 52.214558269113454 ], [ 4.598180765778404, 52.215545173726106 ], [ 4.583553195091426, 52.218874205889172 ], [ 4.573756956607362, 52.217257214605482 ], [ 4.572202191667555, 52.216999103067707 ], [ 4.558433146166438, 52.218798537598616 ], [ 4.556615361820582, 52.219273046261058 ], [ 4.553933983188353, 52.22220541854054 ], [ 4.55047036189576, 52.226744715954126 ], [ 4.553624982871213, 52.230932974593635 ], [ 4.555611692671009, 52.232017330456586 ], [ 4.555618978621389, 52.232018799192481 ], [ 4.560783683480807, 52.23305996786052 ], [ 4.562272647677873, 52.233843442505609 ], [ 4.56292120371899, 52.234723159778888 ], [ 4.564183737818655, 52.23862875755546 ], [ 4.565052662198637, 52.241423544989061 ], [ 4.565347726581195, 52.242347845003103 ], [ 4.566209167606861, 52.245013543855286 ], [ 4.567832079383025, 52.250747328514464 ], [ 4.568763657160266, 52.255670946163598 ], [ 4.569537572823251, 52.25986023145159 ], [ 4.568448632203926, 52.264705490743168 ], [ 4.568252630467208, 52.265551774708186 ], [ 4.56803834133811, 52.266517394791293 ], [ 4.568335793946374, 52.268553385737221 ], [ 4.572749034624725, 52.271240018756409 ], [ 4.577122320471025, 52.273802569433052 ], [ 4.577191351849016, 52.273843009125429 ], [ 4.584143946654533, 52.277915325240365 ], [ 4.584874290992585, 52.278332612535571 ], [ 4.588207152152533, 52.28023236940637 ], [ 4.588872361380153, 52.281107940478869 ], [ 4.589536309614496, 52.282478702111462 ], [ 4.591336994399368, 52.285957994142969 ], [ 4.593737781778294, 52.28870085805287 ], [ 4.595596001275878, 52.290798615390479 ], [ 4.596358650978737, 52.291843123151899 ], [ 4.596476542232974, 52.294445727127794 ], [ 4.598243926613805, 52.297735799710779 ], [ 4.599828295816091, 52.29986983083473 ], [ 4.602332997382585, 52.303243020572339 ], [ 4.604737836178874, 52.306278915458719 ], [ 4.610264168221247, 52.310879384010569 ], [ 4.611533101159008, 52.312240089860893 ], [ 4.611676039331039, 52.313559912559569 ], [ 4.611530211791081, 52.31833491342033 ], [ 4.611383864514891, 52.322204579917745 ], [ 4.611385954271052, 52.322250540344797 ], [ 4.611661876539924, 52.325419850103309 ], [ 4.613467192096652, 52.328064465213735 ], [ 4.616564207532731, 52.331473401894193 ], [ 4.620101204428209, 52.33371862526203 ], [ 4.630584296438668, 52.337534310025298 ], [ 4.639648016735245, 52.338906077250776 ], [ 4.647628485663095, 52.340068799969394 ], [ 4.651657714114083, 52.341559697318502 ], [ 4.656411940640773, 52.343639028903013 ], [ 4.659232660755269, 52.344868314168096 ], [ 4.660815479389023, 52.345537778622166 ], [ 4.671482559070538, 52.350146861837729 ], [ 4.675633457780727, 52.352879386356101 ], [ 4.676467083321374, 52.356180806623222 ], [ 4.67524450311907, 52.359468818629082 ], [ 4.672091877887725, 52.368157925836933 ], [ 4.671377765991565, 52.37037424350698 ], [ 4.671377047559273, 52.370380363500061 ], [ 4.67271451158954, 52.37422473589772 ], [ 4.677383486474714, 52.377088112156805 ], [ 4.685995668229779, 52.38351769829373 ], [ 4.685970719324781, 52.384017858487198 ], [ 4.686921136152221, 52.387443702790236 ], [ 4.682595867889471, 52.388216084780282 ], [ 4.681440052670911, 52.389915872499522 ], [ 4.681190361427211, 52.390286662760907 ], [ 4.677716261003498, 52.389737567705687 ], [ 4.674541523031964, 52.390911244638858 ], [ 4.673457871573787, 52.394067320683689 ], [ 4.67563038875064, 52.397249302582203 ], [ 4.678570277301848, 52.398514734427039 ], [ 4.678685685276792, 52.399477453605442 ], [ 4.668664576451366, 52.401399401634826 ], [ 4.668816209599972, 52.40416279866551 ], [ 4.674379436007776, 52.406469316558464 ], [ 4.671962342328278, 52.409447074269941 ], [ 4.675507043366377, 52.409625235186745 ], [ 4.681130564561326, 52.412317050947777 ], [ 4.682476168597433, 52.41384869956002 ], [ 4.691485972296197, 52.418813968134018 ], [ 4.700537223401517, 52.425512917514887 ], [ 4.710654980250923, 52.427692753736423 ], [ 4.721983094012953, 52.433336168527894 ], [ 4.739208095839959, 52.431063829712741 ], [ 4.738566771930667, 52.429222712415886 ], [ 4.728758927718658, 52.400711347850205 ], [ 4.757481994197906, 52.396882778120506 ], [ 4.757857528938573, 52.396587441198591 ] ] ] ] } },
{ "type": "Feature", "properties": { "fid": 2, "ck_zk": "ZK02", "jrstatcode": "2025ZK02", "statnaam": "Amsterdam", "rubriek": "zorgkantoorregio", "id": 2 }, "geometry": { "type": "MultiPolygon", "coordinates": [ [ [ [ 5.007527898346776, 52.34441957273377 ], [ 5.005133541913501, 52.344170850447028 ], [ 4.999399478723678, 52.346255365226085 ], [ 4.998338210738123, 52.34846177615934 ], [ 5.004965343724879, 52.346143537989128 ], [ 5.007527898346776, 52.34441957273377 ] ] ], [ [ [ 5.012750964098681, 52.367293698174755 ], [ 5.001996502575, 52.366279819998752 ], [ 5.001553216365052, 52.366822767859944 ], [ 5.014526311470921, 52.36797137619515 ], [ 5.012750964098681, 52.367293698174755 ] ] ], [ [ [ 5.014471324946962, 52.371757596178611 ], [ 5.014067327298834, 52.371658461866915 ], [ 5.013219622494178, 52.371669128070018 ], [ 5.012540044926884, 52.372390374995739 ], [ 5.012976629342612, 52.373000168819978 ], [ 5.013235843326756, 52.373088689139529 ], [ 5.014563964467419, 52.372956534169866 ], [ 5.01478721698721, 52.372615534289402 ], [ 5.014471324946962, 52.371757596178611 ] ] ], [ [ [ 4.753205162035452, 52.429240907298784 ], [ 4.764756096514065, 52.427777604203065 ], [ 4.767537879892973, 52.428498103423316 ], [ 4.783480370257104, 52.426413367574362 ], [ 4.809939556831807, 52.423024178898274 ], [ 4.826606644425155, 52.420920992690967 ], [ 4.827723667488576, 52.420784077471566 ], [ 4.842637945190249, 52.41879852377425 ], [ 4.856078010842785, 52.416662167305766 ], [ 4.859857713138124, 52.420473696107862 ], [ 4.85782934829363, 52.423983968297108 ], [ 4.857947578561188, 52.424717105454299 ], [ 4.862211192819981, 52.428562166893194 ], [ 4.862702089645119, 52.429599283237295 ], [ 4.862805016717144, 52.429622567279701 ], [ 4.862677453449354, 52.429941314966214 ], [ 4.864187140795075, 52.430264189545035 ], [ 4.864206451369951, 52.430374579814881 ], [ 4.865013751309488, 52.430549263925087 ], [ 4.865257034284414, 52.430543352240221 ], [ 4.865970480499965, 52.430678664090799 ], [ 4.869544122584981, 52.429846453628144 ], [ 4.871461580593695, 52.43010128088774 ], [ 4.873206518454473, 52.429549195653635 ], [ 4.873621522437111, 52.428464794719126 ], [ 4.876573547526911, 52.426227923438745 ], [ 4.878993457593912, 52.42569632751583 ], [ 4.881647707187828, 52.425664140004926 ], [ 4.886862192382404, 52.42556236026843 ], [ 4.887684461887339, 52.425585496698119 ], [ 4.888142627920335, 52.425618067617066 ], [ 4.892683269145705, 52.425423680845135 ], [ 4.898739713829391, 52.424461339719869 ], [ 4.898741017515518, 52.424489763914202 ], [ 4.905691512026024, 52.422129882719865 ], [ 4.907453129612459, 52.421256643714237 ], [ 4.908074156981383, 52.421102096057055 ], [ 4.907962199779475, 52.420873681571869 ], [ 4.908676809874248, 52.42071504415582 ], [ 4.90966031508941, 52.420249258066747 ], [ 4.914300657840509, 52.418496927393704 ], [ 4.915662695432131, 52.418570582085628 ], [ 4.920450314456986, 52.416607032257382 ], [ 4.922745728164024, 52.415529684260804 ], [ 4.930715883222069, 52.411607581431028 ], [ 4.935142300900965, 52.412039771324316 ], [ 4.942646796749211, 52.413859980032449 ], [ 4.944779878900251, 52.415018179294812 ], [ 4.947788574187965, 52.421562241119368 ], [ 4.948807164202123, 52.421464346099214 ], [ 4.949682840859511, 52.421983544405478 ], [ 4.951481365915672, 52.421929744670614 ], [ 4.951722006837267, 52.42250701737678 ], [ 4.951340219009839, 52.423228515662672 ], [ 4.952329179296735, 52.423523571200889 ], [ 4.953559214081649, 52.422256632242906 ], [ 4.95577711075209, 52.422431932306374 ], [ 4.956005271251374, 52.421960338547827 ], [ 4.97331980850478, 52.422797334167541 ], [ 4.976238280448379, 52.424025997537633 ], [ 4.982636419509616, 52.42676229238878 ], [ 4.987101491899271, 52.422841697875491 ], [ 4.989100177556863, 52.423306506872137 ], [ 4.990405559595295, 52.424518300687772 ], [ 4.990488970827532, 52.425429873541681 ], [ 4.995578076168862, 52.425471227338825 ], [ 5.000292804985572, 52.425406731593505 ], [ 5.018205109216432, 52.419059549432724 ], [ 5.021145753302403, 52.421054819968575 ], [ 5.028357307577804, 52.41941642512186 ], [ 5.029727793544366, 52.417706820172697 ], [ 5.030044791778661, 52.415643495791514 ], [ 5.032934205615081, 52.416462847539023 ], [ 5.035238072280898, 52.418250990847476 ], [ 5.040109138979139, 52.417307253930375 ], [ 5.049177133423939, 52.415129272548867 ], [ 5.065412546012646, 52.417239447837908 ], [ 5.068263524147653, 52.416558099575596 ], [ 5.067269666151094, 52.413422115203929 ], [ 5.057634074253329, 52.414816446582911 ], [ 5.052210515118377, 52.413180990258425 ], [ 5.046254684436541, 52.406733339636084 ], [ 5.037478352081544, 52.404251995818932 ], [ 5.031311742205155, 52.400682545655371 ], [ 5.029308171376162, 52.398498065768678 ], [ 5.024878193350435, 52.387947741468935 ], [ 5.018937412467449, 52.38650253720661 ], [ 5.017485133779696, 52.384529370784009 ], [ 5.016163051773589, 52.384240975074022 ], [ 5.01419960545884, 52.384572540408733 ], [ 5.012973019424946, 52.384239416785697 ], [ 5.013070252641572, 52.38347958381938 ], [ 5.010852214189084, 52.383061405888903 ], [ 5.01123333797824, 52.382160396786212 ], [ 5.013000098707082, 52.382318370103917 ], [ 5.013498091293831, 52.381834152123446 ], [ 5.013567321880674, 52.378679325137604 ], [ 5.011681383785601, 52.373632410954315 ], [ 5.008483356787473, 52.372571580459159 ], [ 5.001330663024285, 52.375225169224088 ], [ 4.999925965913167, 52.378309886293991 ], [ 4.998731118343066, 52.378717582696922 ], [ 4.994102615557806, 52.377621840219035 ], [ 4.993574834389679, 52.378301188908814 ], [ 4.998019383614468, 52.379493892937397 ], [ 4.998103103703959, 52.379410796873195 ], [ 4.998431396552696, 52.379505372544529 ], [ 4.998284253296754, 52.379794902606314 ], [ 4.99188248777913, 52.377990533563413 ], [ 4.991332774811633, 52.377750620812265 ], [ 4.991713607015444, 52.37744973122664 ], [ 4.991781954970911, 52.377253909204242 ], [ 4.991759629747718, 52.377200677214873 ], [ 4.99142174922359, 52.377212544626573 ], [ 4.98966396508315, 52.377597271885527 ], [ 4.98376505497736, 52.374032842041977 ], [ 4.981649383922235, 52.373462589654999 ], [ 4.980147435450839, 52.373700468876507 ], [ 4.978500648128832, 52.375765607154918 ], [ 4.974616526510963, 52.378955049446553 ], [ 4.973966032728947, 52.379442124946301 ], [ 4.974119028233929, 52.378733581415077 ], [ 4.974358122319973, 52.374113712896836 ], [ 4.974072019506471, 52.371936994841874 ], [ 4.980317744863184, 52.369049643238235 ], [ 4.978728484338469, 52.368732334331547 ], [ 4.973663293174273, 52.368572820848961 ], [ 4.973287652579589, 52.36756142862243 ], [ 4.97685742818088, 52.365266332221694 ], [ 4.980918429559805, 52.363297916084001 ], [ 4.983553969590885, 52.364385627971984 ], [ 4.983516316320746, 52.364725080020136 ], [ 4.98386364606496, 52.364751279126004 ], [ 4.983926706096501, 52.364539450418334 ], [ 4.984739942135141, 52.364875052681818 ], [ 4.98422442371493, 52.365217933376449 ], [ 4.984691515974735, 52.365672910742006 ], [ 4.990776726730616, 52.36377110677298 ], [ 4.990624827080258, 52.363650692639737 ], [ 4.990239453548003, 52.36378715976609 ], [ 4.989081703066937, 52.362964665194148 ], [ 4.989393764003009, 52.362790582969012 ], [ 4.986610020035241, 52.360816721492348 ], [ 4.985801870386863, 52.361238919122187 ], [ 4.985398253935337, 52.360916982833793 ], [ 4.986296500165015, 52.360429185497345 ], [ 4.986172278746873, 52.36031868007413 ], [ 4.986628269209108, 52.360083428928199 ], [ 4.987084466354591, 52.359862001576097 ], [ 4.987391589129436, 52.359965136498872 ], [ 4.987698265488272, 52.359785850103634 ], [ 4.99207765164407, 52.361657992616948 ], [ 4.997146489892442, 52.359364454572486 ], [ 5.005757789044793, 52.354810691944223 ], [ 5.006133762431134, 52.355057044476695 ], [ 5.006587498258345, 52.35481900129782 ], [ 5.006243578209967, 52.354553753387712 ], [ 5.009517160901514, 52.353255262982934 ], [ 5.013553826124788, 52.35454516898789 ], [ 5.013781440561885, 52.355125401883413 ], [ 5.014034211842203, 52.35517851439382 ], [ 5.014404570149875, 52.354816995175369 ], [ 5.015249381046852, 52.355086916345897 ], [ 5.019822226483343, 52.356325646269198 ], [ 5.020420004842472, 52.356471673708015 ], [ 5.020509453744875, 52.356097188208722 ], [ 5.021126512480832, 52.355467746148783 ], [ 5.021252636991802, 52.354101734436149 ], [ 5.020596911293905, 52.353868549799238 ], [ 5.018259301220165, 52.353781950840784 ], [ 5.017180252155515, 52.35400910624989 ], [ 5.016502365146445, 52.353675156808507 ], [ 5.019103375085628, 52.350381986174867 ], [ 5.018807895245372, 52.349885781773494 ], [ 5.015148173653813, 52.348611826476997 ], [ 5.015512527628741, 52.347950308759103 ], [ 5.015148744688691, 52.347828510677957 ], [ 5.015294675710575, 52.347633637087363 ], [ 5.016751125586119, 52.34589910643426 ], [ 5.019049633601964, 52.347877508130757 ], [ 5.023653668652926, 52.348024181899824 ], [ 5.026860565209266, 52.348772323849232 ], [ 5.034943786373409, 52.344529325371241 ], [ 5.033996644634612, 52.340638833862251 ], [ 5.026188574587731, 52.338062751069522 ], [ 5.026138626310833, 52.337490723720485 ], [ 5.02741676296822, 52.337832973374404 ], [ 5.027486445218185, 52.337719079101404 ], [ 5.025343573555785, 52.337049010739854 ], [ 5.018462551026608, 52.334074428595684 ], [ 5.014992314308908, 52.331776460099498 ], [ 5.014450117039145, 52.331431318398252 ], [ 5.012793853433807, 52.330207424063452 ], [ 5.016133679578445, 52.324512121649747 ], [ 5.016653253607835, 52.322986895907377 ], [ 5.017932845893998, 52.323192338207868 ], [ 5.018424004815159, 52.324338906972528 ], [ 5.017273290575492, 52.33018671111445 ], [ 5.021587363576097, 52.330862333285296 ], [ 5.028952847757568, 52.330769655021044 ], [ 5.039794730825712, 52.32902691492432 ], [ 5.043952290589877, 52.327960188970103 ], [ 5.044801360776557, 52.327473231750602 ], [ 5.044395028764473, 52.32714885717126 ], [ 5.045594794516783, 52.326767787261758 ], [ 5.049066403512274, 52.3269916025247 ], [ 5.058211049068097, 52.324816881263025 ], [ 5.061513566027878, 52.32367471757081 ], [ 5.061108700203338, 52.322105506902489 ], [ 5.061519118618724, 52.321800695325237 ], [ 5.060125868949205, 52.321071498674243 ], [ 5.056741791050078, 52.319599434482456 ], [ 5.05909286284176, 52.317052313103318 ], [ 5.058034855056381, 52.316683259425474 ], [ 5.058340030709305, 52.316317291901726 ], [ 5.062536173000015, 52.317642022903918 ], [ 5.063298171667404, 52.318210544561069 ], [ 5.065259455980709, 52.319181519922516 ], [ 5.06572087746508, 52.320481616671479 ], [ 5.064686905836961, 52.322005933848146 ], [ 5.069325673857213, 52.321676241820832 ], [ 5.075393751289575, 52.319145205720318 ], [ 5.091653149908785, 52.314643949110945 ], [ 5.093076658405978, 52.314150286614286 ], [ 5.092106899148019, 52.313023337483457 ], [ 5.094618645234988, 52.312426355303671 ], [ 5.100566918376804, 52.310296400368756 ], [ 5.096482747496969, 52.307292595885329 ], [ 5.095771002367263, 52.303761748619088 ], [ 5.096793692691504, 52.300436661221404 ], [ 5.098943531111088, 52.298696625613644 ], [ 5.101971819684586, 52.297804194103833 ], [ 5.106266326915499, 52.298336056601478 ], [ 5.10767436076005, 52.297291610096089 ], [ 5.106065060379813, 52.29466848868185 ], [ 5.102918680347972, 52.29446770528974 ], [ 5.099353981602083, 52.292803504604322 ], [ 5.09847354166339, 52.291636150273639 ], [ 5.098714997441801, 52.290573703524686 ], [ 5.104646015309711, 52.285384664830715 ], [ 5.104298008702268, 52.28325521528793 ], [ 5.102816374449492, 52.282383551170312 ], [ 5.102087730569409, 52.281703723414026 ], [ 5.10206580657742, 52.279890836735582 ], [ 5.087704173164079, 52.281684925197624 ], [ 5.084615517147124, 52.279407504610802 ], [ 5.077081952593318, 52.277976609132836 ], [ 5.06487595987539, 52.278265340932698 ], [ 5.0638125343283, 52.278577067660969 ], [ 5.06532548811819, 52.279659343819134 ], [ 5.063885585612035, 52.279975659609228 ], [ 5.064412425143185, 52.280737600508765 ], [ 5.065858514844543, 52.280537327445479 ], [ 5.065863351754013, 52.281139880868892 ], [ 5.065471486614254, 52.285198157139021 ], [ 5.064791874263108, 52.285080543725357 ], [ 5.063425822102571, 52.287055111509567 ], [ 5.059540299286015, 52.289320133136577 ], [ 5.052738048042331, 52.286508238498577 ], [ 5.050420246005387, 52.287862682239215 ], [ 5.04277865748143, 52.282488139333573 ], [ 5.040742248446493, 52.283875028731572 ], [ 5.039521331519451, 52.283263304484528 ], [ 5.033212457394684, 52.286258104354353 ], [ 5.030528417835409, 52.288487181288033 ], [ 5.024381632669321, 52.281357446748565 ], [ 5.022826485026242, 52.282150431189478 ], [ 5.021867208979982, 52.28265326889607 ], [ 5.021543196394508, 52.302456850009563 ], [ 5.017702341017639, 52.302715485021594 ], [ 5.016174189744445, 52.303142880267963 ], [ 5.014264586891831, 52.303676920483241 ], [ 5.0127197251639, 52.303584137630494 ], [ 5.007951944591508, 52.301548559025747 ], [ 5.005264794834356, 52.298392833050066 ], [ 5.003765109680504, 52.298340489386995 ], [ 5.003245726220425, 52.296396301652585 ], [ 5.003239953520095, 52.296017931266917 ], [ 5.001851253794966, 52.295878770590974 ], [ 5.001757890366825, 52.292772555732945 ], [ 4.997475367290456, 52.289118354964096 ], [ 4.98350589065718, 52.29036813665715 ], [ 4.971851016279127, 52.284368324088781 ], [ 4.971839480589079, 52.28436069784707 ], [ 4.970372253719774, 52.283487419026571 ], [ 4.967576494829886, 52.279561637085614 ], [ 4.965801830678279, 52.280648879456002 ], [ 4.96263236520146, 52.280291329814304 ], [ 4.961053634284887, 52.278174201078421 ], [ 4.956571503126153, 52.278665651061054 ], [ 4.95524052492509, 52.278304901733208 ], [ 4.953874046448225, 52.280030277162695 ], [ 4.943198325291891, 52.292356983104206 ], [ 4.939243435508426, 52.29693958036578 ], [ 4.930256242442575, 52.306429773705403 ], [ 4.929415628133778, 52.307828908435859 ], [ 4.929908731608506, 52.308103694467242 ], [ 4.929328206228049, 52.308532108301655 ], [ 4.929425684113949, 52.308627355427326 ], [ 4.930326194155234, 52.30918819208275 ], [ 4.930065153228696, 52.309339995942103 ], [ 4.934137647544055, 52.311903497588112 ], [ 4.936112289002342, 52.312580723372385 ], [ 4.935229039114858, 52.313888770482706 ], [ 4.937774191759595, 52.314764369435075 ], [ 4.938723883340369, 52.31509106555702 ], [ 4.938451938711191, 52.315654822240198 ], [ 4.938041578355857, 52.316505491127792 ], [ 4.939830360050848, 52.317119582419629 ], [ 4.940331467538098, 52.31830229984395 ], [ 4.939584777545594, 52.319119773693927 ], [ 4.940206760728755, 52.319333063052206 ], [ 4.940222254030746, 52.3193383767412 ], [ 4.941042846190137, 52.319619788729732 ], [ 4.939926935087574, 52.321936003063563 ], [ 4.937619078014081, 52.323299383298426 ], [ 4.937961028873451, 52.324122353165244 ], [ 4.93852894498542, 52.324197238045699 ], [ 4.939152257480637, 52.324666155143518 ], [ 4.940496551101742, 52.325677418564723 ], [ 4.941874970407941, 52.326152889466698 ], [ 4.94471619037003, 52.327129715212294 ], [ 4.942693554599652, 52.329334264614019 ], [ 4.948908201827201, 52.331525411763522 ], [ 4.948670962547821, 52.331713621624637 ], [ 4.946005995073103, 52.333767602417907 ], [ 4.948005534115013, 52.335003635706038 ], [ 4.950448399648268, 52.337772671171138 ], [ 4.950616711976389, 52.337936363053188 ], [ 4.950327179393764, 52.338637415840509 ], [ 4.949860180447958, 52.338528246187472 ], [ 4.943748316620519, 52.336740902759622 ], [ 4.943798341278953, 52.336712374356452 ], [ 4.943005823731439, 52.336574380314232 ], [ 4.942597008910131, 52.336521111662705 ], [ 4.94172113842704, 52.336406989023892 ], [ 4.94170555174188, 52.335532871920933 ], [ 4.939674619658191, 52.335607536745925 ], [ 4.936511666578808, 52.334591987722405 ], [ 4.935623714352039, 52.33551395462684 ], [ 4.93422065708885, 52.335496009452228 ], [ 4.928493321245682, 52.336554814962177 ], [ 4.926769954724728, 52.335964583378065 ], [ 4.926942028139066, 52.335776590775303 ], [ 4.925773358351701, 52.335372722620619 ], [ 4.925362692447881, 52.335381382847174 ], [ 4.924946086263681, 52.335382795882708 ], [ 4.92376528381492, 52.335442673660708 ], [ 4.922550463451023, 52.333084195144338 ], [ 4.917483255489199, 52.3315365235526 ], [ 4.912931719027509, 52.330510414044511 ], [ 4.913265554556619, 52.328400954807925 ], [ 4.913265573425464, 52.32840083624486 ], [ 4.913592503871528, 52.326333114755478 ], [ 4.913881305865073, 52.324551535925828 ], [ 4.911100177790005, 52.324097998687861 ], [ 4.910334168535709, 52.323566324115689 ], [ 4.911343357278533, 52.322884124913408 ], [ 4.910807066523139, 52.321883027982366 ], [ 4.914281497678227, 52.320407978207257 ], [ 4.912375605882284, 52.318248010666579 ], [ 4.909135282198676, 52.318253197189762 ], [ 4.907840547490866, 52.319504847459008 ], [ 4.902532361172976, 52.321324352471819 ], [ 4.898280592483931, 52.321643972453991 ], [ 4.896291648544251, 52.322419858719911 ], [ 4.895158415854063, 52.322406361083573 ], [ 4.894915617482778, 52.322421106669267 ], [ 4.893008304192064, 52.322369519288955 ], [ 4.88217695630982, 52.322164032403904 ], [ 4.878117553041232, 52.322092233936864 ], [ 4.878107290648789, 52.322092052263805 ], [ 4.869354899088014, 52.321936671686572 ], [ 4.869143670074237, 52.321932873520794 ], [ 4.869142121476704, 52.321932846966448 ], [ 4.861485554878119, 52.321802655760791 ], [ 4.857641495178981, 52.321736374270309 ], [ 4.857600177270324, 52.321421720714405 ], [ 4.856754885812502, 52.321413287007431 ], [ 4.856466458079651, 52.321764864331691 ], [ 4.856334378650732, 52.321762186561287 ], [ 4.856391048045674, 52.324930343383258 ], [ 4.856523462126959, 52.329413973822028 ], [ 4.855942518233712, 52.330255224948203 ], [ 4.847987510837671, 52.330566870651332 ], [ 4.847623555578303, 52.330071268264447 ], [ 4.845111999632595, 52.329734671987609 ], [ 4.843960963173235, 52.330218482848657 ], [ 4.840475702807916, 52.329576347459259 ], [ 4.839476484221424, 52.3291456944673 ], [ 4.839405274498018, 52.327359358792179 ], [ 4.825178804565392, 52.325731017064022 ], [ 4.818752570685462, 52.325560258050245 ], [ 4.817121529919699, 52.326925114873504 ], [ 4.816404061425941, 52.327405811667973 ], [ 4.803048223617205, 52.333032733962561 ], [ 4.798797054290201, 52.334800166417132 ], [ 4.798216200340278, 52.335041692743829 ], [ 4.797326231273601, 52.335596428841981 ], [ 4.79110214690345, 52.341500165868617 ], [ 4.780804640499835, 52.345846152730793 ], [ 4.773296498794065, 52.348921575114112 ], [ 4.767392727760315, 52.351268552681859 ], [ 4.755683817600715, 52.356150038324579 ], [ 4.754837140326306, 52.357907330440426 ], [ 4.755880854009667, 52.361807515701912 ], [ 4.757837069637199, 52.368718131885096 ], [ 4.75847450501653, 52.371093162216368 ], [ 4.75838039072545, 52.374015306063328 ], [ 4.756717878049016, 52.377837764741031 ], [ 4.757256451900491, 52.377978521086064 ], [ 4.759124707572624, 52.379329244058511 ], [ 4.759078003969829, 52.380940683271199 ], [ 4.7589526337936, 52.384117560943928 ], [ 4.758513427340989, 52.387193830715923 ], [ 4.758308255243052, 52.387895148301574 ], [ 4.75829847669632, 52.387948659895685 ], [ 4.757857528938573, 52.396587441198591 ], [ 4.757481994197906, 52.396882778120506 ], [ 4.728758927718658, 52.400711347850205 ], [ 4.738566771930667, 52.429222712415886 ], [ 4.739208095839959, 52.431063829712741 ], [ 4.750085392130022, 52.429636553462522 ], [ 4.753205162035452, 52.429240907298784 ] ], [ [ 4.961164968322538, 52.381802736506756 ], [ 4.96150353967713, 52.381653066551372 ], [ 4.961452856424523, 52.381605348652229 ], [ 4.961319749774096, 52.381662977949134 ], [ 4.961183035319441, 52.381563001881894 ], [ 4.961636569615719, 52.381346272913461 ], [ 4.961623211431587, 52.381318431486228 ], [ 4.96121998717869, 52.381485171387034 ], [ 4.961153458690777, 52.381414635124479 ], [ 4.961079725547145, 52.381333173570248 ], [ 4.9614048122771, 52.381167282983391 ], [ 4.961372635915395, 52.381151340030854 ], [ 4.9608825586415, 52.381354045133186 ], [ 4.960742159486696, 52.381234075722489 ], [ 4.960848467480067, 52.381184682153801 ], [ 4.960842351642325, 52.381157345751056 ], [ 4.960297306655178, 52.381389610458882 ], [ 4.960199398480859, 52.381310282054478 ], [ 4.960375441649139, 52.381233935587694 ], [ 4.959966031905731, 52.380968125166739 ], [ 4.959593176065368, 52.380932442138288 ], [ 4.95899220613587, 52.381068384913071 ], [ 4.958864787843082, 52.380958881377659 ], [ 4.959139015671801, 52.380842009664534 ], [ 4.958758227631684, 52.380608991973759 ], [ 4.961867534647614, 52.379783431965208 ], [ 4.961742898746355, 52.379609351694675 ], [ 4.95883541456391, 52.380377633178668 ], [ 4.958705662838692, 52.380162848563259 ], [ 4.961633026079103, 52.379387594477407 ], [ 4.961389197679064, 52.379057334684354 ], [ 4.961149182602878, 52.379127006584739 ], [ 4.961254030570829, 52.379284721709801 ], [ 4.95996526025128, 52.379643648083061 ], [ 4.959860561281598, 52.379469637729706 ], [ 4.964784345476655, 52.376839229326386 ], [ 4.972246997769131, 52.372917578730771 ], [ 4.973632473521439, 52.372176741580795 ], [ 4.97394061556053, 52.374335692554958 ], [ 4.973456203206108, 52.378371440510456 ], [ 4.972839420116618, 52.379825502313757 ], [ 4.969387606300083, 52.379267058150134 ], [ 4.968604326319492, 52.379320942188286 ], [ 4.963295604270722, 52.383585791099669 ], [ 4.961164968322538, 52.381802736506756 ] ], [ [ 4.958008863601843, 52.368426261653639 ], [ 4.958176752473335, 52.366867910833953 ], [ 4.95968753495607, 52.367142470293651 ], [ 4.959556426326011, 52.36646135961184 ], [ 4.958223066158238, 52.366169008495632 ], [ 4.958260098236768, 52.36601161820856 ], [ 4.958311988107953, 52.365806866295671 ], [ 4.961078246070326, 52.365992818038322 ], [ 4.962301659405665, 52.364700581409963 ], [ 4.962271156642618, 52.364201739871213 ], [ 4.961325802610489, 52.363682000558413 ], [ 4.968347129291788, 52.360954751912246 ], [ 4.969740858773223, 52.36352669425434 ], [ 4.970214004205427, 52.364884158834677 ], [ 4.968429053648978, 52.366733993758665 ], [ 4.969887632017083, 52.368214375366222 ], [ 4.96916030035582, 52.368617933949665 ], [ 4.962301558193126, 52.368566875875239 ], [ 4.958008863601843, 52.368426261653639 ] ], [ [ 4.970359632838271, 52.363276702484612 ], [ 4.968951556836466, 52.36085482547179 ], [ 4.974105866893161, 52.360685769008143 ], [ 4.974155880905519, 52.358049094012074 ], [ 4.975171065572886, 52.357213167736724 ], [ 4.984382818915731, 52.358111097047548 ], [ 4.98574403396608, 52.357626485112732 ], [ 4.985129248536786, 52.355371361351132 ], [ 4.99142904357156, 52.352423627994007 ], [ 4.994397070299205, 52.350030251209525 ], [ 4.995791996322911, 52.349810774430139 ], [ 4.996999553210646, 52.348694810622497 ], [ 4.99839566075266, 52.346346097027123 ], [ 5.002536688459513, 52.344115290960382 ], [ 5.005813919032277, 52.343555356802725 ], [ 5.010640454402249, 52.344101122362538 ], [ 5.012304376768135, 52.343846297513075 ], [ 5.012540388397208, 52.343940406315781 ], [ 5.013374337006896, 52.343762275308052 ], [ 5.014789736632131, 52.344569458836737 ], [ 5.015470801219487, 52.343690040552303 ], [ 5.015324736759053, 52.343261587559752 ], [ 5.015784938740587, 52.343161881381526 ], [ 5.016212908345641, 52.343738233072578 ], [ 5.016024365157172, 52.345273513368454 ], [ 5.016547080997493, 52.345723467400617 ], [ 5.015119073239992, 52.347433389535574 ], [ 5.014777985022262, 52.347840923375998 ], [ 5.014330156773573, 52.34780803777808 ], [ 5.014160431505788, 52.347564278129482 ], [ 5.014571151449182, 52.347069510523788 ], [ 5.009088547629691, 52.345036902165113 ], [ 5.003627508394251, 52.347808202226346 ], [ 4.998794735389946, 52.35079742422154 ], [ 4.999192885394976, 52.351077365464441 ], [ 4.999084763149543, 52.351135581107492 ], [ 4.999013989305575, 52.35117253741435 ], [ 4.997559453489957, 52.350306415009413 ], [ 4.991877423693478, 52.352881949045099 ], [ 4.989315829026079, 52.354717041728279 ], [ 4.990199891934337, 52.354930232742909 ], [ 4.986721477926674, 52.356639552096709 ], [ 4.986524453081143, 52.358003501147522 ], [ 4.9873700044619, 52.358164115288439 ], [ 4.989028693756441, 52.357300280080565 ], [ 4.989434581171881, 52.357376786955065 ], [ 4.989901587004044, 52.357129478933267 ], [ 4.990029317539798, 52.357214513096139 ], [ 4.988134315482381, 52.358240081260377 ], [ 4.988196610669156, 52.358640484923477 ], [ 4.986098684461526, 52.359793171767919 ], [ 4.984715578893459, 52.360327936469993 ], [ 4.980461413286146, 52.358565944264917 ], [ 4.979431180686745, 52.359478815371524 ], [ 4.979733983716641, 52.359640267450118 ], [ 4.978420368717314, 52.360822764191262 ], [ 4.977168648401469, 52.360314177989082 ], [ 4.976201988800034, 52.361087064659799 ], [ 4.975394288374525, 52.360770485285599 ], [ 4.974215607700555, 52.361830913359107 ], [ 4.977688391849283, 52.364261335561153 ], [ 4.976387044571605, 52.364995661231802 ], [ 4.97435704105657, 52.365811322408923 ], [ 4.971651040181079, 52.364898126973344 ], [ 4.970359632838271, 52.363276702484612 ] ] ] ] } },
{ "type": "Feature", "properties": { "fid": 3, "ck_zk": "ZK03", "jrstatcode": "2025ZK03", "statnaam": "Apeldoorn/Zutphen", "rubriek": "zorgkantoorregio", "id": 3 }, "geometry": { "type": "MultiPolygon", "coordinates": [ [ [ [ 6.092848172646546, 52.454806440586992 ], [ 6.094876886579504, 52.451863399532208 ], [ 6.100060383595274, 52.453973143209446 ], [ 6.103545928864001, 52.453963716689124 ], [ 6.101985938318848, 52.447799946877502 ], [ 6.102294635813016, 52.445771899025083 ], [ 6.105023646038435, 52.442586571067778 ], [ 6.109580016796527, 52.440530727870694 ], [ 6.114106681759369, 52.438006465096798 ], [ 6.119489293919116, 52.432925717223355 ], [ 6.116385032308631, 52.43019943026929 ], [ 6.118169119449726, 52.428436841511576 ], [ 6.118244866540685, 52.426643841892677 ], [ 6.113871943593512, 52.419853255861725 ], [ 6.113572497705246, 52.416905667184849 ], [ 6.114741104917125, 52.414255603627836 ], [ 6.110806828784857, 52.407812562152969 ], [ 6.114857081912373, 52.406985379295534 ], [ 6.116246638484041, 52.404875138480755 ], [ 6.119064762234602, 52.402641874563493 ], [ 6.123683203429971, 52.401916156943358 ], [ 6.125372282358525, 52.400177330564127 ], [ 6.127579239459068, 52.399617304414107 ], [ 6.130552716496672, 52.399977689045215 ], [ 6.12997056433021, 52.39860332111666 ], [ 6.12520844874622, 52.392627168392409 ], [ 6.126196644568187, 52.386065931775228 ], [ 6.125829977270933, 52.384058534268021 ], [ 6.123650405581344, 52.38131818503421 ], [ 6.120853832327386, 52.379541971568422 ], [ 6.113371072549623, 52.377208825733859 ], [ 6.095133368065179, 52.373841133416477 ], [ 6.082463304485398, 52.372069291549678 ], [ 6.079701213856353, 52.370664849550771 ], [ 6.078203163966864, 52.369046167114298 ], [ 6.077844927652806, 52.364297060272413 ], [ 6.08088202347077, 52.362036110467706 ], [ 6.088487343946803, 52.361145661298778 ], [ 6.090712860047002, 52.360444157238469 ], [ 6.093522059905471, 52.358671708483932 ], [ 6.094778511487268, 52.356931059677841 ], [ 6.087240503660913, 52.353889999047155 ], [ 6.078009883891522, 52.352426431416376 ], [ 6.078098925430134, 52.35175579261977 ], [ 6.076070119108163, 52.350570293943335 ], [ 6.076131209263119, 52.34566932632805 ], [ 6.075329971359418, 52.344555536456213 ], [ 6.076764144533402, 52.33865076005204 ], [ 6.075579567098647, 52.334741762430895 ], [ 6.074053475342871, 52.334523645648162 ], [ 6.075632414187174, 52.333300161589577 ], [ 6.074355607432586, 52.332555801943307 ], [ 6.07368063105663, 52.330569239498494 ], [ 6.052948022232782, 52.33090728595721 ], [ 6.052764089203391, 52.325952425144152 ], [ 6.051115077143064, 52.323698092149769 ], [ 6.046526183655332, 52.315649976289635 ], [ 6.037080405713614, 52.298893213408668 ], [ 6.034762658357159, 52.294795952458635 ], [ 6.034843162508269, 52.292465600092477 ], [ 6.040584997650399, 52.283222712765301 ], [ 6.043348444771002, 52.278726559009463 ], [ 6.043452461723375, 52.275604977025061 ], [ 6.04244477065891, 52.273669178770419 ], [ 6.04126389396901, 52.271657953166134 ], [ 6.042933283357883, 52.27004631912218 ], [ 6.043106202494402, 52.26892179620328 ], [ 6.040224951912433, 52.268180940955567 ], [ 6.036394656108858, 52.268530382757078 ], [ 6.034848713987116, 52.265517300438994 ], [ 6.037684360100976, 52.263606132244071 ], [ 6.03749347739665, 52.26092048765269 ], [ 6.036505692044429, 52.259489556304743 ], [ 6.035801681883514, 52.259513305549582 ], [ 6.035660898696201, 52.259309780983649 ], [ 6.035149233682923, 52.258314712671286 ], [ 6.034285548388906, 52.258097946672507 ], [ 6.031769389568031, 52.258550516584187 ], [ 6.031158838687659, 52.253103892263937 ], [ 6.028465758197934, 52.248657754179646 ], [ 6.024801558912491, 52.248936484043433 ], [ 6.027338256895811, 52.245813138757931 ], [ 6.028399305726555, 52.245387893316725 ], [ 6.027888696803561, 52.244860613486878 ], [ 6.02892726730643, 52.244390428069238 ], [ 6.026505714215332, 52.242904394449553 ], [ 6.02833142811803, 52.241679943420856 ], [ 6.028471822217859, 52.239043133412693 ], [ 6.032545253515944, 52.235590619905338 ], [ 6.034408507683136, 52.234305072066526 ], [ 6.03604174446011, 52.231917318014602 ], [ 6.03497286803569, 52.231390392990669 ], [ 6.033639681077656, 52.231514814175121 ], [ 6.0342394675138, 52.231345145475181 ], [ 6.034461536854131, 52.227785501384361 ], [ 6.033424531333754, 52.224079565934098 ], [ 6.035463963559445, 52.224481098889378 ], [ 6.040898977255109, 52.224133679744043 ], [ 6.042407766056562, 52.222470961348954 ], [ 6.046909209596206, 52.221367717700332 ], [ 6.04684428549138, 52.220386428952771 ], [ 6.048240655348667, 52.216424371200532 ], [ 6.047908006173972, 52.213004034565081 ], [ 6.050243832158674, 52.210019470262893 ], [ 6.053745724663353, 52.200874842121259 ], [ 6.05728532825802, 52.196659531193419 ], [ 6.058250901317552, 52.196171169512155 ], [ 6.05823823178356, 52.195934943557432 ], [ 6.056092737464672, 52.196055134906047 ], [ 6.053873810103225, 52.194999398600658 ], [ 6.053169416303023, 52.19261344709259 ], [ 6.051069607579107, 52.188751648556 ], [ 6.050973017896307, 52.187141426618055 ], [ 6.049389201932998, 52.185209813546251 ], [ 6.05012508264422, 52.183287566117635 ], [ 6.051636272763647, 52.182142384392336 ], [ 6.053806835955865, 52.18135206643489 ], [ 6.055344606428409, 52.179492769404952 ], [ 6.059794209232702, 52.17622074521055 ], [ 6.061354709155344, 52.173945471177262 ], [ 6.062453253482905, 52.171712992079001 ], [ 6.062656419927196, 52.171283089375216 ], [ 6.062863031919311, 52.170888373221288 ], [ 6.065634431140694, 52.165338023588831 ], [ 6.065806828116059, 52.164648450433873 ], [ 6.066422521644568, 52.161524104281952 ], [ 6.064256944460848, 52.157384657531324 ], [ 6.067383680694574, 52.153910539695211 ], [ 6.072669196697006, 52.150067266599031 ], [ 6.074725903460195, 52.14816252155817 ], [ 6.074369546183499, 52.1473009117583 ], [ 6.076067282802089, 52.143938074211817 ], [ 6.099424569513177, 52.150602749631247 ], [ 6.106133117540843, 52.152191095967687 ], [ 6.139520435376487, 52.158509200258536 ], [ 6.140337227490065, 52.158633442303575 ], [ 6.140815650834431, 52.158689190045656 ], [ 6.142279720229351, 52.158829686851242 ], [ 6.142486174682767, 52.15919469045452 ], [ 6.144135461036428, 52.159370497331828 ], [ 6.153578148740228, 52.159622289351425 ], [ 6.155018901811999, 52.16025850998254 ], [ 6.159816733725394, 52.161539591224354 ], [ 6.166993149295191, 52.161115249410294 ], [ 6.167215469312445, 52.162059436253529 ], [ 6.172587401131732, 52.161832902658709 ], [ 6.172576938052125, 52.161329107039606 ], [ 6.184678541215125, 52.161222572730537 ], [ 6.1867495143085, 52.164489998808953 ], [ 6.191513451744719, 52.167635915326471 ], [ 6.19279943387592, 52.169801272758804 ], [ 6.194362942206431, 52.174319900472327 ], [ 6.193621036765016, 52.176448600361326 ], [ 6.191544938170743, 52.17843976190413 ], [ 6.188912785242937, 52.179697873250127 ], [ 6.181141250099378, 52.181365512000092 ], [ 6.169533121150757, 52.189089528902258 ], [ 6.165399109175377, 52.189827233322227 ], [ 6.161437733164451, 52.189359002942254 ], [ 6.159033141102382, 52.190092295837495 ], [ 6.156350216941221, 52.19360089471477 ], [ 6.156354766535567, 52.197343172376023 ], [ 6.158203162022065, 52.199743115852669 ], [ 6.161430547783043, 52.20109355226959 ], [ 6.172119204577974, 52.201209991689758 ], [ 6.178365465731099, 52.203300946748911 ], [ 6.184037165766714, 52.204298242726402 ], [ 6.189597266580743, 52.207731593984455 ], [ 6.191050967010306, 52.210584926809773 ], [ 6.190717193227785, 52.214362929858801 ], [ 6.189254526576556, 52.217267541253023 ], [ 6.180817377951137, 52.223155759043117 ], [ 6.173975711725616, 52.225959451834235 ], [ 6.169682076186786, 52.229486167733434 ], [ 6.166268837707009, 52.231013772237098 ], [ 6.167341719118207, 52.231252492247748 ], [ 6.174214227539691, 52.232781328877202 ], [ 6.178384390510494, 52.23369849652849 ], [ 6.182530939976306, 52.23382502778346 ], [ 6.184974158517171, 52.23199117091324 ], [ 6.184836636343464, 52.231819922314727 ], [ 6.185990125713303, 52.231397472364392 ], [ 6.186044284118067, 52.231451960870722 ], [ 6.186856540302275, 52.230974996171341 ], [ 6.189135621400806, 52.229166511254469 ], [ 6.189447034222159, 52.22934336863829 ], [ 6.190140238663599, 52.229212938606729 ], [ 6.203110110559305, 52.229269222786179 ], [ 6.216948515734998, 52.226473646191089 ], [ 6.214515295754353, 52.231325237732776 ], [ 6.216480266498975, 52.231474716177061 ], [ 6.222479205737121, 52.228873226935342 ], [ 6.227766138415904, 52.229755090054695 ], [ 6.233920018898336, 52.229035419443093 ], [ 6.238451853130138, 52.227585584648757 ], [ 6.257294748831709, 52.227276217187139 ], [ 6.260835363413882, 52.229070970507458 ], [ 6.264718443763694, 52.227247808122371 ], [ 6.269400446443918, 52.226457389032568 ], [ 6.271290920265654, 52.226413631623835 ], [ 6.271007101961603, 52.227909964655275 ], [ 6.277235028428908, 52.227936169256651 ], [ 6.286333194131257, 52.230362024531956 ], [ 6.29170568811349, 52.230875206018084 ], [ 6.292829212313474, 52.230827227853233 ], [ 6.293035060811958, 52.2295124583503 ], [ 6.296951805920907, 52.229001219289202 ], [ 6.297942287326825, 52.225529829734612 ], [ 6.320429190856856, 52.22566908593469 ], [ 6.325434033916564, 52.226996635966586 ], [ 6.338708310456893, 52.227152863712853 ], [ 6.338056879224601, 52.23622294892035 ], [ 6.34922301635646, 52.240104817816167 ], [ 6.349651546646991, 52.2412412279511 ], [ 6.351761368385608, 52.241698239384441 ], [ 6.366851309466937, 52.241532139083041 ], [ 6.377348460142297, 52.24474994707689 ], [ 6.381851467515696, 52.246112806137582 ], [ 6.383410827445524, 52.244015806648896 ], [ 6.3859627215158, 52.243109265649565 ], [ 6.389863307871805, 52.242559183372244 ], [ 6.402618864400438, 52.243271709943791 ], [ 6.416422228279953, 52.242166351854735 ], [ 6.416395241612498, 52.239525150787941 ], [ 6.416807354524148, 52.237126338991899 ], [ 6.421974923832512, 52.232925750260868 ], [ 6.42934228186543, 52.223135801611008 ], [ 6.431573657612679, 52.221244234126708 ], [ 6.439967782771839, 52.217067151919004 ], [ 6.446310979561898, 52.212800916416441 ], [ 6.452745778180853, 52.206477188969565 ], [ 6.453491243327994, 52.204172458737411 ], [ 6.456133276765448, 52.201709227816359 ], [ 6.45728705923815, 52.200964656567955 ], [ 6.467118312341301, 52.20039534175605 ], [ 6.470269541998202, 52.199379789435561 ], [ 6.469464453868264, 52.198282032966908 ], [ 6.469998978379989, 52.192690467611847 ], [ 6.472699992490094, 52.189040469988385 ], [ 6.478356972029017, 52.183827236815269 ], [ 6.479031684028356, 52.182599595105678 ], [ 6.490646945014629, 52.179862976629565 ], [ 6.49240114007014, 52.177371863954001 ], [ 6.492221880746962, 52.176115612459 ], [ 6.494371805383818, 52.173196415568789 ], [ 6.492845869898656, 52.16943006502904 ], [ 6.487846365421266, 52.161193829041004 ], [ 6.483787986911383, 52.157199409779459 ], [ 6.461404340847371, 52.152143053156436 ], [ 6.462662389870966, 52.150601157017149 ], [ 6.466519419585322, 52.149639639808314 ], [ 6.466581728730691, 52.147336451725749 ], [ 6.469434609892031, 52.147475424189821 ], [ 6.470711100463976, 52.146406548006802 ], [ 6.470959069007593, 52.14401042301396 ], [ 6.481224347115252, 52.142478869121071 ], [ 6.481646688708074, 52.140914589959216 ], [ 6.484866945565957, 52.137275011525197 ], [ 6.488518329801672, 52.134242597164835 ], [ 6.487889558952293, 52.13243911048842 ], [ 6.486522149053334, 52.131875065737603 ], [ 6.488258866292592, 52.129980809596049 ], [ 6.488304685500533, 52.126902660592791 ], [ 6.491409544838788, 52.126142539891767 ], [ 6.492109452798583, 52.124004652998437 ], [ 6.489717072028502, 52.120641972250048 ], [ 6.491187738751647, 52.120035051083384 ], [ 6.489031557315356, 52.119298845514372 ], [ 6.487472846909658, 52.116328419463393 ], [ 6.48459297666152, 52.114495353346484 ], [ 6.481173826537257, 52.110290215808355 ], [ 6.48246887591327, 52.109060953919425 ], [ 6.482002483343294, 52.105922726076678 ], [ 6.480116344237232, 52.104658371810139 ], [ 6.478543635768141, 52.100689688768753 ], [ 6.476892281789064, 52.100421467802711 ], [ 6.472537927081786, 52.1021048819374 ], [ 6.472422889526078, 52.104063501834496 ], [ 6.47019433022859, 52.104290924519795 ], [ 6.470497860691834, 52.105852707744411 ], [ 6.46670426311179, 52.106606454467403 ], [ 6.461463506725624, 52.104026314382104 ], [ 6.460133099259784, 52.106738358361923 ], [ 6.455204914932255, 52.10798014759412 ], [ 6.452466355095423, 52.106905530046447 ], [ 6.451822447465271, 52.107303974294091 ], [ 6.444885068967358, 52.106196101416145 ], [ 6.44346119748804, 52.104771349609294 ], [ 6.439742272107557, 52.103132179014565 ], [ 6.437558663513509, 52.103742757700182 ], [ 6.423998570852531, 52.096907988193998 ], [ 6.418422294650441, 52.100438730045632 ], [ 6.391529654563398, 52.113050943967593 ], [ 6.396489461539771, 52.117148351021072 ], [ 6.398389379428459, 52.117647750674237 ], [ 6.391822331996108, 52.12372778550715 ], [ 6.395843274913926, 52.130832299419083 ], [ 6.392680634000248, 52.131493684517238 ], [ 6.38267792717388, 52.128548648680692 ], [ 6.383440364774999, 52.127261248107146 ], [ 6.379200863040735, 52.125894992889769 ], [ 6.377940067370342, 52.12715327608646 ], [ 6.369139267657054, 52.123969253550385 ], [ 6.36198348074678, 52.126669110632747 ], [ 6.357721570175844, 52.130299355479821 ], [ 6.357721049106952, 52.135526752486633 ], [ 6.328314368294357, 52.137712361675682 ], [ 6.31017587562142, 52.131558344331133 ], [ 6.296002494628361, 52.128274291571685 ], [ 6.282621703540875, 52.123518446018487 ], [ 6.27750009997163, 52.12168593221147 ], [ 6.27158994845056, 52.113041672432153 ], [ 6.269700897400834, 52.111609801759371 ], [ 6.266609756689333, 52.11182986349548 ], [ 6.258233318661099, 52.110272254252372 ], [ 6.244724078673751, 52.112613968849416 ], [ 6.242431737920396, 52.112530371951898 ], [ 6.2359214480267, 52.113716535649694 ], [ 6.235043401482647, 52.112800122531304 ], [ 6.233876978265826, 52.113125799235398 ], [ 6.231768464780724, 52.111150865860537 ], [ 6.232415980038951, 52.110747137877034 ], [ 6.226637732261689, 52.109409507299105 ], [ 6.225777824095645, 52.106851710608453 ], [ 6.222156029592317, 52.10672565874178 ], [ 6.224509697311122, 52.101862429054819 ], [ 6.224476415168679, 52.100199069807871 ], [ 6.22016299850333, 52.100326897810682 ], [ 6.219223118263366, 52.092549945409033 ], [ 6.221693892672395, 52.088774690735363 ], [ 6.220180786735795, 52.089578111030114 ], [ 6.219476081346058, 52.088733008317199 ], [ 6.21816185893666, 52.089592187124445 ], [ 6.218485675019505, 52.092729778250735 ], [ 6.217000113213243, 52.093115122198412 ], [ 6.216831585257303, 52.094433149740098 ], [ 6.219201415414042, 52.096308916133459 ], [ 6.217898865017434, 52.097881301781484 ], [ 6.215321183088727, 52.094885979274785 ], [ 6.210534264085144, 52.092451828599835 ], [ 6.206829532209604, 52.092420628877584 ], [ 6.203042957758731, 52.093588754386246 ], [ 6.199630446258788, 52.093790773431564 ], [ 6.1895745915604, 52.091308265079718 ], [ 6.178296722177967, 52.091297095374465 ], [ 6.175736303341073, 52.090297286753859 ], [ 6.17400715342236, 52.088539106794386 ], [ 6.17071917493876, 52.078903236437107 ], [ 6.167781577961954, 52.075942850541246 ], [ 6.162801661641616, 52.074092713889385 ], [ 6.153493966726574, 52.06896578624135 ], [ 6.147885253372708, 52.06468701309052 ], [ 6.139301035038159, 52.061211874470736 ], [ 6.137469230956889, 52.059181108403067 ], [ 6.135353494653411, 52.059734296514215 ], [ 6.136425058286306, 52.060392283439157 ], [ 6.135751054011035, 52.062058569717372 ], [ 6.13259225201423, 52.06185907446411 ], [ 6.1320828960815, 52.06275511467247 ], [ 6.128819596351642, 52.062798748757622 ], [ 6.128720428438562, 52.064277459859532 ], [ 6.122769324646426, 52.063229623981996 ], [ 6.119953019086708, 52.066761844989081 ], [ 6.120983930010226, 52.068594852261405 ], [ 6.115698771401894, 52.06823113298644 ], [ 6.115255439555737, 52.0691683234447 ], [ 6.114076928785043, 52.071482053911403 ], [ 6.110622957213363, 52.073973025177928 ], [ 6.103418823441005, 52.078138230348351 ], [ 6.098084088651237, 52.079166034017547 ], [ 6.085260896259785, 52.081566725432921 ], [ 6.085260417687286, 52.08156681545578 ], [ 6.084574750133998, 52.081696216369437 ], [ 6.081354771694019, 52.082296181666891 ], [ 6.080749207882352, 52.083833361967308 ], [ 6.077691346267385, 52.083526290545784 ], [ 6.077430163980368, 52.083619924531291 ], [ 6.077279374415067, 52.08384453618023 ], [ 6.077095215935984, 52.083883797249833 ], [ 6.076101965121785, 52.087498157125495 ], [ 6.068062824813166, 52.08824408710565 ], [ 6.067840280778, 52.088227233822728 ], [ 6.067665753756184, 52.088210497357821 ], [ 6.061769225370062, 52.086494690792591 ], [ 6.059233633731708, 52.085575240578812 ], [ 6.04360939832715, 52.078662287258012 ], [ 6.028025955444813, 52.069020037939318 ], [ 6.023737819719279, 52.067282450423448 ], [ 6.009643484799992, 52.066001771902172 ], [ 6.006084877052059, 52.066348932723784 ], [ 6.008987361662876, 52.071663147404166 ], [ 6.00884860071436, 52.07401418894942 ], [ 5.990479828993614, 52.079164178616075 ], [ 5.977042777760792, 52.078309690743765 ], [ 5.96464594957355, 52.07632221518741 ], [ 5.955930934684606, 52.073338550858381 ], [ 5.946102762638743, 52.077890530037294 ], [ 5.948215164721406, 52.090833832839671 ], [ 5.951462983574044, 52.099892968463678 ], [ 5.946184516961569, 52.099299730917238 ], [ 5.927262683026022, 52.10026555491563 ], [ 5.911470044900228, 52.100309532891906 ], [ 5.900104016053991, 52.103784692036875 ], [ 5.893785549400683, 52.104775333122738 ], [ 5.883449226341566, 52.106342154894179 ], [ 5.876268642394949, 52.11446092594845 ], [ 5.874177874075754, 52.116676410754309 ], [ 5.864761898673804, 52.125544267356076 ], [ 5.86435266256585, 52.12699316187927 ], [ 5.864209435389571, 52.127556496763049 ], [ 5.862318549091528, 52.134788021395835 ], [ 5.861138337664171, 52.145261174361032 ], [ 5.859545359497646, 52.148749440485147 ], [ 5.845761281705641, 52.151609496534078 ], [ 5.809843139787749, 52.151414717165295 ], [ 5.80964644818657, 52.166691788848574 ], [ 5.801959077793385, 52.177363792589524 ], [ 5.811932329665303, 52.184878218258859 ], [ 5.79965717137997, 52.194651797225582 ], [ 5.796260206690072, 52.196340148472864 ], [ 5.79202534890851, 52.196986518195132 ], [ 5.750584685576007, 52.193730653205989 ], [ 5.741074691225757, 52.201879352661258 ], [ 5.730764536118621, 52.208599244773986 ], [ 5.72859381665297, 52.215547418311331 ], [ 5.727435343736686, 52.219298286169511 ], [ 5.741673354647565, 52.21988158194597 ], [ 5.743028772941623, 52.223490017453031 ], [ 5.738213748850901, 52.231578693976218 ], [ 5.733358797251491, 52.231772572165646 ], [ 5.730915018028602, 52.231568659613018 ], [ 5.729553169271979, 52.238921899989343 ], [ 5.726388866191383, 52.242503060872195 ], [ 5.751679291194089, 52.246081720387657 ], [ 5.76144867515114, 52.248303827505374 ], [ 5.749227317243409, 52.268272924844247 ], [ 5.751263267222115, 52.269561219443638 ], [ 5.772995297067864, 52.270354190518411 ], [ 5.780038167143695, 52.270601828029619 ], [ 5.792457585185078, 52.269976540441924 ], [ 5.797241624026286, 52.269695738965567 ], [ 5.802232394297611, 52.270498666247718 ], [ 5.809989428884197, 52.270304208881974 ], [ 5.82142665182071, 52.272671888172781 ], [ 5.829737860461667, 52.27127861325733 ], [ 5.84271841738469, 52.267145860591228 ], [ 5.85081115248714, 52.268695370430493 ], [ 5.848169928763115, 52.27511411849661 ], [ 5.848780349662562, 52.276829683739933 ], [ 5.851500571974057, 52.278543749969103 ], [ 5.852154972925185, 52.280090143658796 ], [ 5.845695909458163, 52.28732112953162 ], [ 5.844281922349922, 52.294898442547577 ], [ 5.841184466775376, 52.299530579821855 ], [ 5.840830961413955, 52.30439701525993 ], [ 5.850992635465055, 52.308786983907183 ], [ 5.870425432816656, 52.32330927890024 ], [ 5.875517353383229, 52.329268770162798 ], [ 5.874890757144533, 52.329661902267013 ], [ 5.876210147514205, 52.33200628166324 ], [ 5.880951329263021, 52.335185950853244 ], [ 5.87426102913067, 52.342130374348983 ], [ 5.864814276832325, 52.351328897288852 ], [ 5.875000215988378, 52.357044381518435 ], [ 5.876009356648951, 52.357872767773202 ], [ 5.911693851248698, 52.386793363231263 ], [ 5.924338612117357, 52.391392940805041 ], [ 5.942427144803232, 52.396636003870746 ], [ 5.951024347614379, 52.398437120182692 ], [ 5.951861241063201, 52.400956060742452 ], [ 5.966727261808303, 52.405571733655798 ], [ 5.973724951130134, 52.409769662526472 ], [ 5.994003192074276, 52.4260627168076 ], [ 6.017755219298865, 52.444208635672467 ], [ 6.02266741761997, 52.44410310866796 ], [ 6.035476649607161, 52.443778260769676 ], [ 6.060676375822726, 52.450459100950731 ], [ 6.063320504101763, 52.451151341755683 ], [ 6.068768835093465, 52.451306731612547 ], [ 6.078991183176144, 52.452083465257779 ], [ 6.092848172646546, 52.454806440586992 ] ] ] ] } },
{ "type": "Feature", "properties": { "fid": 4, "ck_zk": "ZK04", "jrstatcode": "2025ZK04", "statnaam": "Arnhem", "rubriek": "zorgkantoorregio", "id": 4 }, "geometry": { "type": "MultiPolygon", "coordinates": [ [ [ [ 5.726388866191383, 52.242503060872195 ], [ 5.729553169271979, 52.238921899989343 ], [ 5.730915018028602, 52.231568659613018 ], [ 5.733358797251491, 52.231772572165646 ], [ 5.738213748850901, 52.231578693976218 ], [ 5.743028772941623, 52.223490017453031 ], [ 5.741673354647565, 52.21988158194597 ], [ 5.727435343736686, 52.219298286169511 ], [ 5.72859381665297, 52.215547418311331 ], [ 5.730764536118621, 52.208599244773986 ], [ 5.741074691225757, 52.201879352661258 ], [ 5.750584685576007, 52.193730653205989 ], [ 5.79202534890851, 52.196986518195132 ], [ 5.796260206690072, 52.196340148472864 ], [ 5.79965717137997, 52.194651797225582 ], [ 5.811932329665303, 52.184878218258859 ], [ 5.801959077793385, 52.177363792589524 ], [ 5.80964644818657, 52.166691788848574 ], [ 5.809843139787749, 52.151414717165295 ], [ 5.845761281705641, 52.151609496534078 ], [ 5.859545359497646, 52.148749440485147 ], [ 5.861138337664171, 52.145261174361032 ], [ 5.862318549091528, 52.134788021395835 ], [ 5.864209435389571, 52.127556496763049 ], [ 5.86435266256585, 52.12699316187927 ], [ 5.864761898673804, 52.125544267356076 ], [ 5.874177874075754, 52.116676410754309 ], [ 5.876268642394949, 52.11446092594845 ], [ 5.883449226341566, 52.106342154894179 ], [ 5.893785549400683, 52.104775333122738 ], [ 5.900104016053991, 52.103784692036875 ], [ 5.911470044900228, 52.100309532891906 ], [ 5.927262683026022, 52.10026555491563 ], [ 5.946184516961569, 52.099299730917238 ], [ 5.951462983574044, 52.099892968463678 ], [ 5.948215164721406, 52.090833832839671 ], [ 5.946102762638743, 52.077890530037294 ], [ 5.955930934684606, 52.073338550858381 ], [ 5.96464594957355, 52.07632221518741 ], [ 5.977042777760792, 52.078309690743765 ], [ 5.990479828993614, 52.079164178616075 ], [ 6.00884860071436, 52.07401418894942 ], [ 6.008987361662876, 52.071663147404166 ], [ 6.006084877052059, 52.066348932723784 ], [ 6.009643484799992, 52.066001771902172 ], [ 6.023737819719279, 52.067282450423448 ], [ 6.028025955444813, 52.069020037939318 ], [ 6.04360939832715, 52.078662287258012 ], [ 6.059233633731708, 52.085575240578812 ], [ 6.061769225370062, 52.086494690792591 ], [ 6.067665753756184, 52.088210497357821 ], [ 6.067840280778, 52.088227233822728 ], [ 6.068062824813166, 52.08824408710565 ], [ 6.076101965121785, 52.087498157125495 ], [ 6.077095215935984, 52.083883797249833 ], [ 6.077279374415067, 52.08384453618023 ], [ 6.077430163980368, 52.083619924531291 ], [ 6.077691346267385, 52.083526290545784 ], [ 6.080749207882352, 52.083833361967308 ], [ 6.081354771694019, 52.082296181666891 ], [ 6.084574750133998, 52.081696216369437 ], [ 6.085260417687286, 52.08156681545578 ], [ 6.085260896259785, 52.081566725432921 ], [ 6.098084088651237, 52.079166034017547 ], [ 6.103418823441005, 52.078138230348351 ], [ 6.110622957213363, 52.073973025177928 ], [ 6.114076928785043, 52.071482053911403 ], [ 6.115255439555737, 52.0691683234447 ], [ 6.115698771401894, 52.06823113298644 ], [ 6.120983930010226, 52.068594852261405 ], [ 6.119953019086708, 52.066761844989081 ], [ 6.122769324646426, 52.063229623981996 ], [ 6.128720428438562, 52.064277459859532 ], [ 6.128819596351642, 52.062798748757622 ], [ 6.1320828960815, 52.06275511467247 ], [ 6.13259225201423, 52.06185907446411 ], [ 6.135751054011035, 52.062058569717372 ], [ 6.136425058286306, 52.060392283439157 ], [ 6.135353494653411, 52.059734296514215 ], [ 6.137469230956889, 52.059181108403067 ], [ 6.139301035038159, 52.061211874470736 ], [ 6.147885253372708, 52.06468701309052 ], [ 6.153493966726574, 52.06896578624135 ], [ 6.162801661641616, 52.074092713889385 ], [ 6.167781577961954, 52.075942850541246 ], [ 6.17071917493876, 52.078903236437107 ], [ 6.17400715342236, 52.088539106794386 ], [ 6.175736303341073, 52.090297286753859 ], [ 6.178296722177967, 52.091297095374465 ], [ 6.1895745915604, 52.091308265079718 ], [ 6.199630446258788, 52.093790773431564 ], [ 6.203042957758731, 52.093588754386246 ], [ 6.206829532209604, 52.092420628877584 ], [ 6.210534264085144, 52.092451828599835 ], [ 6.215321183088727, 52.094885979274785 ], [ 6.217898865017434, 52.097881301781484 ], [ 6.219201415414042, 52.096308916133459 ], [ 6.216831585257303, 52.094433149740098 ], [ 6.217000113213243, 52.093115122198412 ], [ 6.218485675019505, 52.092729778250735 ], [ 6.21816185893666, 52.089592187124445 ], [ 6.219476081346058, 52.088733008317199 ], [ 6.220180786735795, 52.089578111030114 ], [ 6.221693892672395, 52.088774690735363 ], [ 6.219223118263366, 52.092549945409033 ], [ 6.22016299850333, 52.100326897810682 ], [ 6.224476415168679, 52.100199069807871 ], [ 6.224509697311122, 52.101862429054819 ], [ 6.222156029592317, 52.10672565874178 ], [ 6.225777824095645, 52.106851710608453 ], [ 6.226637732261689, 52.109409507299105 ], [ 6.232415980038951, 52.110747137877034 ], [ 6.231768464780724, 52.111150865860537 ], [ 6.233876978265826, 52.113125799235398 ], [ 6.235043401482647, 52.112800122531304 ], [ 6.2359214480267, 52.113716535649694 ], [ 6.242431737920396, 52.112530371951898 ], [ 6.244724078673751, 52.112613968849416 ], [ 6.258233318661099, 52.110272254252372 ], [ 6.266609756689333, 52.11182986349548 ], [ 6.269700897400834, 52.111609801759371 ], [ 6.27158994845056, 52.113041672432153 ], [ 6.27750009997163, 52.12168593221147 ], [ 6.282621703540875, 52.123518446018487 ], [ 6.296002494628361, 52.128274291571685 ], [ 6.31017587562142, 52.131558344331133 ], [ 6.328314368294357, 52.137712361675682 ], [ 6.357721049106952, 52.135526752486633 ], [ 6.357721570175844, 52.130299355479821 ], [ 6.36198348074678, 52.126669110632747 ], [ 6.369139267657054, 52.123969253550385 ], [ 6.377940067370342, 52.12715327608646 ], [ 6.379200863040735, 52.125894992889769 ], [ 6.383440364774999, 52.127261248107146 ], [ 6.38267792717388, 52.128548648680692 ], [ 6.392680634000248, 52.131493684517238 ], [ 6.395843274913926, 52.130832299419083 ], [ 6.391822331996108, 52.12372778550715 ], [ 6.398389379428459, 52.117647750674237 ], [ 6.396489461539771, 52.117148351021072 ], [ 6.391529654563398, 52.113050943967593 ], [ 6.418422294650441, 52.100438730045632 ], [ 6.423998570852531, 52.096907988193998 ], [ 6.437558663513509, 52.103742757700182 ], [ 6.439742272107557, 52.103132179014565 ], [ 6.44346119748804, 52.104771349609294 ], [ 6.444885068967358, 52.106196101416145 ], [ 6.451822447465271, 52.107303974294091 ], [ 6.452466355095423, 52.106905530046447 ], [ 6.455204914932255, 52.10798014759412 ], [ 6.460133099259784, 52.106738358361923 ], [ 6.461463506725624, 52.104026314382104 ], [ 6.46670426311179, 52.106606454467403 ], [ 6.470497860691834, 52.105852707744411 ], [ 6.47019433022859, 52.104290924519795 ], [ 6.472422889526078, 52.104063501834496 ], [ 6.472537927081786, 52.1021048819374 ], [ 6.476892281789064, 52.100421467802711 ], [ 6.478543635768141, 52.100689688768753 ], [ 6.480116344237232, 52.104658371810139 ], [ 6.482002483343294, 52.105922726076678 ], [ 6.48246887591327, 52.109060953919425 ], [ 6.481173826537257, 52.110290215808355 ], [ 6.48459297666152, 52.114495353346484 ], [ 6.487472846909658, 52.116328419463393 ], [ 6.489031557315356, 52.119298845514372 ], [ 6.491187738751647, 52.120035051083384 ], [ 6.489717072028502, 52.120641972250048 ], [ 6.492109452798583, 52.124004652998437 ], [ 6.491409544838788, 52.126142539891767 ], [ 6.488304685500533, 52.126902660592791 ], [ 6.488258866292592, 52.129980809596049 ], [ 6.486522149053334, 52.131875065737603 ], [ 6.487889558952293, 52.13243911048842 ], [ 6.488518329801672, 52.134242597164835 ], [ 6.484866945565957, 52.137275011525197 ], [ 6.481646688708074, 52.140914589959216 ], [ 6.481224347115252, 52.142478869121071 ], [ 6.470959069007593, 52.14401042301396 ], [ 6.470711100463976, 52.146406548006802 ], [ 6.469434609892031, 52.147475424189821 ], [ 6.466581728730691, 52.147336451725749 ], [ 6.466519419585322, 52.149639639808314 ], [ 6.462662389870966, 52.150601157017149 ], [ 6.461404340847371, 52.152143053156436 ], [ 6.483787986911383, 52.157199409779459 ], [ 6.487846365421266, 52.161193829041004 ], [ 6.492845869898656, 52.16943006502904 ], [ 6.494371805383818, 52.173196415568789 ], [ 6.492221880746962, 52.176115612459 ], [ 6.49240114007014, 52.177371863954001 ], [ 6.49583936320073, 52.177145368765672 ], [ 6.513240991168123, 52.181230540756687 ], [ 6.517641996071343, 52.181267036768638 ], [ 6.555349472159152, 52.177255563922763 ], [ 6.584948797089735, 52.181529844359609 ], [ 6.587982379078458, 52.18201063340419 ], [ 6.589953710921534, 52.182487836102943 ], [ 6.591077336781758, 52.182263635855165 ], [ 6.596115189283665, 52.17983524686791 ], [ 6.606326834794967, 52.173082441981322 ], [ 6.606207438179587, 52.172369139253249 ], [ 6.603184833151556, 52.170721823765696 ], [ 6.60285133734484, 52.169121311189969 ], [ 6.607354759181883, 52.164630923544635 ], [ 6.609270338647148, 52.165143291902162 ], [ 6.612147207678886, 52.163166303383655 ], [ 6.617356748193449, 52.165290921782507 ], [ 6.621989512212277, 52.168372956925253 ], [ 6.624952229628867, 52.168649826472056 ], [ 6.626563832683666, 52.171456922091792 ], [ 6.625285831710263, 52.172171946429664 ], [ 6.625839650660656, 52.172499258026313 ], [ 6.629101012197396, 52.17203266884875 ], [ 6.631041018242752, 52.173142267618609 ], [ 6.634841499141317, 52.172177291060756 ], [ 6.640280130439691, 52.167405140730722 ], [ 6.645040700493845, 52.174194255133031 ], [ 6.649211789900651, 52.172878482929057 ], [ 6.671338904567617, 52.165683196966796 ], [ 6.671973457404456, 52.16492723049695 ], [ 6.673397353201004, 52.163239698496319 ], [ 6.672784386176579, 52.16137906286265 ], [ 6.674066686628217, 52.161243458865819 ], [ 6.673146905768826, 52.160118884490011 ], [ 6.673640332377302, 52.159862326453762 ], [ 6.673914084347462, 52.158814397643837 ], [ 6.670610185793815, 52.156420318562525 ], [ 6.673094993042832, 52.154753296468257 ], [ 6.672428703150343, 52.153031695007243 ], [ 6.673819391025086, 52.152103624949987 ], [ 6.672678818539619, 52.150507352921871 ], [ 6.671309218977704, 52.150458112122244 ], [ 6.673748235859685, 52.148286599767744 ], [ 6.674394814787772, 52.142774462735694 ], [ 6.672613019218743, 52.13930996138776 ], [ 6.668409059049566, 52.136614688980217 ], [ 6.663003451994667, 52.130001055591954 ], [ 6.672556203694622, 52.12737029568558 ], [ 6.677690595253182, 52.125958951666334 ], [ 6.697810020440575, 52.12355366983163 ], [ 6.711289866346881, 52.119708238593766 ], [ 6.7162723611826, 52.118270405476494 ], [ 6.73949303711963, 52.118104771700516 ], [ 6.739505820765104, 52.118556415745253 ], [ 6.760572330352168, 52.118779933641186 ], [ 6.759705403412373, 52.112661916504386 ], [ 6.759574190946519, 52.10930293425362 ], [ 6.75853499453313, 52.105301248531418 ], [ 6.758014650933799, 52.103825700672843 ], [ 6.75762658341714, 52.099288616627632 ], [ 6.756193099767151, 52.09766673358881 ], [ 6.755467379505521, 52.097128076247792 ], [ 6.756304806879145, 52.096929432727542 ], [ 6.755002498300052, 52.094862712295694 ], [ 6.753297317165426, 52.095880783557917 ], [ 6.750284203236054, 52.09577815679998 ], [ 6.744776320027058, 52.093123495735199 ], [ 6.745064083164028, 52.091170565737343 ], [ 6.745496107888002, 52.090067438627003 ], [ 6.7502648546883, 52.087507628926609 ], [ 6.751086897025158, 52.085476835575363 ], [ 6.747612068662857, 52.081924903776866 ], [ 6.744028277057259, 52.080337138301992 ], [ 6.735470597988412, 52.074633957393154 ], [ 6.713867404800905, 52.072901483572664 ], [ 6.695973027983044, 52.070142280133261 ], [ 6.694662799428882, 52.069800443352371 ], [ 6.696867691090385, 52.067343717157037 ], [ 6.695873813055931, 52.064265013296087 ], [ 6.695226454242222, 52.064167964572242 ], [ 6.689570622544517, 52.05645301901118 ], [ 6.687385770267903, 52.056394582017866 ], [ 6.686806772830621, 52.055518759073472 ], [ 6.686742488780129, 52.052540065487307 ], [ 6.688199394693721, 52.052349587916979 ], [ 6.68798117701861, 52.044365436886601 ], [ 6.687852920860575, 52.039856152367982 ], [ 6.714134233215892, 52.040064709123548 ], [ 6.752977239695118, 52.028405566840199 ], [ 6.764088271607899, 52.022310900144745 ], [ 6.766307129775132, 52.018782203669936 ], [ 6.771677905387831, 52.01796903798332 ], [ 6.811410510788284, 51.998096469810008 ], [ 6.807798670677964, 51.994967440507196 ], [ 6.826607409481781, 51.993527381969415 ], [ 6.830351759198966, 51.986192271497217 ], [ 6.829628922717501, 51.979388536263727 ], [ 6.830233840814906, 51.976407310034745 ], [ 6.832307761786082, 51.974345290182569 ], [ 6.832801617279239, 51.971806630308294 ], [ 6.832426958217976, 51.970044274406924 ], [ 6.82852888389278, 51.964105434480715 ], [ 6.813837288734737, 51.963633064643197 ], [ 6.812460965789487, 51.961833268539429 ], [ 6.798867704714879, 51.95871561389275 ], [ 6.796244230488834, 51.943975534348866 ], [ 6.797270825149345, 51.942552516857539 ], [ 6.793990755915279, 51.9352935088599 ], [ 6.785977181302179, 51.931189316629414 ], [ 6.788944674847771, 51.929656593047966 ], [ 6.770035745460746, 51.916198881540844 ], [ 6.765993213339368, 51.916064986694799 ], [ 6.760481703481082, 51.914120952851505 ], [ 6.757273120151948, 51.913824210128915 ], [ 6.754026377787819, 51.912623272965632 ], [ 6.754399039800161, 51.910066585982797 ], [ 6.752056823291067, 51.908550796776382 ], [ 6.751264281019086, 51.907239868876026 ], [ 6.745541720418816, 51.905722029003861 ], [ 6.737132444578672, 51.90468123958135 ], [ 6.732497790811255, 51.8987226517606 ], [ 6.721969498354465, 51.896063336688457 ], [ 6.703220996272588, 51.906395467722334 ], [ 6.703802551323972, 51.90940789630033 ], [ 6.702722360689979, 51.909809440214353 ], [ 6.699824077118321, 51.90905879424632 ], [ 6.697667207026361, 51.909870119292137 ], [ 6.695346143114943, 51.915868234662618 ], [ 6.692650086132543, 51.914716969967472 ], [ 6.684248589442753, 51.916096959385065 ], [ 6.684224496090803, 51.917590753141397 ], [ 6.674789349391419, 51.915937773810889 ], [ 6.668733388664847, 51.913863390377777 ], [ 6.654631990553095, 51.908940208712409 ], [ 6.637717053276859, 51.904454672018026 ], [ 6.634173722132442, 51.90100537838871 ], [ 6.627695447028115, 51.900857522139816 ], [ 6.62530991865522, 51.901941876961217 ], [ 6.619635210218049, 51.90066365347522 ], [ 6.60432131612168, 51.897258545284096 ], [ 6.585779943263816, 51.894081976558589 ], [ 6.569130128212923, 51.88810936646486 ], [ 6.563869996315865, 51.885489068665962 ], [ 6.562778432214578, 51.884411347888047 ], [ 6.560864767382655, 51.884015642079191 ], [ 6.560976872392058, 51.882482750640534 ], [ 6.560337094899848, 51.882195451733573 ], [ 6.558812461684932, 51.88252656841631 ], [ 6.55727966789363, 51.881777759554211 ], [ 6.555862873217487, 51.881804686757604 ], [ 6.555328876344578, 51.88343766545065 ], [ 6.552717227451847, 51.884051286592673 ], [ 6.552425542958566, 51.886191419205296 ], [ 6.548363006476167, 51.885346655679207 ], [ 6.549897654760957, 51.883389998472637 ], [ 6.549250507587731, 51.883142938758411 ], [ 6.547505243951258, 51.883320633584297 ], [ 6.54529184656864, 51.884631877204697 ], [ 6.544150632829223, 51.884609794463927 ], [ 6.539898610125058, 51.880916187432327 ], [ 6.529205480093862, 51.876815958905425 ], [ 6.5298859373453, 51.875987944330859 ], [ 6.524476721812429, 51.874050973911274 ], [ 6.524572489435438, 51.873692245365881 ], [ 6.518288603962018, 51.873117152400354 ], [ 6.515609088322875, 51.873521383202089 ], [ 6.514577679847056, 51.8731257768303 ], [ 6.511547528598235, 51.870859783668301 ], [ 6.504470649517979, 51.86855559042241 ], [ 6.503193112683848, 51.86763360834815 ], [ 6.501060686387857, 51.868000099243247 ], [ 6.50220789906648, 51.864705240715985 ], [ 6.500290982397377, 51.862272387714107 ], [ 6.4879226087271, 51.859061449374806 ], [ 6.483977826213171, 51.857560080649854 ], [ 6.482512347697273, 51.856836047843032 ], [ 6.480879974114004, 51.856934609277758 ], [ 6.478233017602964, 51.856879931495101 ], [ 6.477053564275517, 51.856659600571213 ], [ 6.473895146104566, 51.855474465993375 ], [ 6.472507803638053, 51.853823020237229 ], [ 6.464735008145797, 51.855162375534725 ], [ 6.464383725104011, 51.855287288494189 ], [ 6.458314868504619, 51.85868462995662 ], [ 6.451089076579733, 51.865245997423401 ], [ 6.448470202556001, 51.865505554820416 ], [ 6.446672616896233, 51.865005554072411 ], [ 6.443673974761905, 51.862667119656287 ], [ 6.441377297324322, 51.861858461220116 ], [ 6.4387330212811, 51.862099692126471 ], [ 6.432362758515146, 51.859382927531691 ], [ 6.429436134341519, 51.860714532142154 ], [ 6.428605625256421, 51.865083632705435 ], [ 6.427360648156642, 51.86586176028176 ], [ 6.426125448796724, 51.866250224648219 ], [ 6.424325083206218, 51.865973292143998 ], [ 6.421794062527992, 51.866988480278309 ], [ 6.420218072268391, 51.866781203096174 ], [ 6.418574396792075, 51.867247528454307 ], [ 6.415182571583481, 51.86873049089106 ], [ 6.412253357063815, 51.871096415107552 ], [ 6.410170207747178, 51.869554564595354 ], [ 6.40875176284658, 51.869463722218661 ], [ 6.406754017988829, 51.870767691989904 ], [ 6.404314393804992, 51.870242180034204 ], [ 6.402474967130028, 51.869137353514027 ], [ 6.401312417420763, 51.869450354526968 ], [ 6.400604471049083, 51.870437131145003 ], [ 6.399127488538432, 51.870300591563037 ], [ 6.398371939562928, 51.870976649293468 ], [ 6.396745912246703, 51.870333885319006 ], [ 6.392284246478646, 51.874031124942952 ], [ 6.390566089223392, 51.873968066111054 ], [ 6.39115439630246, 51.87294974544352 ], [ 6.388392203384865, 51.867200886774121 ], [ 6.386967234120438, 51.864955376167522 ], [ 6.38803447702576, 51.861899121832927 ], [ 6.391387969508293, 51.861398062074613 ], [ 6.392000576991797, 51.860336370817677 ], [ 6.395502747853754, 51.859062280173198 ], [ 6.400432656700701, 51.85583293525869 ], [ 6.407710369116423, 51.854364494379581 ], [ 6.408953208407315, 51.853346156533831 ], [ 6.409055460054033, 51.852485707528565 ], [ 6.405033407502188, 51.848908897203657 ], [ 6.405185453351889, 51.84738689166835 ], [ 6.40237740102866, 51.844540990196727 ], [ 6.402437165319586, 51.843222918329829 ], [ 6.40666533797639, 51.838550418244267 ], [ 6.408089205781399, 51.835880696249433 ], [ 6.402953573526987, 51.8365443329076 ], [ 6.407491142212202, 51.828089471159416 ], [ 6.401818359678159, 51.827262653444556 ], [ 6.400214328804569, 51.828533026570199 ], [ 6.392682882380466, 51.83113283774496 ], [ 6.392278205551949, 51.831951514336417 ], [ 6.389543741728753, 51.83329514543847 ], [ 6.382224233109602, 51.834781774572654 ], [ 6.373704739940138, 51.834759431881956 ], [ 6.368722918174809, 51.833257388947871 ], [ 6.3633305614994, 51.835155875580618 ], [ 6.362849118074661, 51.835823557682403 ], [ 6.364061210986478, 51.838440581130691 ], [ 6.362516307470399, 51.842772554558174 ], [ 6.360257498577569, 51.845799070865269 ], [ 6.357747034331483, 51.84748440782213 ], [ 6.348714597137384, 51.850092845086039 ], [ 6.345179578374518, 51.850957468336546 ], [ 6.339422138234126, 51.850739983321553 ], [ 6.333140791656667, 51.851591322913499 ], [ 6.320503661247896, 51.851683769543769 ], [ 6.317763318876811, 51.851223384206186 ], [ 6.312508715791866, 51.850277080592818 ], [ 6.308281495588405, 51.849809980579678 ], [ 6.306203000939815, 51.849078200618479 ], [ 6.303758739330007, 51.85357363250678 ], [ 6.300683461716931, 51.862037447868182 ], [ 6.300504100827485, 51.864509462612531 ], [ 6.298222402934917, 51.865943341512121 ], [ 6.299006316786269, 51.86782621680684 ], [ 6.295716464995385, 51.868243893683619 ], [ 6.288289972751347, 51.871421028984415 ], [ 6.283381380958756, 51.872203750871066 ], [ 6.279906837360218, 51.874069701476998 ], [ 6.272261542624991, 51.874654346488178 ], [ 6.269366096741788, 51.873915195318212 ], [ 6.265330233638344, 51.869992532714278 ], [ 6.26222306584254, 51.868243147529462 ], [ 6.25284442067627, 51.868901766808527 ], [ 6.246295277576542, 51.869950241592896 ], [ 6.241826580985138, 51.868966965900398 ], [ 6.234804465814901, 51.87000352492889 ], [ 6.230135616277424, 51.869653340575084 ], [ 6.224632833867423, 51.868543453265076 ], [ 6.21505695175013, 51.867626204081908 ], [ 6.20265135553965, 51.87171981563656 ], [ 6.192760084002041, 51.876439309811026 ], [ 6.183549378333787, 51.882531202684099 ], [ 6.182010070299942, 51.885777641218574 ], [ 6.185990122807471, 51.886851208573745 ], [ 6.191423285279321, 51.887372141823718 ], [ 6.189604321569053, 51.888788616083929 ], [ 6.191085062565459, 51.891657101384595 ], [ 6.187036776274856, 51.892305714023443 ], [ 6.182558099479808, 51.893906807374222 ], [ 6.169769251777335, 51.901287060144739 ], [ 6.167911771469124, 51.900941942654221 ], [ 6.165632880606968, 51.898596472615601 ], [ 6.163023954209808, 51.901140437928468 ], [ 6.162290779484534, 51.900940247595322 ], [ 6.157385528157354, 51.905100357965196 ], [ 6.156225312051501, 51.905244855860474 ], [ 6.154314489473628, 51.905198735001072 ], [ 6.154052275357394, 51.904553895914859 ], [ 6.130547129477097, 51.899857448753188 ], [ 6.125672608498169, 51.898201333322355 ], [ 6.117889417299797, 51.901659139819607 ], [ 6.114821220286342, 51.89772046600271 ], [ 6.112306768684977, 51.898944369656945 ], [ 6.111538360896937, 51.898615086007148 ], [ 6.109306058915591, 51.895830217076259 ], [ 6.110175977782941, 51.894942860203656 ], [ 6.103474459279111, 51.892483467775946 ], [ 6.106330738661735, 51.891653318764178 ], [ 6.113098538858195, 51.892566811042258 ], [ 6.11822419150105, 51.892012601375228 ], [ 6.121149099572357, 51.891065566707425 ], [ 6.122298960366871, 51.890107920038268 ], [ 6.124396218782356, 51.890152840280138 ], [ 6.13011214391458, 51.888272447789412 ], [ 6.133443881653076, 51.886476970652097 ], [ 6.137127114737634, 51.885802731227379 ], [ 6.138052013918699, 51.883596585497664 ], [ 6.14360999867226, 51.876251177376325 ], [ 6.14329542256457, 51.874979962603675 ], [ 6.144548499080749, 51.871618494049848 ], [ 6.144539096356903, 51.869744510781445 ], [ 6.14842527133558, 51.868230946867982 ], [ 6.150782429050009, 51.866186270461021 ], [ 6.156107458225996, 51.865470263587206 ], [ 6.161513848290046, 51.862986934438538 ], [ 6.166918465421067, 51.861642050380347 ], [ 6.167234973119524, 51.860964808037643 ], [ 6.164368665554604, 51.858873817356226 ], [ 6.163606649317375, 51.85344475308591 ], [ 6.165639710561342, 51.850209202337837 ], [ 6.166559804870889, 51.840721640758126 ], [ 6.14749348085049, 51.84540460654528 ], [ 6.135771094479126, 51.847169409515651 ], [ 6.107226767142118, 51.848099148996958 ], [ 6.09952025983907, 51.849390928589145 ], [ 6.089555815702552, 51.85259699986505 ], [ 6.07721127767136, 51.85924184500962 ], [ 6.063485553200236, 51.865451224201117 ], [ 6.054414066419078, 51.869107018544092 ], [ 6.046284693441949, 51.870913207739349 ], [ 6.044091205216544, 51.871207094855308 ], [ 6.035455873048185, 51.873048848341526 ], [ 6.021932137411128, 51.879294506249025 ], [ 6.016915678678584, 51.880985968200768 ], [ 6.009287310211939, 51.88160341526207 ], [ 6.002050708493881, 51.880282577440752 ], [ 5.992614748346115, 51.874926667044882 ], [ 5.985752838422473, 51.867757678505512 ], [ 5.981180058406508, 51.859947441249517 ], [ 5.977749583995384, 51.857229765066194 ], [ 5.974353375956989, 51.855863268317918 ], [ 5.970333589128019, 51.854754181282622 ], [ 5.9662472983011, 51.854449297145514 ], [ 5.95917320898202, 51.855373658770269 ], [ 5.95528813523312, 51.856928017258554 ], [ 5.937315412574613, 51.871411120624892 ], [ 5.933326436461693, 51.873178877189034 ], [ 5.923633016752711, 51.874623180785932 ], [ 5.914002331380323, 51.874179355513299 ], [ 5.903613557296091, 51.872541952747774 ], [ 5.895967774166042, 51.870533616079406 ], [ 5.886765709096197, 51.865203007561391 ], [ 5.884350618336978, 51.867016413183677 ], [ 5.882738267494001, 51.866143957138902 ], [ 5.882526866267893, 51.866285806363038 ], [ 5.882990506373511, 51.86667513463096 ], [ 5.881952312430703, 51.867099424141145 ], [ 5.880267877596999, 51.869215474301754 ], [ 5.876953328662349, 51.876503832718797 ], [ 5.876135839916254, 51.876597766210764 ], [ 5.875841182485258, 51.880863139450959 ], [ 5.874201978142864, 51.884578084522786 ], [ 5.871481040398796, 51.888652409808607 ], [ 5.868696726211897, 51.888203145308587 ], [ 5.865424421662843, 51.888537370107493 ], [ 5.865490976368128, 51.888982570652708 ], [ 5.864102301980188, 51.888720613545985 ], [ 5.861311438283307, 51.888774487617098 ], [ 5.859492001952439, 51.888672345076529 ], [ 5.8576276920881, 51.888388818664843 ], [ 5.857123540518002, 51.894620923170507 ], [ 5.83684812358419, 51.893749649967852 ], [ 5.83672239448293, 51.893746294163243 ], [ 5.830237801932137, 51.893681041792327 ], [ 5.830426384150656, 51.891654982365587 ], [ 5.834389090488845, 51.890341853498242 ], [ 5.835940133726277, 51.888147538385304 ], [ 5.835873571415731, 51.886033530374384 ], [ 5.836820808386117, 51.883655797971187 ], [ 5.837788357042733, 51.883434003055839 ], [ 5.832813415068879, 51.878435072626893 ], [ 5.835153812551968, 51.877619006331379 ], [ 5.834173389961789, 51.875623051614262 ], [ 5.832583114108544, 51.873439510699477 ], [ 5.831611237201062, 51.872231993125929 ], [ 5.82697146853086, 51.873185825650737 ], [ 5.817074831109551, 51.870265383174377 ], [ 5.810313614342308, 51.872772664419436 ], [ 5.798351270317705, 51.875686057702595 ], [ 5.77335732684862, 51.878641365553925 ], [ 5.761035201419147, 51.881119123193187 ], [ 5.751304581706107, 51.883503912232044 ], [ 5.740732839977134, 51.885012534330322 ], [ 5.736418158986936, 51.885414472710458 ], [ 5.726164177184991, 51.887150119693779 ], [ 5.706659392611512, 51.893291566534437 ], [ 5.709841732563041, 51.89560695916466 ], [ 5.711177090249812, 51.896736868520691 ], [ 5.709806985363857, 51.897779548864243 ], [ 5.706400025380622, 51.897919747699291 ], [ 5.708038494032367, 51.901152107791368 ], [ 5.705317715353143, 51.904036063313839 ], [ 5.706279734481351, 51.906328510612191 ], [ 5.706130807623057, 51.907988784747324 ], [ 5.700976513788148, 51.913249789080929 ], [ 5.697105687908575, 51.915192383050865 ], [ 5.695515017664701, 51.916906281768512 ], [ 5.692195460104902, 51.91839509710983 ], [ 5.696255487125046, 51.920781747106155 ], [ 5.694854456101094, 51.921372994906477 ], [ 5.681615772218956, 51.918434585817288 ], [ 5.676866668732973, 51.920970407341727 ], [ 5.676010401172518, 51.926273308864651 ], [ 5.678324251081309, 51.928607725877569 ], [ 5.684359858226015, 51.92977807936569 ], [ 5.689925336137149, 51.93259962073963 ], [ 5.696322303131522, 51.931251124278539 ], [ 5.693025987905151, 51.934657733693768 ], [ 5.688777718426315, 51.935141009148666 ], [ 5.671053287256924, 51.930592597068859 ], [ 5.660350943246159, 51.929612226317751 ], [ 5.659965334093422, 51.933519894366917 ], [ 5.660481520138998, 51.933882972562685 ], [ 5.659618769142462, 51.937081916976219 ], [ 5.667714857563023, 51.938908383092354 ], [ 5.665779972919963, 51.941332106266458 ], [ 5.663137941501705, 51.940711752335083 ], [ 5.661144285498298, 51.943607340939643 ], [ 5.654345300877264, 51.941411271602803 ], [ 5.653297806231142, 51.942877540349322 ], [ 5.647212287188695, 51.940441980053279 ], [ 5.646322703520318, 51.941090920660208 ], [ 5.650419183588023, 51.947453080640713 ], [ 5.651715577790445, 51.948030226625534 ], [ 5.654973088431866, 51.94669945322493 ], [ 5.665988990940865, 51.952799476056967 ], [ 5.662190549954245, 51.952643239709253 ], [ 5.653760552975891, 51.953910475875418 ], [ 5.648922546569286, 51.954001291832817 ], [ 5.644259296017193, 51.952348858046442 ], [ 5.646220055999247, 51.950584670898024 ], [ 5.649621646461116, 51.950021182191925 ], [ 5.645304401588492, 51.9466808757808 ], [ 5.645088474539557, 51.944879689591666 ], [ 5.640638870127652, 51.93957811394462 ], [ 5.639625578462566, 51.938259069976979 ], [ 5.636231926901756, 51.936692368483762 ], [ 5.630288649694217, 51.93640949831903 ], [ 5.627864509623475, 51.937193806976751 ], [ 5.622767430420248, 51.939765424871005 ], [ 5.617887704615431, 51.941351127044314 ], [ 5.605939647188888, 51.94312478453368 ], [ 5.616427933586841, 51.949353544818386 ], [ 5.620437269038637, 51.948324781117677 ], [ 5.62016249455284, 51.951498111213951 ], [ 5.623446479864046, 51.951945559601612 ], [ 5.62502743733135, 51.951614829769383 ], [ 5.627308561987814, 51.952473304799383 ], [ 5.626495188147675, 51.957365744453945 ], [ 5.623213553760383, 51.962564739737779 ], [ 5.620258227663947, 51.966582325899083 ], [ 5.624855689070761, 51.970448364777056 ], [ 5.626064193314598, 51.974070063653443 ], [ 5.619888313179841, 51.977710345701489 ], [ 5.615059958046436, 51.982716940852818 ], [ 5.613812804988989, 51.990342780587213 ], [ 5.609972265310212, 51.993691533437371 ], [ 5.606017013649979, 51.994164351289946 ], [ 5.602515013823605, 51.994997828439168 ], [ 5.596556305538543, 51.999201539061616 ], [ 5.591997672005076, 52.001392291517718 ], [ 5.590808130664798, 52.003024802492547 ], [ 5.591112700389702, 52.007301473511248 ], [ 5.58948874276898, 52.009455522979593 ], [ 5.587422092089005, 52.010921682323378 ], [ 5.586014621817013, 52.011776280584535 ], [ 5.586750695154486, 52.012285916173624 ], [ 5.586922245868601, 52.015713176485825 ], [ 5.589621609857192, 52.015594816331181 ], [ 5.590242100595251, 52.02026673945759 ], [ 5.587199848846056, 52.020448656253251 ], [ 5.587445958913838, 52.026641153844501 ], [ 5.587347617029915, 52.027263838646462 ], [ 5.586711623441599, 52.031290422569505 ], [ 5.589588678144562, 52.031176589689295 ], [ 5.589756380599586, 52.032697622970765 ], [ 5.589907112418986, 52.032692725462333 ], [ 5.590022802850485, 52.0343032399606 ], [ 5.589960903929206, 52.034411442370804 ], [ 5.577288644739638, 52.038326797607482 ], [ 5.568314562313293, 52.040269151179572 ], [ 5.567400900535961, 52.040624906133395 ], [ 5.568657150195652, 52.042396508555072 ], [ 5.569754359186343, 52.043414871778253 ], [ 5.570044984714821, 52.043400833132409 ], [ 5.570152222838201, 52.04443978802194 ], [ 5.570010907048403, 52.044495087717287 ], [ 5.569975358936193, 52.045636562511739 ], [ 5.570852936752805, 52.047996988686997 ], [ 5.557903285826308, 52.048865119387372 ], [ 5.560729348082988, 52.067501496460153 ], [ 5.55921055927358, 52.071033701329888 ], [ 5.560313863073514, 52.072152693577593 ], [ 5.561443513198635, 52.073286295887037 ], [ 5.562746193632108, 52.078277984195061 ], [ 5.560710779551274, 52.081412863583871 ], [ 5.560753881642206, 52.084210689140285 ], [ 5.556687259441548, 52.085482762665656 ], [ 5.557418320731711, 52.086178137718754 ], [ 5.557053037986815, 52.086867293507972 ], [ 5.555909594867083, 52.087117699905029 ], [ 5.554927352548169, 52.086510280243211 ], [ 5.554718115012507, 52.091498393488472 ], [ 5.555869540371862, 52.09181954590386 ], [ 5.554434925244029, 52.093468632359404 ], [ 5.55442927028402, 52.095391918009973 ], [ 5.550542421320212, 52.096676362621579 ], [ 5.554235791800082, 52.100151219574158 ], [ 5.553063469065193, 52.100954006512474 ], [ 5.550342587549018, 52.105419542474216 ], [ 5.545291792114641, 52.104390041736018 ], [ 5.546302197375958, 52.102443637308468 ], [ 5.544012636740613, 52.101948898339501 ], [ 5.541539925291246, 52.103737096566029 ], [ 5.531543293471545, 52.102266960379659 ], [ 5.532816949823165, 52.099983881705768 ], [ 5.539160181441284, 52.097813705696353 ], [ 5.538830674046427, 52.096436185011228 ], [ 5.535079190075906, 52.092874623505153 ], [ 5.538293934641315, 52.092689728891699 ], [ 5.537118480633666, 52.088643810940781 ], [ 5.530856074381418, 52.089774388213051 ], [ 5.526634174081151, 52.08490339975986 ], [ 5.531306078118361, 52.08393924218872 ], [ 5.53114218791944, 52.082279530298116 ], [ 5.526896257269579, 52.080679902612211 ], [ 5.52265441322459, 52.077542117545811 ], [ 5.520357237133712, 52.0783076991897 ], [ 5.519413929384975, 52.079206848876268 ], [ 5.514453323177307, 52.078795326346764 ], [ 5.509922651325361, 52.079050177476873 ], [ 5.510360777463597, 52.078055003241417 ], [ 5.509112976397574, 52.076977035543358 ], [ 5.506836656922079, 52.076748334302295 ], [ 5.505003289736722, 52.076742310739313 ], [ 5.504922798757212, 52.075988969633443 ], [ 5.504584378402764, 52.073349622226779 ], [ 5.502092373150258, 52.073345206462569 ], [ 5.499882446522591, 52.071335205614368 ], [ 5.496128045290448, 52.071677933424141 ], [ 5.494067152228348, 52.071908291244007 ], [ 5.490696483004868, 52.071410535748782 ], [ 5.488282002186399, 52.070392589859011 ], [ 5.4858903923857, 52.070263296489308 ], [ 5.484358761825482, 52.069452115977391 ], [ 5.476359272246957, 52.072647197884066 ], [ 5.473661482211768, 52.073134801013062 ], [ 5.470904425365748, 52.074686282144441 ], [ 5.467373875825762, 52.075492049459413 ], [ 5.466439739172214, 52.076100481535804 ], [ 5.465653332424219, 52.078288187080759 ], [ 5.461328347129281, 52.079311415171333 ], [ 5.459242922467761, 52.080225752928747 ], [ 5.46014778376926, 52.080952102744199 ], [ 5.45967809855976, 52.082003409672474 ], [ 5.461299134114952, 52.082646024498395 ], [ 5.463367709863102, 52.083442165355642 ], [ 5.46405356642964, 52.083056177185561 ], [ 5.467903598478706, 52.085955490401432 ], [ 5.471491699751454, 52.088200650246058 ], [ 5.471835257730521, 52.08930221830073 ], [ 5.472945196363718, 52.089110042122897 ], [ 5.474720981665574, 52.090221001885283 ], [ 5.476784635093106, 52.090379893585613 ], [ 5.483115024558683, 52.092747130456033 ], [ 5.486082696439794, 52.093656769437722 ], [ 5.484739537947653, 52.096624423449278 ], [ 5.485267150522, 52.099100175926658 ], [ 5.484301742753559, 52.105542117718599 ], [ 5.493861741262752, 52.111097263206148 ], [ 5.493921916558556, 52.112764078045615 ], [ 5.491873257606836, 52.114485123746697 ], [ 5.486447088276168, 52.115359736324962 ], [ 5.488082222938113, 52.116101122861451 ], [ 5.495625918978629, 52.115585794085064 ], [ 5.498916518954085, 52.116017637180079 ], [ 5.502610294876358, 52.115092417861355 ], [ 5.50386780290434, 52.113745333660297 ], [ 5.50630154119999, 52.1143104616527 ], [ 5.507702067276892, 52.113896963690216 ], [ 5.507551426419967, 52.115616009269594 ], [ 5.503755992024413, 52.116585633088008 ], [ 5.505353945037485, 52.119750446668121 ], [ 5.50337164276195, 52.119659192367344 ], [ 5.50004229840903, 52.119200011168964 ], [ 5.496917681310252, 52.119557487006105 ], [ 5.495060038840908, 52.121993464978473 ], [ 5.494704700674303, 52.124717634021586 ], [ 5.496759075113313, 52.12481428434797 ], [ 5.497913059059924, 52.130282891862336 ], [ 5.499097924386456, 52.130541569123487 ], [ 5.501488339510826, 52.129938894555522 ], [ 5.504988367064083, 52.131087604672025 ], [ 5.507676859282936, 52.131124809322174 ], [ 5.509203092156143, 52.131945268914762 ], [ 5.511667584301197, 52.132050509605264 ], [ 5.512039448990189, 52.13363677681923 ], [ 5.511998728992399, 52.133998056343593 ], [ 5.51188089319955, 52.134115009469056 ], [ 5.512366677652127, 52.13422384179821 ], [ 5.512443866953157, 52.134329735074402 ], [ 5.514079390291934, 52.135923062822464 ], [ 5.511690226245354, 52.137493580907879 ], [ 5.507450244309839, 52.138531638032504 ], [ 5.507591871817094, 52.138865800553646 ], [ 5.502603094681563, 52.139535616187672 ], [ 5.500002497957512, 52.141042980688646 ], [ 5.497306242821561, 52.141443501204648 ], [ 5.498984666916545, 52.147361429640888 ], [ 5.489475634529395, 52.148219216732997 ], [ 5.483794674888673, 52.149465140851639 ], [ 5.48134176553574, 52.150500974372392 ], [ 5.483767058155547, 52.15398109917831 ], [ 5.484073550634441, 52.155346096625578 ], [ 5.484317295704738, 52.158063855116751 ], [ 5.481495536102809, 52.158297308814312 ], [ 5.482013260815053, 52.159547389717844 ], [ 5.482116095322874, 52.159795681924713 ], [ 5.479196697128446, 52.161360738073512 ], [ 5.475519830714223, 52.162161680568197 ], [ 5.472865765703495, 52.161848398934353 ], [ 5.472433304005097, 52.162850865932846 ], [ 5.47326568312158, 52.163264198235034 ], [ 5.475507958073319, 52.164377571193377 ], [ 5.478948270008007, 52.164741153923394 ], [ 5.479922362585093, 52.165814554991137 ], [ 5.480846389636952, 52.16795494291668 ], [ 5.485099082281438, 52.171780462539459 ], [ 5.485182295868539, 52.174695270820465 ], [ 5.485609593197766, 52.181974290980065 ], [ 5.49536574579305, 52.186114269912864 ], [ 5.495933866637572, 52.186856065564548 ], [ 5.496309210310735, 52.186617872225462 ], [ 5.500823501748752, 52.188576856883415 ], [ 5.504176785526496, 52.18913479777958 ], [ 5.504934539064577, 52.188574763243963 ], [ 5.512084482925085, 52.188573821752904 ], [ 5.521209091773446, 52.191834573235255 ], [ 5.52920645334726, 52.191002460377192 ], [ 5.530807868275514, 52.191539263288064 ], [ 5.534396119470022, 52.185834269720424 ], [ 5.537698363232133, 52.182072476538551 ], [ 5.54219331104011, 52.17784566328281 ], [ 5.544536089725935, 52.177132465495077 ], [ 5.546607675611123, 52.176781000907489 ], [ 5.54892265143892, 52.175320519091471 ], [ 5.554641456742027, 52.175684123818733 ], [ 5.565276485651907, 52.178111453468958 ], [ 5.56889137718112, 52.177908698250896 ], [ 5.568180882667201, 52.179916360003389 ], [ 5.566989005328654, 52.1808122197179 ], [ 5.565229001635416, 52.180724570947419 ], [ 5.564527963444498, 52.185340592096203 ], [ 5.566493490778203, 52.186521487774655 ], [ 5.574837099883564, 52.186169653025487 ], [ 5.575272594468976, 52.187007665107259 ], [ 5.577930269255628, 52.186183223474337 ], [ 5.576926593576966, 52.191667019116863 ], [ 5.575173827427549, 52.192665962965222 ], [ 5.577666731656278, 52.19479700016273 ], [ 5.580270281252113, 52.194500552424884 ], [ 5.583197705679586, 52.19541061880448 ], [ 5.588160321426573, 52.19484144992915 ], [ 5.587951907543645, 52.19542580196336 ], [ 5.589553632239485, 52.195430767346252 ], [ 5.589922080705882, 52.195959853825997 ], [ 5.595557460474009, 52.196341320847949 ], [ 5.600248999441654, 52.19765144514372 ], [ 5.601948570887691, 52.196491747455383 ], [ 5.607749262021233, 52.195161701789118 ], [ 5.607762228617561, 52.194197510092899 ], [ 5.617444271633187, 52.194358756365943 ], [ 5.616918091077969, 52.192135331960905 ], [ 5.617796743157459, 52.191181564821754 ], [ 5.618579341375276, 52.191182862439092 ], [ 5.619633804550517, 52.193119236963277 ], [ 5.624283207302526, 52.193326250023752 ], [ 5.625742951946151, 52.192825457980014 ], [ 5.634862021861964, 52.203805754833397 ], [ 5.633267391437077, 52.20816659764845 ], [ 5.646360724984387, 52.214075575909682 ], [ 5.657662473875667, 52.219172819233641 ], [ 5.66551866058263, 52.222704482541772 ], [ 5.670863151311839, 52.223968376585717 ], [ 5.68127007051124, 52.225339467169114 ], [ 5.683642095377853, 52.240616862517648 ], [ 5.689847869761929, 52.240442776706061 ], [ 5.693725571054489, 52.239717259445868 ], [ 5.706716112967313, 52.239399985946001 ], [ 5.710997629527789, 52.239620914682099 ], [ 5.711615310142021, 52.239706376901268 ], [ 5.715387653399923, 52.240177700641219 ], [ 5.7187981505012, 52.241491739725355 ], [ 5.726388866191383, 52.242503060872195 ] ] ] ] } },
{ "type": "Feature", "properties": { "fid": 5, "ck_zk": "ZK06", "jrstatcode": "2025ZK06", "statnaam": "Drenthe", "rubriek": "zorgkantoorregio", "id": 5 }, "geometry": { "type": "MultiPolygon", "coordinates": [ [ [ [ 6.493504905877004, 53.198497018680527 ], [ 6.49642774892768, 53.198137433306741 ], [ 6.506844706842157, 53.200145038537755 ], [ 6.513336054888932, 53.196973543575893 ], [ 6.513385989039717, 53.196937017803997 ], [ 6.515715198228856, 53.198308149669629 ], [ 6.530491980940599, 53.195559273289348 ], [ 6.529528927343624, 53.195194920261201 ], [ 6.530398830369987, 53.192856512457972 ], [ 6.53421774809441, 53.184063568163481 ], [ 6.534615869233839, 53.183789943288389 ], [ 6.537453615813243, 53.182644930963363 ], [ 6.539536204096203, 53.181309383714819 ], [ 6.540897912000229, 53.179881569307682 ], [ 6.54174391833293, 53.1786103064968 ], [ 6.542708866534618, 53.178672355228876 ], [ 6.546253709846446, 53.180278599677173 ], [ 6.54818830399557, 53.181097637027818 ], [ 6.548377594229454, 53.180885727398042 ], [ 6.548572154281021, 53.180669921090967 ], [ 6.555809423478782, 53.173297041813051 ], [ 6.556143993200053, 53.172843959851015 ], [ 6.559319433348278, 53.169340977865573 ], [ 6.560587356322462, 53.166126992770849 ], [ 6.562753262872441, 53.160416178020853 ], [ 6.563177891919293, 53.15868694550263 ], [ 6.563687461755379, 53.157638374513873 ], [ 6.564742338727855, 53.157989663525115 ], [ 6.581496957638259, 53.163530689757692 ], [ 6.581098885720939, 53.162613219348287 ], [ 6.583455289430044, 53.158527459601615 ], [ 6.587089330693162, 53.156225957933366 ], [ 6.584642549825113, 53.15430518672305 ], [ 6.587386438006845, 53.148683236179629 ], [ 6.587794254699335, 53.145891802445277 ], [ 6.60045633941639, 53.144308814972518 ], [ 6.606521015806628, 53.139313859050446 ], [ 6.608180322006928, 53.138894582982644 ], [ 6.60918154793157, 53.138403618134589 ], [ 6.610623452092698, 53.137943706542508 ], [ 6.614400443105885, 53.135556957403139 ], [ 6.613641275230729, 53.132694287265565 ], [ 6.616568293266702, 53.132972615742105 ], [ 6.618976872977991, 53.131580855236471 ], [ 6.618978350384085, 53.129880078795466 ], [ 6.62132024826518, 53.128309099424428 ], [ 6.621763333467514, 53.12635071043676 ], [ 6.622834219460987, 53.125372975616372 ], [ 6.627335591206533, 53.122833222584376 ], [ 6.628648448049582, 53.119493050467845 ], [ 6.630575689852066, 53.119385297180756 ], [ 6.627937744421937, 53.117179113170259 ], [ 6.628067782634538, 53.115874611911885 ], [ 6.629830294210834, 53.11468334098668 ], [ 6.633862114800889, 53.114203115530017 ], [ 6.635781527295582, 53.113396275238216 ], [ 6.637102774274598, 53.108648696057863 ], [ 6.634836257816771, 53.106202076530856 ], [ 6.643502118602474, 53.108662339983567 ], [ 6.651909362116504, 53.111159544111857 ], [ 6.653648242149388, 53.11162476149017 ], [ 6.674926989096316, 53.117524735807095 ], [ 6.678771877835265, 53.118108187341328 ], [ 6.694617351812933, 53.121057830393028 ], [ 6.69536692827611, 53.121176015112837 ], [ 6.718724701008477, 53.120247895761082 ], [ 6.719831760661762, 53.120218536161246 ], [ 6.721380803465835, 53.120130339211606 ], [ 6.723256501725685, 53.120052411761137 ], [ 6.737450956338634, 53.119461728969185 ], [ 6.742396571928891, 53.116370689803986 ], [ 6.743253770102585, 53.116568299741751 ], [ 6.743530418166635, 53.115936425466195 ], [ 6.744729944415677, 53.115247994086801 ], [ 6.776509375691281, 53.094760663499123 ], [ 6.789826851441259, 53.086307726329366 ], [ 6.813944746074357, 53.070971583127353 ], [ 6.814535534153284, 53.070598058184459 ], [ 6.837170404695812, 53.056228436504711 ], [ 6.843273029457793, 53.052344216842215 ], [ 6.861287446519793, 53.04087401750008 ], [ 6.8970879987378, 53.018051193039703 ], [ 6.904620002668368, 53.013234534060274 ], [ 6.907130511865872, 53.011628765572112 ], [ 6.907184455330643, 53.011594247198154 ], [ 6.922171262907539, 53.002004665028252 ], [ 6.934679925593372, 52.993996103857917 ], [ 6.935684803872583, 52.993352545517837 ], [ 6.936610606468505, 52.992759575556981 ], [ 6.938411828849792, 52.991211982243463 ], [ 6.942927258234717, 52.987331785570142 ], [ 6.948411448291894, 52.982617897931355 ], [ 6.956650442159329, 52.975533871614971 ], [ 6.956720874759744, 52.975473295072121 ], [ 6.963292300815628, 52.969820942595504 ], [ 6.969586281565959, 52.964427214883983 ], [ 6.970352656024164, 52.963769010541021 ], [ 6.970362365005208, 52.963760673353157 ], [ 6.978563518636568, 52.95671684965253 ], [ 6.979860926479461, 52.955604231011378 ], [ 6.986022412739283, 52.95031893425049 ], [ 6.987880570255676, 52.948723216422046 ], [ 6.995023711801554, 52.942587822183704 ], [ 7.002899220414839, 52.935814837144299 ], [ 7.009558647096978, 52.930093146101626 ], [ 7.015697681079108, 52.924815655693102 ], [ 7.02467071043704, 52.919869996207112 ], [ 7.026854375416079, 52.919037011418801 ], [ 7.04553112117777, 52.915915495722999 ], [ 7.039580572539965, 52.907560428300677 ], [ 7.039539903031377, 52.907503731080631 ], [ 7.039539874788632, 52.907503691924127 ], [ 7.016562059012825, 52.875446163771599 ], [ 7.014799274866757, 52.872986578728131 ], [ 7.018576914506943, 52.872974994720472 ], [ 7.040286193964239, 52.872818215182264 ], [ 7.043486223700511, 52.865218578090904 ], [ 7.046433017999846, 52.865855601788475 ], [ 7.047884922136467, 52.864506271004515 ], [ 7.051461353512399, 52.86118207053493 ], [ 7.052300941266023, 52.861495635325049 ], [ 7.062726515981982, 52.851468443916659 ], [ 7.063749671672166, 52.851789532304622 ], [ 7.0642701454103, 52.851043245578566 ], [ 7.065917304685255, 52.85164196687829 ], [ 7.069138155292483, 52.847863670734959 ], [ 7.070068098401483, 52.847793385205563 ], [ 7.076236882578873, 52.850030123911658 ], [ 7.076317061943696, 52.848746765189226 ], [ 7.072192957146666, 52.845210934661722 ], [ 7.07164094331952, 52.839278179277315 ], [ 7.072378654932535, 52.838513899724589 ], [ 7.092739665529198, 52.838196135693074 ], [ 7.07951259910084, 52.821616890120239 ], [ 7.0715511855057, 52.810421153902738 ], [ 7.069074765659257, 52.780323477235008 ], [ 7.06415088780462, 52.723202628508496 ], [ 7.05858738613639, 52.676695952867824 ], [ 7.056048023462361, 52.655394901068021 ], [ 7.055063322544586, 52.647083627455388 ], [ 7.054755244770931, 52.644422721381325 ], [ 7.055640554879536, 52.644359600486979 ], [ 7.055721112898832, 52.643499535466525 ], [ 7.041732810282874, 52.632710083742964 ], [ 7.038605806860729, 52.632870883894938 ], [ 7.03546701052583, 52.634854489834026 ], [ 7.028762285140393, 52.634640783627873 ], [ 7.012491632419326, 52.636776581964114 ], [ 7.006597479085365, 52.638521918416551 ], [ 7.004490662586285, 52.640876949735372 ], [ 7.00187732368027, 52.641918937302691 ], [ 6.999232760384002, 52.642152765710684 ], [ 6.992459051167802, 52.641332377908761 ], [ 6.984270793167003, 52.643636801380431 ], [ 6.981924583325055, 52.645012723268209 ], [ 6.975984696361596, 52.646254670525629 ], [ 6.974929570014992, 52.646107875062675 ], [ 6.968319155173478, 52.641830356645656 ], [ 6.9592328150757, 52.641730671373594 ], [ 6.953558168903783, 52.638990394404544 ], [ 6.945427157220304, 52.639342308891727 ], [ 6.938603103939056, 52.637885297268227 ], [ 6.934645074356292, 52.638323495138636 ], [ 6.928521878620965, 52.640184850053409 ], [ 6.919257325873424, 52.639845331148216 ], [ 6.916339744394052, 52.641333100713553 ], [ 6.914463774802337, 52.646481614910201 ], [ 6.902938061153965, 52.648593837975469 ], [ 6.897179737726323, 52.651371337012563 ], [ 6.891497847559216, 52.651522969674062 ], [ 6.87995027830029, 52.650548316810003 ], [ 6.872810702545418, 52.653270552739002 ], [ 6.864744662892531, 52.649858933719763 ], [ 6.861875214572827, 52.649690855867838 ], [ 6.853493236754091, 52.649524611719713 ], [ 6.850838565339161, 52.648615175495017 ], [ 6.837460139207172, 52.651943336201818 ], [ 6.831704772774616, 52.651497982067525 ], [ 6.827944131369106, 52.649181741082572 ], [ 6.821640041639341, 52.647693404676765 ], [ 6.818269911349397, 52.647727667560837 ], [ 6.816152107266165, 52.648615711986324 ], [ 6.80847288210999, 52.649022215960748 ], [ 6.807290379382425, 52.649419984633248 ], [ 6.805408792593989, 52.651373154381844 ], [ 6.80321049636087, 52.651870154903058 ], [ 6.79428995122429, 52.650656965712543 ], [ 6.789897459935784, 52.652791614158311 ], [ 6.786997679967712, 52.652377286543988 ], [ 6.783817092442659, 52.652532495514407 ], [ 6.777430906111105, 52.651660828077581 ], [ 6.774175323015275, 52.65019927288072 ], [ 6.772089227267948, 52.650051130551233 ], [ 6.767879219689401, 52.646851074059484 ], [ 6.758848355397931, 52.648825444602672 ], [ 6.75550494479868, 52.647259995561711 ], [ 6.75345155811435, 52.645806266427556 ], [ 6.751908011993181, 52.647030485582391 ], [ 6.7533297367171, 52.647579552567457 ], [ 6.753535263940829, 52.64800989714157 ], [ 6.752598241588136, 52.648110770471035 ], [ 6.750490168465308, 52.646886668255078 ], [ 6.741984042736103, 52.645332887387873 ], [ 6.735726237645578, 52.640375296465351 ], [ 6.730692406547002, 52.637524918938574 ], [ 6.727031346116359, 52.633934323410983 ], [ 6.726398097357318, 52.633220350361121 ], [ 6.720786344524453, 52.631432175497594 ], [ 6.718200839842638, 52.631306872802845 ], [ 6.715015666272593, 52.630265514504366 ], [ 6.710053111744895, 52.627820281038389 ], [ 6.706417094778031, 52.627004326285963 ], [ 6.702004531148243, 52.627267051404864 ], [ 6.700860413614461, 52.628320239411842 ], [ 6.70091086143047, 52.62940079650992 ], [ 6.704522781240946, 52.633139431879634 ], [ 6.70349769377431, 52.635232557250099 ], [ 6.706525507477098, 52.639542141108038 ], [ 6.70569791038866, 52.640890288005757 ], [ 6.702170324789996, 52.641083649670058 ], [ 6.70116870336049, 52.641668372709709 ], [ 6.702065961567727, 52.642466315179924 ], [ 6.705383141851224, 52.643320828573181 ], [ 6.705528562262308, 52.645652050496103 ], [ 6.708024982936118, 52.647720721084774 ], [ 6.708334040325407, 52.648758865457012 ], [ 6.701414907027465, 52.650221834393285 ], [ 6.685849932916022, 52.653478924421549 ], [ 6.68584861090886, 52.653479200414942 ], [ 6.682509173088225, 52.654178509583431 ], [ 6.655650817346135, 52.662033669628173 ], [ 6.646743983147335, 52.664638101176052 ], [ 6.629453215700452, 52.669688235180011 ], [ 6.614526801508529, 52.674049271295019 ], [ 6.612980139712229, 52.673838285224257 ], [ 6.603800826961591, 52.672585345039835 ], [ 6.581019395705199, 52.669468640067393 ], [ 6.552821389712455, 52.665594962035094 ], [ 6.547745896806874, 52.663971361415008 ], [ 6.52938067357998, 52.654507311662918 ], [ 6.529288043898234, 52.654455007408579 ], [ 6.529283785065127, 52.654452755540134 ], [ 6.513861463898781, 52.64629376771876 ], [ 6.514013777540985, 52.645272014794784 ], [ 6.517865759899093, 52.618917923488432 ], [ 6.518246983973325, 52.616468197433711 ], [ 6.518532691022407, 52.614080769633624 ], [ 6.512026842164047, 52.613649665850154 ], [ 6.511675591090133, 52.614040843590359 ], [ 6.509307056891327, 52.614795029566586 ], [ 6.505028418028679, 52.616860142964782 ], [ 6.490902468590064, 52.619155756603192 ], [ 6.48389550660296, 52.619076566970342 ], [ 6.480085118659694, 52.61835224527217 ], [ 6.478016185958721, 52.618631302333931 ], [ 6.472990969685716, 52.622265543082783 ], [ 6.472368731049734, 52.624579261021765 ], [ 6.469965169490716, 52.62498568091199 ], [ 6.467218782286683, 52.624278391974599 ], [ 6.464094655014341, 52.62383812556736 ], [ 6.460707527145392, 52.616991427603772 ], [ 6.453476975385101, 52.61395567145393 ], [ 6.443069857076686, 52.616187024717959 ], [ 6.442217879266121, 52.615720184058233 ], [ 6.438253473357252, 52.617148827736102 ], [ 6.434934370169245, 52.619285543995552 ], [ 6.433803064378484, 52.626409209750264 ], [ 6.432992225603014, 52.627765045330307 ], [ 6.431326151571549, 52.628369560054928 ], [ 6.428176485008926, 52.628188499183295 ], [ 6.426036660433753, 52.62651255391242 ], [ 6.426886440704144, 52.624638413643282 ], [ 6.42039779853525, 52.622390114233902 ], [ 6.418232210360622, 52.619045724457919 ], [ 6.416150181103323, 52.618667685391415 ], [ 6.412049107736523, 52.619868522530346 ], [ 6.411164158202961, 52.620823961530725 ], [ 6.409975445473501, 52.621603608264145 ], [ 6.406217656433062, 52.620419096981209 ], [ 6.405893772310601, 52.618708819186423 ], [ 6.406760876306695, 52.617942046449315 ], [ 6.403720254803646, 52.616254218100906 ], [ 6.401248052268383, 52.616274221431951 ], [ 6.396318037630048, 52.617779960810651 ], [ 6.39384557965928, 52.617233470619539 ], [ 6.391522214618107, 52.614519411388137 ], [ 6.386778182706293, 52.613619992426514 ], [ 6.384084204030553, 52.612250148694528 ], [ 6.38204825941548, 52.615645496110346 ], [ 6.380252686628686, 52.615021413709542 ], [ 6.376510377655419, 52.616923931654441 ], [ 6.377239350738519, 52.620013453821045 ], [ 6.373618325118223, 52.623326411227922 ], [ 6.375183747421145, 52.626028466116431 ], [ 6.374590216012983, 52.62848675660338 ], [ 6.369515611594508, 52.631901198470956 ], [ 6.368619661547614, 52.633541589580126 ], [ 6.369051547105605, 52.635639309893541 ], [ 6.366407941294693, 52.637453368237537 ], [ 6.363907090116774, 52.638376033242679 ], [ 6.364102333411775, 52.643141677145927 ], [ 6.359440778852816, 52.645518667708629 ], [ 6.355987564285188, 52.645894188410175 ], [ 6.343596313948654, 52.651157800614463 ], [ 6.341719616459216, 52.653685593520741 ], [ 6.334002897046376, 52.65469886288426 ], [ 6.331200772252643, 52.657161135681818 ], [ 6.327797712082432, 52.658692745940009 ], [ 6.326340171654624, 52.658958165972216 ], [ 6.32588363516166, 52.659708768908381 ], [ 6.327224595200471, 52.660446807063785 ], [ 6.325871335468251, 52.661154530180696 ], [ 6.325905633559724, 52.662915627284185 ], [ 6.327620350646542, 52.663717666444185 ], [ 6.328422837954554, 52.664633938172173 ], [ 6.328516813302949, 52.665378105782885 ], [ 6.329290121716742, 52.665398458295165 ], [ 6.328004446000202, 52.666131656029435 ], [ 6.328711465218054, 52.666738531138684 ], [ 6.326938166791152, 52.669206946563691 ], [ 6.32252931668311, 52.670437817420932 ], [ 6.319587166594433, 52.670397975190461 ], [ 6.318960577669068, 52.669721239855448 ], [ 6.316740213285884, 52.669895287559932 ], [ 6.316816293861136, 52.669493482532779 ], [ 6.314957066778227, 52.669424572505129 ], [ 6.314821762135714, 52.668750793977367 ], [ 6.313868221904579, 52.668666866705216 ], [ 6.314103204466315, 52.668058168843629 ], [ 6.312080466000435, 52.668055459193347 ], [ 6.311659698958236, 52.66733871442144 ], [ 6.309670373821541, 52.666752931597841 ], [ 6.305825840189184, 52.666239250165859 ], [ 6.302621769081127, 52.667346233027814 ], [ 6.301889387898437, 52.666996864078918 ], [ 6.302288076626361, 52.666426722742578 ], [ 6.299676185312037, 52.66649693663593 ], [ 6.299688873554443, 52.665830723752478 ], [ 6.297562993626467, 52.666369434185995 ], [ 6.295195624925863, 52.663577513741672 ], [ 6.295547777955921, 52.662322212525872 ], [ 6.291946865009482, 52.662437314664515 ], [ 6.288644623240116, 52.663434293497204 ], [ 6.288269668275239, 52.663887389773514 ], [ 6.287486929725603, 52.663452600924948 ], [ 6.287226183041431, 52.664180645275486 ], [ 6.285052513019399, 52.665394352940908 ], [ 6.285490726718195, 52.66699179000144 ], [ 6.284508407882273, 52.667162999924116 ], [ 6.282704902858257, 52.668219297085699 ], [ 6.279056394253375, 52.669051256916859 ], [ 6.277905351934542, 52.668539358943484 ], [ 6.277350399376807, 52.6689305049876 ], [ 6.276253934660228, 52.667313113492042 ], [ 6.274513303199958, 52.666897962810488 ], [ 6.273338909296204, 52.664910160152452 ], [ 6.270067118640723, 52.664794115489258 ], [ 6.265574228200737, 52.667263715036491 ], [ 6.265501196200828, 52.667987742818426 ], [ 6.265287134628332, 52.668762575355686 ], [ 6.265488593579009, 52.669139098750207 ], [ 6.260535137853612, 52.670477824985689 ], [ 6.258176249145111, 52.66981836486876 ], [ 6.257419645720104, 52.670407574304562 ], [ 6.255911664609813, 52.66960163547072 ], [ 6.255079121221753, 52.670072004836946 ], [ 6.25473558614395, 52.669578783803956 ], [ 6.254256084485587, 52.670197874230801 ], [ 6.252001453259641, 52.669881372345905 ], [ 6.250269866157701, 52.671095749729162 ], [ 6.250612398168625, 52.671867177789018 ], [ 6.249219425141229, 52.671384041555704 ], [ 6.247337724691819, 52.67277560279669 ], [ 6.24896575680243, 52.673901117476021 ], [ 6.248365116115928, 52.675616795185832 ], [ 6.2434989787382, 52.678785503776822 ], [ 6.240503845977083, 52.677728662828287 ], [ 6.237074549476974, 52.67754764204566 ], [ 6.236807713437353, 52.678028818668444 ], [ 6.23284313212624, 52.679109353717202 ], [ 6.232925214914879, 52.679870503725837 ], [ 6.234060829111597, 52.680237735302768 ], [ 6.232650879322269, 52.681486432978687 ], [ 6.230663080562548, 52.681185548995906 ], [ 6.228691677935881, 52.681648828269381 ], [ 6.228231321524478, 52.681286352872533 ], [ 6.227698472179235, 52.681725566479066 ], [ 6.227182079201267, 52.681252623959402 ], [ 6.224905432004001, 52.682431151605826 ], [ 6.222720663661625, 52.682682680766838 ], [ 6.220993952363883, 52.682827613725621 ], [ 6.221170383083431, 52.683475919590109 ], [ 6.2187146943423, 52.684377279853713 ], [ 6.219806801429319, 52.685704467255078 ], [ 6.218402153883292, 52.686004547150304 ], [ 6.217417094766796, 52.685524614243221 ], [ 6.216584426166579, 52.686392844297544 ], [ 6.214095681496453, 52.686315589871114 ], [ 6.213743566252629, 52.685652839504073 ], [ 6.212113741420614, 52.685308399766669 ], [ 6.21249957568071, 52.684632930914127 ], [ 6.210181145336232, 52.685224203424134 ], [ 6.206463368140239, 52.684858525812039 ], [ 6.204984856643936, 52.684161047349221 ], [ 6.203936625216651, 52.684666966263585 ], [ 6.201681516883486, 52.684620281535203 ], [ 6.196477516221693, 52.680865756048888 ], [ 6.194474830628677, 52.678825046860986 ], [ 6.194229772859433, 52.676629584739651 ], [ 6.192054771478228, 52.676426471952858 ], [ 6.191444465048912, 52.67931984914518 ], [ 6.189382673102885, 52.679233862140244 ], [ 6.18786218502019, 52.679613748261012 ], [ 6.18587068916535, 52.682503513492669 ], [ 6.180548205728703, 52.681587873585045 ], [ 6.182017809058922, 52.679449900873536 ], [ 6.182627763302469, 52.67950436622111 ], [ 6.184208083337609, 52.677207832519422 ], [ 6.181932923846942, 52.676868203159209 ], [ 6.183146848169665, 52.675063274466623 ], [ 6.180723093160034, 52.675436557183495 ], [ 6.177680229787347, 52.676129281469542 ], [ 6.170132267268467, 52.677936059580091 ], [ 6.168621119151559, 52.678386983579827 ], [ 6.163959274739764, 52.679473855181215 ], [ 6.162996113548568, 52.680061819242596 ], [ 6.168972509145628, 52.685533311993133 ], [ 6.169650899088706, 52.686120770486554 ], [ 6.168195568880411, 52.688135876627548 ], [ 6.166352122354099, 52.688945174946269 ], [ 6.164924734811396, 52.68888951156147 ], [ 6.162579865414327, 52.691061151131976 ], [ 6.158976041701886, 52.692154178243577 ], [ 6.158802689982939, 52.692480210676429 ], [ 6.156606681442305, 52.691957347156226 ], [ 6.153820607020068, 52.697336960385464 ], [ 6.151435882741209, 52.701376520061622 ], [ 6.151985051448839, 52.701596989063233 ], [ 6.151422778458543, 52.702882722176454 ], [ 6.14391846973262, 52.714264958208517 ], [ 6.142647085262952, 52.716326359268045 ], [ 6.139934973710029, 52.720362512538443 ], [ 6.132976388754846, 52.731396320068448 ], [ 6.129147870073887, 52.738028284859119 ], [ 6.127093624404966, 52.740263863537891 ], [ 6.120376223473515, 52.750242462786325 ], [ 6.121597328516485, 52.754210156892015 ], [ 6.126330462254879, 52.756834372980869 ], [ 6.132468094210344, 52.75866799431914 ], [ 6.137708752644956, 52.759004269736039 ], [ 6.156496419307966, 52.762650138322762 ], [ 6.160153703574037, 52.764658577178494 ], [ 6.163939986186745, 52.766449346108693 ], [ 6.168525388810377, 52.767093492618336 ], [ 6.172905974006889, 52.773054255543229 ], [ 6.176583985143909, 52.775199754642045 ], [ 6.184810149049468, 52.78030455941115 ], [ 6.193807864719061, 52.78640280634567 ], [ 6.201730742250688, 52.793696094817079 ], [ 6.199103524028965, 52.795828296162412 ], [ 6.185121238065105, 52.807224112495028 ], [ 6.180458078998799, 52.81103425793949 ], [ 6.177229782604304, 52.813851091568431 ], [ 6.172418931200511, 52.815639083785271 ], [ 6.171408177771927, 52.815255504945277 ], [ 6.157643904295626, 52.825035548879612 ], [ 6.151714833102758, 52.827399158478634 ], [ 6.149895735808826, 52.828123878831406 ], [ 6.149198956909105, 52.828402418387867 ], [ 6.149564678432338, 52.828458970748862 ], [ 6.151962155268811, 52.828829686180249 ], [ 6.150288736260284, 52.829940318500924 ], [ 6.136794483032991, 52.838917075416624 ], [ 6.130451673129389, 52.843872550585857 ], [ 6.128694393238034, 52.847807370316893 ], [ 6.119819889813939, 52.854214943213968 ], [ 6.120994744399524, 52.854649755133138 ], [ 6.140512521204493, 52.863478116252836 ], [ 6.141219093222964, 52.863799652605834 ], [ 6.160459547956042, 52.872520776122251 ], [ 6.190679751566051, 52.884478855529558 ], [ 6.200811950567222, 52.88837858263976 ], [ 6.206900007036154, 52.890743861189961 ], [ 6.228785292603344, 52.910302296164346 ], [ 6.232291053300591, 52.913438179885944 ], [ 6.24234301581247, 52.91834521753664 ], [ 6.244829592805605, 52.91958699934942 ], [ 6.247258689549847, 52.923347445666529 ], [ 6.247552946602442, 52.923691686162641 ], [ 6.256593063409256, 52.927641232936004 ], [ 6.283155242574852, 52.926147737146152 ], [ 6.302985255135563, 52.924972366748136 ], [ 6.333280544507836, 52.906356065205784 ], [ 6.369026187023093, 52.921975626178636 ], [ 6.393435770296861, 52.932843447366771 ], [ 6.402671156057106, 52.94338181005714 ], [ 6.427614708971872, 52.971815400073467 ], [ 6.422622955087762, 52.976593131988935 ], [ 6.413279837634505, 52.985522927333342 ], [ 6.40268646302724, 52.995653341261203 ], [ 6.374071937903996, 53.022956340851771 ], [ 6.362521372211423, 53.033969029095019 ], [ 6.36321882835212, 53.039262454019173 ], [ 6.364923966736113, 53.051977886894697 ], [ 6.367810520184601, 53.067359995389872 ], [ 6.351724581935016, 53.070931511938333 ], [ 6.332381542652382, 53.075207186889187 ], [ 6.332055348601995, 53.0752793786572 ], [ 6.305273761233356, 53.081189548535797 ], [ 6.31515744850534, 53.09405278464002 ], [ 6.337795882194794, 53.088688845633612 ], [ 6.340999242976237, 53.087944586162671 ], [ 6.344442859550672, 53.087150569019684 ], [ 6.356620477282122, 53.107084517866731 ], [ 6.363559885381331, 53.107560247350143 ], [ 6.365354000034606, 53.119527280419234 ], [ 6.365626896316197, 53.12128980155935 ], [ 6.366051891437271, 53.122558348791934 ], [ 6.381472577413085, 53.147737856735517 ], [ 6.382612271281861, 53.149570489733819 ], [ 6.381546329972608, 53.149592673777278 ], [ 6.381564016423236, 53.153185861044051 ], [ 6.38147095938595, 53.153436020838853 ], [ 6.388728550866063, 53.158014771848592 ], [ 6.391128129136729, 53.159418754322303 ], [ 6.395093718111999, 53.163528721334728 ], [ 6.397614301639024, 53.164512720955088 ], [ 6.398594459547915, 53.164862105937608 ], [ 6.402687250940926, 53.167005663107595 ], [ 6.404137894491486, 53.168572379931149 ], [ 6.404120699733266, 53.172955005814444 ], [ 6.405469531334325, 53.176282999785826 ], [ 6.405593276087354, 53.176474865757896 ], [ 6.407970277615127, 53.17814843033424 ], [ 6.424487530526685, 53.181678021923823 ], [ 6.438017906438784, 53.185651536069159 ], [ 6.442866783736723, 53.187740423089181 ], [ 6.445661941956306, 53.191015487182668 ], [ 6.447712074699071, 53.196440585061325 ], [ 6.449947913307895, 53.196696706443497 ], [ 6.46346142082945, 53.200058230954397 ], [ 6.481511831532542, 53.203553437168608 ], [ 6.48571682935421, 53.203821257815676 ], [ 6.492725633380469, 53.200736374999515 ], [ 6.493504905877004, 53.198497018680527 ] ] ] ] } },
{ "type": "Feature", "properties": { "fid": 6, "ck_zk": "ZK07", "jrstatcode": "2025ZK07", "statnaam": "Flevoland", "rubriek": "zorgkantoorregio", "id": 6 }, "geometry": { "type": "MultiPolygon", "coordinates": [ [ [ [ 5.863511720159767, 52.52035449198187 ], [ 5.8587700989994, 52.519061528146395 ], [ 5.858729799939808, 52.519809812417137 ], [ 5.859583252689173, 52.519857657212974 ], [ 5.862857616579269, 52.520906212025814 ], [ 5.863511720159767, 52.52035449198187 ] ] ], [ [ [ 5.860375223811261, 52.521362600784805 ], [ 5.860026545557573, 52.520302567107578 ], [ 5.859210634397225, 52.52040731087353 ], [ 5.858630646890673, 52.524569769237068 ], [ 5.858630748149652, 52.52456986859481 ], [ 5.858640887864929, 52.524577098205569 ], [ 5.860544700323472, 52.52593948406485 ], [ 5.861540918394858, 52.525627104443672 ], [ 5.86262545587691, 52.523345189294453 ], [ 5.86205147780174, 52.521859647097905 ], [ 5.860375223811261, 52.521362600784805 ] ] ], [ [ [ 5.533444869709518, 52.577716087162329 ], [ 5.529431671561263, 52.575102940648918 ], [ 5.525598048153755, 52.577318886698627 ], [ 5.529603678091611, 52.579840154453713 ], [ 5.533444869709518, 52.577716087162329 ] ] ], [ [ [ 5.757927016885874, 52.590754009743414 ], [ 5.756613830874988, 52.588340192510579 ], [ 5.73959207000954, 52.591029041392041 ], [ 5.735415324033963, 52.593958913298209 ], [ 5.734126628494668, 52.596748530282426 ], [ 5.734840943802468, 52.602285521288749 ], [ 5.74185618421518, 52.60475137213389 ], [ 5.750571118466786, 52.603883386261053 ], [ 5.754922331356159, 52.602018192418093 ], [ 5.757927016885874, 52.590754009743414 ] ] ], [ [ [ 5.888084402481143, 52.616862924073949 ], [ 5.843008727211804, 52.610750612460841 ], [ 5.864963608670926, 52.615615474506747 ], [ 5.867833294929332, 52.616069993395271 ], [ 5.869963740912706, 52.615624368875736 ], [ 5.87043142970405, 52.616421448190387 ], [ 5.886481082673794, 52.619839808204219 ], [ 5.88790745805017, 52.620371378362968 ], [ 5.892888302919101, 52.619689819246553 ], [ 5.893977708972699, 52.618504884509235 ], [ 5.896298374350842, 52.617974690510934 ], [ 5.888084402481143, 52.616862924073949 ] ] ], [ [ [ 6.010562595594502, 52.642440052247018 ], [ 6.008763658044477, 52.642274375278305 ], [ 6.003912085922215, 52.643538765379503 ], [ 5.999268261025501, 52.645701143527297 ], [ 5.999151033298964, 52.647772703435109 ], [ 6.002668402146733, 52.648711497877791 ], [ 6.007986638658545, 52.647970030273193 ], [ 6.012315512140625, 52.646555769830471 ], [ 6.013873224916676, 52.645685445286929 ], [ 6.010562595594502, 52.642440052247018 ] ] ], [ [ [ 5.748807356744224, 52.839679582668161 ], [ 5.784382141997081, 52.817475744688799 ], [ 5.78737549197019, 52.808969011407392 ], [ 5.789806672874144, 52.803691485512275 ], [ 5.795177033982417, 52.806521837382419 ], [ 5.803474410190059, 52.796858701980611 ], [ 5.812725480421597, 52.791186413553973 ], [ 5.818656493205891, 52.787635733404656 ], [ 5.818791763500077, 52.78469664770391 ], [ 5.828146520578368, 52.785545339297443 ], [ 5.836054309703256, 52.785635095644267 ], [ 5.837310574979447, 52.785023887886162 ], [ 5.841618422995423, 52.785138379833896 ], [ 5.843389942568436, 52.784463617986816 ], [ 5.850296490711259, 52.784530799425788 ], [ 5.862083295200251, 52.781022553402572 ], [ 5.879938535151886, 52.773091565583591 ], [ 5.885136550783225, 52.769300849389431 ], [ 5.892550334345012, 52.765959693989508 ], [ 5.894382821713619, 52.765133700301327 ], [ 5.896085417085646, 52.762822015055271 ], [ 5.897761868482398, 52.762134868772293 ], [ 5.900054127240127, 52.761195253141096 ], [ 5.906009446363249, 52.761325557395594 ], [ 5.921829484094165, 52.751169701389429 ], [ 5.930150529520861, 52.739586126801356 ], [ 5.935559418644981, 52.730251722705596 ], [ 5.941169754132894, 52.717550648616346 ], [ 5.941885217567108, 52.71594903321968 ], [ 5.942555031301335, 52.715001999593056 ], [ 5.951161371143035, 52.711919221711497 ], [ 5.952091738539221, 52.710876222179522 ], [ 5.955315511003246, 52.707261773050256 ], [ 5.954839010279306, 52.703767625656972 ], [ 5.959011668664417, 52.703863423520495 ], [ 5.964825026891277, 52.698104423271253 ], [ 5.965155429263163, 52.69356972280216 ], [ 5.962104800177944, 52.690350674222522 ], [ 5.959400149806233, 52.689950309309801 ], [ 5.952740279675786, 52.685240021558386 ], [ 5.951508805288473, 52.684951902447587 ], [ 5.949519112966519, 52.685713458564685 ], [ 5.946847878797455, 52.684002772528039 ], [ 5.944707565303116, 52.682712575088189 ], [ 5.945376969690003, 52.682301419808326 ], [ 5.940160538974165, 52.679223209114269 ], [ 5.933870298665179, 52.675510458509194 ], [ 5.932750590019315, 52.673188922592558 ], [ 5.93308401620595, 52.671263516168011 ], [ 5.934593466912041, 52.669781616115642 ], [ 5.935147852609884, 52.669233803554256 ], [ 5.939725865726139, 52.668835247164431 ], [ 5.940101132670559, 52.670426564229942 ], [ 5.941593519481772, 52.670516676289765 ], [ 5.954017326446539, 52.667674058123062 ], [ 5.958172509199565, 52.667809474599501 ], [ 5.961794957408784, 52.66729648647636 ], [ 5.963054292289044, 52.666398312168603 ], [ 5.964968381780952, 52.666154371009611 ], [ 5.966851667729428, 52.666580183331888 ], [ 5.970814000439276, 52.665188817393989 ], [ 5.974667269105189, 52.662713911874626 ], [ 5.979546420979964, 52.660495570114854 ], [ 5.982651821687711, 52.657943745140088 ], [ 5.981864462305242, 52.658314068442202 ], [ 5.98123806302637, 52.658091435437314 ], [ 5.983828011805401, 52.65632586520227 ], [ 5.983736717806552, 52.655607948964388 ], [ 5.968255639350468, 52.6412212290887 ], [ 5.963731302996459, 52.638740185445826 ], [ 5.884884291281219, 52.622804153756391 ], [ 5.83178604578738, 52.612538812287262 ], [ 5.771562403793447, 52.612761672132002 ], [ 5.750119441668573, 52.612807904094907 ], [ 5.748594136447204, 52.612264046715644 ], [ 5.745704673555444, 52.612344175072316 ], [ 5.745764315031461, 52.611228284271348 ], [ 5.749888885288757, 52.611130616216059 ], [ 5.750200330133128, 52.610744303916462 ], [ 5.745435074613128, 52.610832719045483 ], [ 5.743302127915601, 52.612410125726768 ], [ 5.741597780758917, 52.612118595898131 ], [ 5.7399070480463, 52.612846524627436 ], [ 5.663326357747358, 52.613045902520199 ], [ 5.658302834498701, 52.613720223465535 ], [ 5.653561128243293, 52.61545990535744 ], [ 5.651209333505309, 52.614766330729445 ], [ 5.641975530312243, 52.609845814457223 ], [ 5.639967752060777, 52.607866833823856 ], [ 5.650806424320073, 52.59931817575066 ], [ 5.654765407421471, 52.597336593315788 ], [ 5.725553603930822, 52.586435666691955 ], [ 5.730239417893259, 52.585730521309145 ], [ 5.755708706647698, 52.581894140891535 ], [ 5.756763706651423, 52.581283801493022 ], [ 5.756826940962562, 52.580641449547244 ], [ 5.756931841390573, 52.579575822458729 ], [ 5.759877522000929, 52.579612970277807 ], [ 5.760893604835482, 52.581553598913622 ], [ 5.763959485863911, 52.581206069200213 ], [ 5.76143075767486, 52.581082170909177 ], [ 5.761030665449713, 52.579333157634224 ], [ 5.767411475952927, 52.579296758527022 ], [ 5.783384066403197, 52.579819039656826 ], [ 5.803995421208046, 52.57968152681751 ], [ 5.809013851461643, 52.578936525398895 ], [ 5.812823107913933, 52.577463271183461 ], [ 5.851727766228613, 52.551218482529599 ], [ 5.853836046853608, 52.547210326464963 ], [ 5.854955665902111, 52.545081451489509 ], [ 5.855422240766455, 52.545619295911131 ], [ 5.855749781233735, 52.546153299935227 ], [ 5.856038313996248, 52.546152453216401 ], [ 5.855812670342933, 52.545246042802589 ], [ 5.856270186853556, 52.545136647322032 ], [ 5.85650821388667, 52.545850090678478 ], [ 5.857013630943577, 52.545870149151106 ], [ 5.857600673013995, 52.545650356179486 ], [ 5.857721220994054, 52.545181403045412 ], [ 5.857869490673203, 52.544604536357198 ], [ 5.856950304552938, 52.544027182833318 ], [ 5.856756605508528, 52.544365316263303 ], [ 5.856558717957263, 52.544710753762907 ], [ 5.856154859411416, 52.544788448404638 ], [ 5.855541352159889, 52.544587150571743 ], [ 5.855686863469531, 52.544106015599461 ], [ 5.85659940351592, 52.543811462913936 ], [ 5.856082226759161, 52.543512081504772 ], [ 5.85563562029347, 52.543825899380359 ], [ 5.855283504056173, 52.543800626196493 ], [ 5.854979989278768, 52.543040999730252 ], [ 5.856818342445272, 52.520374671444898 ], [ 5.857524886153588, 52.520202335981217 ], [ 5.857525160472656, 52.519192554096442 ], [ 5.856913345642044, 52.519202688058165 ], [ 5.856994938479366, 52.518196097087419 ], [ 5.855465969062736, 52.516845897529855 ], [ 5.852771057168512, 52.508886531313188 ], [ 5.852980014779677, 52.505979974093378 ], [ 5.84754795863704, 52.493451672301674 ], [ 5.816111553211265, 52.458851102290687 ], [ 5.816384939843853, 52.457708770174406 ], [ 5.817417671041997, 52.457301930304645 ], [ 5.81737723482119, 52.457255306994981 ], [ 5.816289907265983, 52.457606647731581 ], [ 5.815161780152149, 52.456360735416773 ], [ 5.814450364789612, 52.456732207175946 ], [ 5.812331663357764, 52.456624066474419 ], [ 5.803778206811399, 52.445857148712804 ], [ 5.80271709969173, 52.446202850932053 ], [ 5.79984357848214, 52.441455459537707 ], [ 5.797273140667226, 52.439620415024429 ], [ 5.797058592131297, 52.438832130756374 ], [ 5.781333257857732, 52.430887941758208 ], [ 5.777910535235902, 52.428335501391778 ], [ 5.775780822794758, 52.427907691912012 ], [ 5.757255043392726, 52.418983194987895 ], [ 5.747011187881606, 52.414582538871748 ], [ 5.745211550150999, 52.414660410851944 ], [ 5.744600169118854, 52.414050703853611 ], [ 5.744846863511525, 52.415156020368741 ], [ 5.742338790938133, 52.415304709024497 ], [ 5.742016496524935, 52.414544451481596 ], [ 5.743815111854266, 52.413747165079336 ], [ 5.74178153116807, 52.413595784921213 ], [ 5.739775807653849, 52.415308576502461 ], [ 5.726506803363255, 52.416972124709623 ], [ 5.720112719232026, 52.416135397380387 ], [ 5.661469642655515, 52.397937433965566 ], [ 5.645253188091418, 52.390730539149665 ], [ 5.644483002313321, 52.38992364055764 ], [ 5.645162906744226, 52.389237700962518 ], [ 5.643837092338894, 52.38924691480247 ], [ 5.644758612189985, 52.38853991833129 ], [ 5.639304826237077, 52.387316573835164 ], [ 5.637354257122442, 52.385742927998869 ], [ 5.636709293469111, 52.386186882136641 ], [ 5.635421595559509, 52.385009785257168 ], [ 5.636216749653679, 52.384152551766185 ], [ 5.635699960085602, 52.383950621510465 ], [ 5.634543211247804, 52.384782142326124 ], [ 5.632643150995719, 52.384048608337025 ], [ 5.634392914567421, 52.382568653903412 ], [ 5.6323039451973, 52.383917649819544 ], [ 5.625200775261278, 52.380315352531014 ], [ 5.623335174596702, 52.376612590982731 ], [ 5.620798464730697, 52.375921028210641 ], [ 5.616132452272971, 52.371721341979217 ], [ 5.616775888688156, 52.370778276519594 ], [ 5.615189396293035, 52.370840464661889 ], [ 5.616377676865674, 52.369461300487757 ], [ 5.616203343129057, 52.368737262701394 ], [ 5.615674678634081, 52.368440117821152 ], [ 5.616292923999231, 52.369313882887518 ], [ 5.614734115185288, 52.370565071594164 ], [ 5.614669285700739, 52.370525857572829 ], [ 5.61543546924579, 52.369824678204836 ], [ 5.612765552005166, 52.368662455569584 ], [ 5.610101728874751, 52.366470082089137 ], [ 5.611449677764023, 52.365904829041121 ], [ 5.614784378089214, 52.367908882046031 ], [ 5.615073814830848, 52.367652480067676 ], [ 5.612559353029756, 52.365973871990953 ], [ 5.613096681068972, 52.365554350739089 ], [ 5.611090323109142, 52.364404141888954 ], [ 5.611871877990785, 52.363979691227755 ], [ 5.613851104265032, 52.364556104439338 ], [ 5.615318687956771, 52.362614069299852 ], [ 5.614926215247963, 52.362504286134431 ], [ 5.614033940522963, 52.362250426452349 ], [ 5.61282743861596, 52.360865803643492 ], [ 5.612329318949162, 52.361326055971951 ], [ 5.612501063087457, 52.362295914752863 ], [ 5.611275191765344, 52.36298536460616 ], [ 5.611563388575291, 52.363827714898861 ], [ 5.610843031853784, 52.364275195410201 ], [ 5.610449339455562, 52.364175807387085 ], [ 5.608164530777199, 52.365296025575411 ], [ 5.607047639210232, 52.3645126621849 ], [ 5.601104739701489, 52.365557689343163 ], [ 5.588592661109602, 52.363207429226229 ], [ 5.582382650417873, 52.363072782177071 ], [ 5.563816243112898, 52.367572501885583 ], [ 5.542580030901564, 52.353346437048806 ], [ 5.538348636035502, 52.350125666400736 ], [ 5.537219378826511, 52.347229573802593 ], [ 5.541544071105132, 52.337811131641431 ], [ 5.545156297237413, 52.335083184882961 ], [ 5.548017291963342, 52.335578428183773 ], [ 5.552835977080958, 52.334152422962312 ], [ 5.552129849726282, 52.331697970050165 ], [ 5.551140051302053, 52.331353745992544 ], [ 5.549737377557886, 52.328953481152887 ], [ 5.548433535161469, 52.327296558192401 ], [ 5.552517528009215, 52.320926326412753 ], [ 5.552503042104719, 52.319786098627901 ], [ 5.550627319449308, 52.318967594092825 ], [ 5.548651899474518, 52.314499488350613 ], [ 5.549018901243457, 52.313549237097753 ], [ 5.549094836995805, 52.312071376070804 ], [ 5.546726718649576, 52.311967796962747 ], [ 5.547060368148641, 52.310881411331323 ], [ 5.548815214123644, 52.311163710431281 ], [ 5.549124768208507, 52.311631742792365 ], [ 5.54928407962215, 52.311535319218294 ], [ 5.549011184364243, 52.311054870897813 ], [ 5.546844042124059, 52.310382923109266 ], [ 5.542480798157106, 52.300326061606533 ], [ 5.538221495535877, 52.292764668762977 ], [ 5.535557258097099, 52.290512371034715 ], [ 5.538137471138308, 52.289112170008188 ], [ 5.535166835269154, 52.288745737122184 ], [ 5.528698350135155, 52.274925808388751 ], [ 5.526064551092996, 52.273397042765161 ], [ 5.51802935551438, 52.272557562884721 ], [ 5.492768762872903, 52.267852070364071 ], [ 5.488865699618376, 52.267013881232124 ], [ 5.488876623401677, 52.266736090891776 ], [ 5.487946932576464, 52.266300353190296 ], [ 5.487886630117904, 52.266349675542791 ], [ 5.488704363491224, 52.266736239219384 ], [ 5.488055054853443, 52.267208743025627 ], [ 5.487304421088982, 52.266589640718728 ], [ 5.487223979334286, 52.266616222821689 ], [ 5.487259134690203, 52.266862097969664 ], [ 5.486733799126792, 52.266911925557601 ], [ 5.485713496213043, 52.26665863162647 ], [ 5.485858714805812, 52.26634524119136 ], [ 5.487087053293388, 52.266603153794271 ], [ 5.487294480361069, 52.266496787671798 ], [ 5.487360786782831, 52.26593039496607 ], [ 5.487227033792823, 52.265910591577459 ], [ 5.487163368302181, 52.266357191377359 ], [ 5.471447185412245, 52.26354072297142 ], [ 5.469813419671076, 52.263247289689026 ], [ 5.452546362053673, 52.25988362913192 ], [ 5.452729151619176, 52.259460936526658 ], [ 5.433533247625314, 52.256401629415393 ], [ 5.433048000341122, 52.255816026356065 ], [ 5.417353113085947, 52.253459829070657 ], [ 5.409645407801143, 52.252612515621507 ], [ 5.401560198747802, 52.253296311142407 ], [ 5.399376053615403, 52.255365389283469 ], [ 5.395872521846095, 52.25633489000522 ], [ 5.396414367021231, 52.256859438948055 ], [ 5.394842829377746, 52.257856966723544 ], [ 5.3935489738435, 52.25704213533156 ], [ 5.395722393170239, 52.255926951823142 ], [ 5.395541909070372, 52.255805337100597 ], [ 5.392097449807025, 52.257733282758316 ], [ 5.392145008114077, 52.257826650990737 ], [ 5.392965951991765, 52.257381157523533 ], [ 5.394112267718902, 52.258049207942911 ], [ 5.392621045318512, 52.258883673002089 ], [ 5.391595062366864, 52.258114565907654 ], [ 5.391173512657205, 52.258628118783705 ], [ 5.392024218547292, 52.258909686006653 ], [ 5.38509614883751, 52.264042162027323 ], [ 5.317162081619427, 52.303558737422264 ], [ 5.332929871835805, 52.313887666057944 ], [ 5.333504844682798, 52.314273709047995 ], [ 5.344923444652446, 52.309939004330474 ], [ 5.350497021675355, 52.309231721424901 ], [ 5.354006256122254, 52.309407294464975 ], [ 5.379156126093411, 52.314108646571228 ], [ 5.350545192002868, 52.339038370903658 ], [ 5.337490240707668, 52.350373844202778 ], [ 5.301244499218823, 52.381986436512229 ], [ 5.313039483138419, 52.386252776432585 ], [ 5.313516994501001, 52.385741413191624 ], [ 5.332933997846977, 52.39277276062532 ], [ 5.332369857429784, 52.393246332915759 ], [ 5.339353278149382, 52.395812772786662 ], [ 5.346371308480501, 52.396113596975638 ], [ 5.348168362396805, 52.397028321133206 ], [ 5.350772403621867, 52.400208678682574 ], [ 5.34951417600784, 52.401467949322388 ], [ 5.343710279279663, 52.401242187980436 ], [ 5.334836650608485, 52.405734339784566 ], [ 5.318862570269009, 52.410709703722645 ], [ 5.275812367200888, 52.42331691905683 ], [ 5.267984044295544, 52.427365348037945 ], [ 5.258424194477879, 52.435425481693883 ], [ 5.377911013123047, 52.486898792410734 ], [ 5.386467609862067, 52.490267201841078 ], [ 5.394798307116492, 52.490771031224646 ], [ 5.400235984115223, 52.493632392389195 ], [ 5.416746301470264, 52.503048283478641 ], [ 5.417160599214511, 52.503455394169116 ], [ 5.418587482062796, 52.503056725285617 ], [ 5.419099151862864, 52.503377604151609 ], [ 5.418516102470456, 52.504020251601311 ], [ 5.419703119555559, 52.50335068863523 ], [ 5.420175731669489, 52.503534844204076 ], [ 5.419640537164409, 52.504627364318686 ], [ 5.424255394270543, 52.507017873241267 ], [ 5.424346979880819, 52.506930885094306 ], [ 5.434573998585565, 52.511193894905979 ], [ 5.440582488710167, 52.51781114086193 ], [ 5.439416454656979, 52.518821637080897 ], [ 5.436596226874615, 52.518283662775602 ], [ 5.43694867087471, 52.517204764896263 ], [ 5.43671625268854, 52.517113709784979 ], [ 5.436039283813029, 52.518255379241971 ], [ 5.436108303133149, 52.51869950947026 ], [ 5.436694509940678, 52.518576121824537 ], [ 5.437279710489409, 52.519011028933285 ], [ 5.43604204701389, 52.520745028581366 ], [ 5.435735162720981, 52.522048497148305 ], [ 5.435482706156791, 52.524472807116737 ], [ 5.434060520365481, 52.526351601728024 ], [ 5.432976283497028, 52.524717296061546 ], [ 5.431939711079002, 52.524734465773868 ], [ 5.429782580911426, 52.524895974598145 ], [ 5.429519156285815, 52.526641438103937 ], [ 5.429013814510256, 52.52676980152328 ], [ 5.429057987326731, 52.527347605079669 ], [ 5.427066668442429, 52.527425314362041 ], [ 5.427004665664877, 52.526732494355493 ], [ 5.426272185299232, 52.526825273486907 ], [ 5.425519895283403, 52.520828804586834 ], [ 5.424993634106983, 52.520828974096148 ], [ 5.425194048113603, 52.526961827068618 ], [ 5.422709127638136, 52.527276518049142 ], [ 5.423101985884622, 52.529011102031177 ], [ 5.424758216602697, 52.529609287927748 ], [ 5.425537906331366, 52.529667678515025 ], [ 5.426281424844971, 52.535517352206433 ], [ 5.427184151181253, 52.537952807881197 ], [ 5.4310697341635, 52.543544731981726 ], [ 5.438492689416037, 52.554922126836587 ], [ 5.440567036932062, 52.557206210660063 ], [ 5.443526362740119, 52.559495059111249 ], [ 5.446145003983974, 52.561081111456893 ], [ 5.448888386014269, 52.562236035441934 ], [ 5.45164303203223, 52.563300677111314 ], [ 5.464189861758546, 52.566182304036801 ], [ 5.46624073551283, 52.567470190863311 ], [ 5.467352253106037, 52.569253907998785 ], [ 5.466799291995581, 52.571771355920674 ], [ 5.457384240763655, 52.5899771522474 ], [ 5.455458734538162, 52.593558384207519 ], [ 5.407211506692009, 52.640844105949412 ], [ 5.40628382297968, 52.640617602469248 ], [ 5.398974567797282, 52.648833834467219 ], [ 5.360342334954662, 52.674179484976044 ], [ 5.352631700151178, 52.677430404937837 ], [ 5.30549431447697, 52.689886273559893 ], [ 5.299204683275065, 52.683218684791186 ], [ 5.293237713556021, 52.681306978936661 ], [ 5.287130054313885, 52.681579335032644 ], [ 5.281432067750455, 52.684389660431265 ], [ 5.288298973908576, 52.684198255373282 ], [ 5.292413227366021, 52.685072990973673 ], [ 5.295124304010651, 52.686778137922971 ], [ 5.296550884996299, 52.689828495919897 ], [ 5.286883434490551, 52.689895474883429 ], [ 5.287424934642896, 52.691164978836618 ], [ 5.297173443873865, 52.692185930914327 ], [ 5.302143733082876, 52.691594575454246 ], [ 5.353661501742648, 52.677738049157909 ], [ 5.361210244438812, 52.674419068325193 ], [ 5.39954884005712, 52.649383235639299 ], [ 5.413217409400554, 52.636005789067013 ], [ 5.415819066404031, 52.637093131123564 ], [ 5.416096476826657, 52.636303612877377 ], [ 5.414237521018447, 52.635634788176155 ], [ 5.415745851624131, 52.634233662487219 ], [ 5.41706300272538, 52.634572085579364 ], [ 5.415831401341507, 52.63366193751191 ], [ 5.456439140142135, 52.593640397313301 ], [ 5.467912697963697, 52.571370783121466 ], [ 5.468555819484693, 52.569640044440121 ], [ 5.466997814961844, 52.567214408744562 ], [ 5.464381483023678, 52.565719000353305 ], [ 5.453240878114803, 52.563308838065367 ], [ 5.448430967732709, 52.561597255379731 ], [ 5.443568566266165, 52.558850396093668 ], [ 5.439835338943776, 52.555512347438331 ], [ 5.428045686869464, 52.538094100170618 ], [ 5.426890667499848, 52.535034460218327 ], [ 5.426257999548673, 52.528031065381086 ], [ 5.427163701502707, 52.527983208279366 ], [ 5.427076339482018, 52.527493577466061 ], [ 5.429066657897742, 52.52741583332736 ], [ 5.429112330629039, 52.527868350190275 ], [ 5.429744000529271, 52.527925193675024 ], [ 5.430317170269232, 52.529410797147207 ], [ 5.432398533300855, 52.529354210724499 ], [ 5.4326756136226, 52.532288292507403 ], [ 5.433093236039965, 52.532425572371082 ], [ 5.432789764399817, 52.530596737995459 ], [ 5.433592883026682, 52.530529699747007 ], [ 5.434607192985482, 52.529784069410731 ], [ 5.434894698086425, 52.527620315197979 ], [ 5.43519814626499, 52.529683886423967 ], [ 5.436272023741338, 52.53104841906373 ], [ 5.439421247456735, 52.532875644942948 ], [ 5.439768332663081, 52.53267205573075 ], [ 5.436799520230644, 52.531000629490322 ], [ 5.438568930389745, 52.529877797017782 ], [ 5.441568363453658, 52.531619336058334 ], [ 5.440428767154818, 52.532319642471471 ], [ 5.441813233928534, 52.533138871195987 ], [ 5.442980658702909, 52.532405462705334 ], [ 5.445558548786392, 52.533882234638334 ], [ 5.445192817995396, 52.534193051618459 ], [ 5.446321931079168, 52.534800782521351 ], [ 5.445519324835732, 52.535323058694004 ], [ 5.444439074185786, 52.534725982445195 ], [ 5.443900605883996, 52.535175373227275 ], [ 5.4449013008329, 52.535725383768771 ], [ 5.444120425593231, 52.536240919098418 ], [ 5.442916789045736, 52.535543878286411 ], [ 5.44319552418562, 52.535274143608213 ], [ 5.442435538961764, 52.534826837750636 ], [ 5.442042359608751, 52.535329424101413 ], [ 5.442154448686428, 52.535979563631159 ], [ 5.44371431326047, 52.536916473919135 ], [ 5.444431538049225, 52.536849258739913 ], [ 5.447578482188561, 52.535217277058344 ], [ 5.45451102801385, 52.546012828629912 ], [ 5.454621304097002, 52.546634178804872 ], [ 5.453813077546332, 52.546790250959134 ], [ 5.455940827933123, 52.55032780731986 ], [ 5.454301146314716, 52.551192192996758 ], [ 5.454478251071542, 52.551405453563312 ], [ 5.457792961550338, 52.550101307556069 ], [ 5.45897091950372, 52.551383328368352 ], [ 5.460159539740462, 52.551856987073755 ], [ 5.462095400174439, 52.552151319924576 ], [ 5.493321682598803, 52.553268955350113 ], [ 5.497449443437366, 52.554366706337035 ], [ 5.500714442964688, 52.556104371972047 ], [ 5.518991951372554, 52.567400430205566 ], [ 5.51770227593564, 52.568261045347732 ], [ 5.521901373562628, 52.570838711121638 ], [ 5.523317575827376, 52.570072535433376 ], [ 5.541182545728811, 52.581103296699233 ], [ 5.558708883255473, 52.59226032136803 ], [ 5.565123405384074, 52.594638281919295 ], [ 5.572888477320754, 52.596157418224237 ], [ 5.628315215261228, 52.605358996351114 ], [ 5.641547085039479, 52.61054825934341 ], [ 5.649320347413233, 52.614662000977837 ], [ 5.650037097925583, 52.615593741153297 ], [ 5.651644638059524, 52.616973323570051 ], [ 5.629891057029755, 52.637716689636072 ], [ 5.615913876697082, 52.65062894705796 ], [ 5.601269563024369, 52.657031148711511 ], [ 5.60257806281172, 52.65745982573123 ], [ 5.59874822608014, 52.657548512041195 ], [ 5.598759406400386, 52.657642082911295 ], [ 5.602723832538812, 52.657724141875114 ], [ 5.602834587060631, 52.658046569403574 ], [ 5.602135924639231, 52.658307487157686 ], [ 5.602063255264286, 52.660224162764216 ], [ 5.600125538238911, 52.660153043236186 ], [ 5.600177802482444, 52.658900894445637 ], [ 5.597353082900861, 52.658800398291461 ], [ 5.596642328875401, 52.659322629357149 ], [ 5.598399917395801, 52.659397993908414 ], [ 5.598295727574468, 52.660244448044594 ], [ 5.596490753187478, 52.660195868497198 ], [ 5.59649146358679, 52.660344988680556 ], [ 5.599100378076233, 52.660414921181385 ], [ 5.599233295798659, 52.660877427846827 ], [ 5.599105325533831, 52.6609871241685 ], [ 5.59637763521263, 52.660679014224833 ], [ 5.593221685219103, 52.660834956915728 ], [ 5.593210035211025, 52.66062312819971 ], [ 5.595640180079856, 52.660294819595819 ], [ 5.597963282262283, 52.656478284340928 ], [ 5.597840052343067, 52.656446785880313 ], [ 5.595763409330225, 52.65891326848606 ], [ 5.591471922281917, 52.660987271722988 ], [ 5.591899020985444, 52.66293460371034 ], [ 5.59272747995421, 52.663074707298385 ], [ 5.593114713707172, 52.669885399227333 ], [ 5.593319550715893, 52.676280550744934 ], [ 5.593846504118028, 52.702182584753423 ], [ 5.594877843302811, 52.748000554114029 ], [ 5.595171961180277, 52.76262582780155 ], [ 5.596582871780349, 52.766058106185646 ], [ 5.633593002778292, 52.802222051976223 ], [ 5.65972139379166, 52.827668141922594 ], [ 5.663405185011767, 52.830086619866378 ], [ 5.669587230982486, 52.831733822780556 ], [ 5.709814962059818, 52.834664429825338 ], [ 5.712028541855203, 52.835693741754653 ], [ 5.713081365774213, 52.838027241277949 ], [ 5.722699070103703, 52.836074633165786 ], [ 5.728663438238734, 52.833398009178566 ], [ 5.729573993792976, 52.833726555293609 ], [ 5.727247290430969, 52.8369161951629 ], [ 5.72482388031273, 52.843623306543087 ], [ 5.724681986394606, 52.843982241292409 ], [ 5.745718919839033, 52.840236227775463 ], [ 5.748807356744224, 52.839679582668161 ] ] ] ] } },
{ "type": "Feature", "properties": { "fid": 7, "ck_zk": "ZK08", "jrstatcode": "2025ZK08", "statnaam": "Friesland", "rubriek": "zorgkantoorregio", "id": 7 }, "geometry": { "type": "MultiPolygon", "coordinates": [ [ [ [ 5.373002168938378, 53.072256905955882 ], [ 5.376507076741309, 53.071291032577044 ], [ 5.378172332841075, 53.071397444434325 ], [ 5.378344219612538, 53.072317124819698 ], [ 5.381019392740884, 53.072581098916551 ], [ 5.385993234668433, 53.069104186076402 ], [ 5.390869972574952, 53.05961180616778 ], [ 5.3944973020643, 53.057665483715382 ], [ 5.395457662834192, 53.055373840124197 ], [ 5.375348014458833, 53.056049112865637 ], [ 5.365733631811128, 53.068798644528634 ], [ 5.364069502110075, 53.07505920539198 ], [ 5.3646408389894, 53.075740538322961 ], [ 5.367522539561903, 53.076312827461201 ], [ 5.373002168938378, 53.072256905955882 ] ] ], [ [ [ 5.260339158118597, 53.250253568560915 ], [ 5.25131636347902, 53.249298691128949 ], [ 5.249379100778136, 53.250104608005721 ], [ 5.246255519185054, 53.253874123731983 ], [ 5.247800645584833, 53.255390328643067 ], [ 5.249743295207606, 53.255418500002051 ], [ 5.252896584207532, 53.255473394775954 ], [ 5.255022706450039, 53.254427318246591 ], [ 5.267376689765334, 53.252648919259137 ], [ 5.260339158118597, 53.250253568560915 ] ] ], [ [ [ 5.159757729588555, 53.296161729634989 ], [ 5.159775789245193, 53.296026605495726 ], [ 5.15972497314745, 53.296040238975152 ], [ 5.159757729588555, 53.296161729634989 ] ] ], [ [ [ 5.159757729588555, 53.296161729634989 ], [ 5.156938114679837, 53.292315543165039 ], [ 5.154155819200779, 53.291833429615131 ], [ 5.145617401347941, 53.290207487528896 ], [ 5.132949440791736, 53.283776437954458 ], [ 5.121476469801439, 53.281562515380656 ], [ 5.111054874545638, 53.287156866510337 ], [ 5.111150389767953, 53.28878238637477 ], [ 5.121779456821983, 53.292936537905355 ], [ 5.127145801293048, 53.299523019476929 ], [ 5.141111747522601, 53.300264675127664 ], [ 5.151032415397246, 53.298965478385448 ], [ 5.157807060178287, 53.2988502127807 ], [ 5.159757729588555, 53.296161729634989 ] ] ], [ [ [ 5.100412484551075, 53.300856435389193 ], [ 5.093410958947193, 53.295733914373983 ], [ 5.09259029568772, 53.295534020040897 ], [ 5.091371664117997, 53.29502320689636 ], [ 5.09128139284525, 53.295340785222372 ], [ 5.09190995989409, 53.295657869380307 ], [ 5.088595943497488, 53.297896347011665 ], [ 5.087598160003765, 53.29789668459123 ], [ 5.086825899136592, 53.297696195063232 ], [ 5.086275630766397, 53.297008339909276 ], [ 5.088959987681847, 53.296588655096087 ], [ 5.091406038241622, 53.294586582302017 ], [ 5.087424773009077, 53.296456477019674 ], [ 5.078345863067427, 53.296398464679299 ], [ 5.062962704420682, 53.293995737929492 ], [ 5.061851235438219, 53.293024290663183 ], [ 5.05979693888758, 53.291189453038861 ], [ 5.046491228582856, 53.28529524107531 ], [ 5.033328916546676, 53.281037561971871 ], [ 4.987624563721362, 53.270921192501469 ], [ 4.972038772291593, 53.264835037839624 ], [ 4.971610290749455, 53.261997865044485 ], [ 4.97874725519362, 53.253873730730845 ], [ 4.979379238526279, 53.248880000021948 ], [ 4.971468769444257, 53.242288513595248 ], [ 4.956445297592305, 53.23771967116182 ], [ 4.937708974220686, 53.227451745949729 ], [ 4.927511770969163, 53.219567526008198 ], [ 4.919407840790633, 53.216219665910351 ], [ 4.90806212489731, 53.216032272310201 ], [ 4.879630794193714, 53.214895644327179 ], [ 4.87151228677791, 53.207424476729393 ], [ 4.873275541989638, 53.205866941063675 ], [ 4.869359567477619, 53.204465989661927 ], [ 4.848044424316159, 53.206555979714523 ], [ 4.845011938649826, 53.208081318813576 ], [ 4.851917356115607, 53.22028617926577 ], [ 4.853567737690641, 53.222010375338257 ], [ 4.933093382798535, 53.255479622248949 ], [ 4.960510122912631, 53.271128613153756 ], [ 5.001059848383931, 53.289359762518743 ], [ 5.036252795632446, 53.301994479828672 ], [ 5.044600551506535, 53.304397570738502 ], [ 5.063990452459899, 53.307844240270505 ], [ 5.073603263987959, 53.307675456259069 ], [ 5.094678913902212, 53.305594877163131 ], [ 5.098616552437292, 53.304728078038252 ], [ 5.10074358921848, 53.303051092909136 ], [ 5.100412484551075, 53.300856435389193 ] ] ], [ [ [ 6.175555467799414, 53.3440676933321 ], [ 6.175679158033787, 53.343837140085931 ], [ 6.176785408589793, 53.344176457423764 ], [ 6.178241072272197, 53.342638849014854 ], [ 6.177537159788008, 53.341993724298753 ], [ 6.176203153581756, 53.342329869332033 ], [ 6.174909019366651, 53.343347930250552 ], [ 6.174410181715483, 53.343929891815364 ], [ 6.174530734451056, 53.345144405872261 ], [ 6.175818814292096, 53.345990910373182 ], [ 6.176722441368531, 53.34543791440769 ], [ 6.176746606601371, 53.344460924751324 ], [ 6.175555467799414, 53.3440676933321 ] ] ], [ [ [ 6.16851157537867, 53.359455261741935 ], [ 6.168964064262896, 53.35901720841624 ], [ 6.165114328597118, 53.3595514697992 ], [ 6.166246066866937, 53.362447877791588 ], [ 6.165272618528558, 53.364759904138474 ], [ 6.166117682668669, 53.364565872964576 ], [ 6.168748165549299, 53.360761776788479 ], [ 6.16851157537867, 53.359455261741935 ] ] ], [ [ [ 6.183547485264572, 53.412684966453426 ], [ 6.185027939412929, 53.411405815119814 ], [ 6.18204850371372, 53.412137738135179 ], [ 6.180789160046411, 53.413237735860207 ], [ 6.183547485264572, 53.412684966453426 ] ] ], [ [ [ 6.183482498000433, 53.41429160390296 ], [ 6.189408432299818, 53.412442606134903 ], [ 6.191470882240148, 53.4110874457606 ], [ 6.191013177374569, 53.410692169338645 ], [ 6.189752605658509, 53.411001769666569 ], [ 6.187731063563941, 53.410578828665734 ], [ 6.186740799630766, 53.411978525105944 ], [ 6.182955493333236, 53.413409980473524 ], [ 6.178388222679509, 53.413773406805745 ], [ 6.158950388952222, 53.408239695463124 ], [ 6.159308262007972, 53.407712442202332 ], [ 6.163323387786965, 53.408636542241219 ], [ 6.16336919678631, 53.408517837417726 ], [ 6.1616618132881, 53.408135749453692 ], [ 6.160291842361437, 53.406420494738448 ], [ 6.161062423284567, 53.406217588190287 ], [ 6.160592053815579, 53.405444994391004 ], [ 6.159737524871061, 53.405278651128633 ], [ 6.156452835289294, 53.400522775067451 ], [ 6.154941117792765, 53.392312484610493 ], [ 6.15775584892465, 53.386111625629525 ], [ 6.1604845928925, 53.384490365937303 ], [ 6.161112096603619, 53.38344606782308 ], [ 6.160836547412146, 53.382626670487177 ], [ 6.160372971295824, 53.38263363895765 ], [ 6.160477432309058, 53.383186554519988 ], [ 6.157209968355644, 53.384281744932679 ], [ 6.155604291926239, 53.38255085627727 ], [ 6.157525016334276, 53.382504197162682 ], [ 6.15927483963447, 53.381605964151248 ], [ 6.160212527842172, 53.382120307769654 ], [ 6.160504362457825, 53.382078618130706 ], [ 6.159944453707439, 53.381485022241577 ], [ 6.164041558323873, 53.378180296151321 ], [ 6.163263969801072, 53.377862256417792 ], [ 6.159784966864526, 53.378271066356177 ], [ 6.158226562335145, 53.378883948905077 ], [ 6.157259720136564, 53.3797448160676 ], [ 6.156934951397962, 53.379541652341651 ], [ 6.155173539808415, 53.379565197948644 ], [ 6.15440042163629, 53.379295221040124 ], [ 6.156515589547135, 53.379322172215694 ], [ 6.158203134272397, 53.378554317395903 ], [ 6.157817570554257, 53.378155313164214 ], [ 6.156647597412499, 53.37785453987285 ], [ 6.154835224538299, 53.377986221808513 ], [ 6.154344902650178, 53.37770394394586 ], [ 6.153950444817345, 53.377395991053106 ], [ 6.15549424847898, 53.377518871049688 ], [ 6.157236075876431, 53.377098151111213 ], [ 6.158487597448964, 53.376654749370843 ], [ 6.157821690130225, 53.377552239757755 ], [ 6.159226897674956, 53.377950547596846 ], [ 6.159440193677401, 53.377759776024718 ], [ 6.160259926646524, 53.378017744653121 ], [ 6.163234379819166, 53.377775820664674 ], [ 6.163220723616623, 53.377477025859129 ], [ 6.16416249068085, 53.377665051469833 ], [ 6.163793381265791, 53.376916018054558 ], [ 6.164669068539794, 53.375667355423133 ], [ 6.163871199202513, 53.375459136584873 ], [ 6.163225163740204, 53.371984437672999 ], [ 6.161923919389229, 53.368808160920906 ], [ 6.163251060488784, 53.367471817443494 ], [ 6.163138722642461, 53.365467340992559 ], [ 6.162242555731169, 53.365090902541297 ], [ 6.164797820436684, 53.360244374791961 ], [ 6.16422973111759, 53.359415989396609 ], [ 6.165392649445756, 53.359182439081493 ], [ 6.167741496466361, 53.35868599636936 ], [ 6.166273073608192, 53.354395264691185 ], [ 6.167781047103205, 53.349595809141206 ], [ 6.166042452544506, 53.346289053070286 ], [ 6.165248969983535, 53.345953272110442 ], [ 6.165467483894202, 53.345836832551775 ], [ 6.166756146305245, 53.346139053318645 ], [ 6.167626602047949, 53.348737672540665 ], [ 6.169522304594743, 53.346840028096366 ], [ 6.170770338418424, 53.34434437552909 ], [ 6.178249403354022, 53.340284696719451 ], [ 6.1787183658343, 53.33912749332297 ], [ 6.178330174064055, 53.337910294025136 ], [ 6.174083138367646, 53.334076356766211 ], [ 6.176501229069202, 53.325464106738913 ], [ 6.178973003478738, 53.322408534424277 ], [ 6.178201797854082, 53.320540132317504 ], [ 6.174635716303495, 53.319360018103147 ], [ 6.170806343677729, 53.319752695161633 ], [ 6.168956866103291, 53.31893467994454 ], [ 6.159495748760251, 53.318865714738749 ], [ 6.159432129619104, 53.318395951091411 ], [ 6.161501235391673, 53.317975841788055 ], [ 6.159226504929926, 53.316877517286393 ], [ 6.160169704414725, 53.316944142990614 ], [ 6.164862496616939, 53.318044031221156 ], [ 6.164406304070427, 53.317260966046838 ], [ 6.171917819784773, 53.317656028249267 ], [ 6.171740923335968, 53.318499575389403 ], [ 6.176419154164321, 53.318878381021641 ], [ 6.180952991266889, 53.320681082615465 ], [ 6.180715133735166, 53.322484531565827 ], [ 6.177815519268249, 53.325266448392362 ], [ 6.175255889085253, 53.332566629191525 ], [ 6.176018043638303, 53.33465098945836 ], [ 6.181100371509367, 53.338499293025158 ], [ 6.182576647813153, 53.338736324232258 ], [ 6.184933881486598, 53.336728288097646 ], [ 6.192448723261022, 53.333255801412392 ], [ 6.195386565726092, 53.332647621908954 ], [ 6.19911752904367, 53.33312530236639 ], [ 6.200754023574607, 53.333934629964574 ], [ 6.195790369684213, 53.332924052080031 ], [ 6.191907388470978, 53.333896055764107 ], [ 6.191001493247559, 53.335207046204246 ], [ 6.192634581547834, 53.336110120595286 ], [ 6.188625932207843, 53.33796666721932 ], [ 6.188103384544623, 53.339266175209232 ], [ 6.17501159244681, 53.3498114463072 ], [ 6.174318324074285, 53.350845636379297 ], [ 6.175432853810189, 53.354927686135099 ], [ 6.180790502681186, 53.357294888547024 ], [ 6.196794331903966, 53.352685276948186 ], [ 6.197785210937464, 53.349300302696307 ], [ 6.196163809950843, 53.345158640532198 ], [ 6.196552499553427, 53.34115721794673 ], [ 6.198016683250595, 53.34019174041569 ], [ 6.197305411087107, 53.344133232673691 ], [ 6.198866974406322, 53.344391873169862 ], [ 6.200156243361161, 53.342946929947118 ], [ 6.201116262474144, 53.343458816070857 ], [ 6.201015697683212, 53.346036522001008 ], [ 6.200247190749793, 53.34677461397731 ], [ 6.201448197575104, 53.347591113988948 ], [ 6.204086484107327, 53.353436217983486 ], [ 6.206687288501961, 53.354731633791502 ], [ 6.207919855936622, 53.354004647164217 ], [ 6.217588144183705, 53.35371955054476 ], [ 6.218891226597566, 53.350355995599053 ], [ 6.217558899095257, 53.348339713311645 ], [ 6.218098422651188, 53.345998929822436 ], [ 6.221419990702873, 53.3422464209754 ], [ 6.224414865427031, 53.340486015559385 ], [ 6.228333943129789, 53.339159619170843 ], [ 6.229789126952631, 53.336726639904825 ], [ 6.233142128712887, 53.336795187786926 ], [ 6.237887459064619, 53.335077484380122 ], [ 6.238202510557919, 53.335785316898779 ], [ 6.236019032892925, 53.336603752757924 ], [ 6.230927344707813, 53.340592569260068 ], [ 6.228207288744332, 53.341712029406438 ], [ 6.222949427398436, 53.345934987780844 ], [ 6.22068687675549, 53.348593220188931 ], [ 6.222730988442191, 53.351522076698522 ], [ 6.224295938087937, 53.350853998300344 ], [ 6.228195068085636, 53.344505250342564 ], [ 6.23064753943441, 53.342867403813308 ], [ 6.235963404772296, 53.341431046203972 ], [ 6.242823715804278, 53.343210482195367 ], [ 6.249695636184034, 53.347426462796278 ], [ 6.253635199292714, 53.347978265470083 ], [ 6.264440723903154, 53.34576011458681 ], [ 6.273025179896721, 53.344981708882827 ], [ 6.278605202571568, 53.342531100802688 ], [ 6.286901048804506, 53.34102626580524 ], [ 6.280503416685089, 53.312581484699457 ], [ 6.284027779511329, 53.311792166201855 ], [ 6.286763298904992, 53.312010364674762 ], [ 6.29277933349301, 53.309892156277648 ], [ 6.293579227229854, 53.30861522566255 ], [ 6.294016443954919, 53.308368577244288 ], [ 6.29025017149119, 53.305377683856264 ], [ 6.279478633872877, 53.303324380651553 ], [ 6.27830717544525, 53.302730935686363 ], [ 6.274488005110427, 53.299147386112281 ], [ 6.274374946432766, 53.29648870729568 ], [ 6.270286679905859, 53.293159730748449 ], [ 6.270754922561466, 53.292060139806388 ], [ 6.26926786236765, 53.290278463828386 ], [ 6.267456569136936, 53.290854853328824 ], [ 6.259903656385465, 53.291075709876921 ], [ 6.254266057383521, 53.28864283828208 ], [ 6.252941136409826, 53.284459247384738 ], [ 6.251408724147529, 53.277254968970738 ], [ 6.252964937210827, 53.273467863068191 ], [ 6.255763293835002, 53.270836489669236 ], [ 6.254943464165557, 53.26852454772267 ], [ 6.253474138436323, 53.267724628615568 ], [ 6.249977289708137, 53.267219997278076 ], [ 6.246863172423747, 53.268295830926753 ], [ 6.243625014747721, 53.266459527736522 ], [ 6.243484499403227, 53.265459824726889 ], [ 6.241623516935737, 53.263951683190783 ], [ 6.239415661036724, 53.263143235721927 ], [ 6.237973446654104, 53.261582736068576 ], [ 6.23876302765852, 53.259681033480099 ], [ 6.237584186728123, 53.257547158904451 ], [ 6.234944825295332, 53.256703899413012 ], [ 6.232173048892785, 53.256747412369478 ], [ 6.231749084922092, 53.255946627939615 ], [ 6.23262526612873, 53.254563916707589 ], [ 6.235100679369491, 53.253354843677279 ], [ 6.233665183512857, 53.250398998324407 ], [ 6.230318479261675, 53.25042641878553 ], [ 6.229601568468722, 53.248913197210847 ], [ 6.232075255667237, 53.247124663756146 ], [ 6.231094865674947, 53.245105362359617 ], [ 6.229707212970533, 53.244751899703317 ], [ 6.227743333038975, 53.245239672885937 ], [ 6.225111529999022, 53.244590420525498 ], [ 6.21945349010247, 53.242866750526133 ], [ 6.217978238112253, 53.241932130491428 ], [ 6.21844951535541, 53.241691303291695 ], [ 6.222823443907456, 53.239497672818864 ], [ 6.22461591919349, 53.239700941216967 ], [ 6.224972056678058, 53.238592839103106 ], [ 6.220239054202337, 53.237347760674616 ], [ 6.21554252297969, 53.236985154815649 ], [ 6.214805951171299, 53.235648528077135 ], [ 6.214583935996605, 53.233710697402486 ], [ 6.221680492060702, 53.231667697143166 ], [ 6.224632096752965, 53.230073794901486 ], [ 6.225339457465566, 53.225455381547533 ], [ 6.230173320378412, 53.222440431547085 ], [ 6.229988418687427, 53.217818449798294 ], [ 6.228934101001986, 53.2168054779209 ], [ 6.224750136963305, 53.214578573340958 ], [ 6.22483962026343, 53.212003823994309 ], [ 6.219242358907386, 53.206129811353833 ], [ 6.209578174623756, 53.199960977454467 ], [ 6.204114562489353, 53.19975847489949 ], [ 6.199621421570672, 53.198355319732336 ], [ 6.199830600385461, 53.195322698328802 ], [ 6.197037147762689, 53.192015868896654 ], [ 6.195276796562847, 53.191498501997643 ], [ 6.193097426731803, 53.189277732384205 ], [ 6.18803420529086, 53.182486716518639 ], [ 6.18579109766844, 53.178832361425137 ], [ 6.183016801074696, 53.173984361169403 ], [ 6.181223876468422, 53.170348264829812 ], [ 6.177337001500711, 53.166982764664027 ], [ 6.17675035960531, 53.159504513363032 ], [ 6.176306707463572, 53.152827798385253 ], [ 6.175621043291917, 53.144202199176405 ], [ 6.175234870261169, 53.135902627901608 ], [ 6.175677576274714, 53.135076376686833 ], [ 6.179069281845289, 53.133992024650205 ], [ 6.185716695339529, 53.129213440409536 ], [ 6.192941185449468, 53.123356594096933 ], [ 6.202381526670751, 53.117220591237256 ], [ 6.205609813682211, 53.11546645468492 ], [ 6.206205389699969, 53.115447763316261 ], [ 6.206271316716216, 53.115444484553024 ], [ 6.212860536767342, 53.115232538573835 ], [ 6.222606765128028, 53.114914146198998 ], [ 6.225961810546481, 53.114300140074398 ], [ 6.239363959059856, 53.113388825749134 ], [ 6.251264702986161, 53.113936959514028 ], [ 6.254381445397009, 53.114131494120848 ], [ 6.255594842824107, 53.11419971583625 ], [ 6.261684591161832, 53.114292694744968 ], [ 6.274138824602123, 53.111161165463891 ], [ 6.283050305351933, 53.106863137990679 ], [ 6.290565601165267, 53.099829050814776 ], [ 6.293172622208457, 53.099210015512291 ], [ 6.296426933594896, 53.098443338482497 ], [ 6.31515744850534, 53.09405278464002 ], [ 6.305273761233356, 53.081189548535797 ], [ 6.332055348601995, 53.0752793786572 ], [ 6.332381542652382, 53.075207186889187 ], [ 6.351724581935016, 53.070931511938333 ], [ 6.367810520184601, 53.067359995389872 ], [ 6.364923966736113, 53.051977886894697 ], [ 6.36321882835212, 53.039262454019173 ], [ 6.362521372211423, 53.033969029095019 ], [ 6.374071937903996, 53.022956340851771 ], [ 6.40268646302724, 52.995653341261203 ], [ 6.413279837634505, 52.985522927333342 ], [ 6.422622955087762, 52.976593131988935 ], [ 6.427614708971872, 52.971815400073467 ], [ 6.402671156057106, 52.94338181005714 ], [ 6.393435770296861, 52.932843447366771 ], [ 6.369026187023093, 52.921975626178636 ], [ 6.333280544507836, 52.906356065205784 ], [ 6.302985255135563, 52.924972366748136 ], [ 6.283155242574852, 52.926147737146152 ], [ 6.256593063409256, 52.927641232936004 ], [ 6.247552946602442, 52.923691686162641 ], [ 6.247258689549847, 52.923347445666529 ], [ 6.244829592805605, 52.91958699934942 ], [ 6.24234301581247, 52.91834521753664 ], [ 6.232291053300591, 52.913438179885944 ], [ 6.228785292603344, 52.910302296164346 ], [ 6.206900007036154, 52.890743861189961 ], [ 6.200811950567222, 52.88837858263976 ], [ 6.190679751566051, 52.884478855529558 ], [ 6.160459547956042, 52.872520776122251 ], [ 6.141219093222964, 52.863799652605834 ], [ 6.140512521204493, 52.863478116252836 ], [ 6.120994744399524, 52.854649755133138 ], [ 6.119819889813939, 52.854214943213968 ], [ 6.093193098063399, 52.844579417944786 ], [ 6.087480419982726, 52.843113862688689 ], [ 6.083297784399598, 52.839486976242299 ], [ 6.081000267767655, 52.838732323302587 ], [ 6.061512949395506, 52.839296292082551 ], [ 6.056489886538082, 52.837965771085862 ], [ 6.054546995456656, 52.837631313406789 ], [ 6.052607348006824, 52.837339119689084 ], [ 6.054979225445256, 52.831347286772193 ], [ 6.059300071150941, 52.82680556123848 ], [ 6.059951033724858, 52.826118536690963 ], [ 6.057816399737716, 52.82545265777393 ], [ 6.052935858526172, 52.824123365356975 ], [ 6.048536443650753, 52.821543647955025 ], [ 6.046957442935557, 52.820526384718164 ], [ 6.044519022040046, 52.819751545924476 ], [ 6.043508168742741, 52.819606810665917 ], [ 6.038209014769423, 52.817714109237919 ], [ 6.031168379643614, 52.814990708691667 ], [ 6.026616498966662, 52.821077601966692 ], [ 6.024558962546595, 52.82254466263565 ], [ 6.01789959442993, 52.821900336898551 ], [ 6.007483397850737, 52.820046468905083 ], [ 5.999078385382298, 52.816910007598544 ], [ 5.99650785655816, 52.816561509679616 ], [ 5.994209508160877, 52.819116243366238 ], [ 5.990574655407381, 52.821596560818115 ], [ 5.988904137828438, 52.822063953540564 ], [ 5.986473074449422, 52.821703121587596 ], [ 5.986394300541116, 52.821853984019398 ], [ 5.981556478763814, 52.829473220850645 ], [ 5.976174984669167, 52.834748172011921 ], [ 5.972870727900841, 52.840713570091594 ], [ 5.972438087974245, 52.841916695024146 ], [ 5.973127795318994, 52.842469714403109 ], [ 5.969976268217108, 52.84237532308866 ], [ 5.958731318940835, 52.839765961312168 ], [ 5.955792338084168, 52.837441846163642 ], [ 5.956853360228322, 52.834442704249895 ], [ 5.95578367377808, 52.833234569102586 ], [ 5.946247287987606, 52.837424715443582 ], [ 5.944368138987449, 52.837071049022192 ], [ 5.94180257789286, 52.835968563067851 ], [ 5.938019494307728, 52.835381769702941 ], [ 5.930157747360847, 52.835012906904595 ], [ 5.926732157708866, 52.833291768494306 ], [ 5.930653798564274, 52.832247560232062 ], [ 5.930115122195552, 52.831356541784373 ], [ 5.926983265579941, 52.831576785117242 ], [ 5.923097636703166, 52.831034503323963 ], [ 5.922747258220824, 52.829872580895618 ], [ 5.926409573961534, 52.828183444963173 ], [ 5.922946169257385, 52.827525835092793 ], [ 5.924202018826967, 52.823589843310849 ], [ 5.916321230362877, 52.820280337124657 ], [ 5.91385994440868, 52.818622114198853 ], [ 5.911965720349007, 52.816115948827765 ], [ 5.908583603373417, 52.813712079145539 ], [ 5.900657173528274, 52.811824865473355 ], [ 5.897881478136421, 52.807803312165468 ], [ 5.893428707937263, 52.806282881735648 ], [ 5.882577946902519, 52.803919600683429 ], [ 5.879580817917839, 52.801202677854214 ], [ 5.876292243042149, 52.80085487188024 ], [ 5.868679640983712, 52.802726229349432 ], [ 5.865636138636162, 52.804650455320264 ], [ 5.859639957763688, 52.804536244399877 ], [ 5.857026771679714, 52.807228860857784 ], [ 5.854802503426849, 52.805518196796889 ], [ 5.849951822689008, 52.806161687265252 ], [ 5.843593643370088, 52.805032542601253 ], [ 5.842201968061011, 52.807584265380676 ], [ 5.838444419259773, 52.805947028796822 ], [ 5.836101862643067, 52.805954609838039 ], [ 5.83736534585289, 52.808261814500206 ], [ 5.833411154900568, 52.811760618825929 ], [ 5.828720575659601, 52.813426933445712 ], [ 5.824154493653732, 52.813297054465565 ], [ 5.822354325060527, 52.815109428109764 ], [ 5.820306033018416, 52.815950193824897 ], [ 5.819896856797564, 52.816903304274874 ], [ 5.81974419827096, 52.817278388588818 ], [ 5.817070756758223, 52.816688386057614 ], [ 5.810015541433563, 52.813883551092104 ], [ 5.795177033982417, 52.806521837382419 ], [ 5.789806672874144, 52.803691485512275 ], [ 5.78737549197019, 52.808969011407392 ], [ 5.784382141997081, 52.817475744688799 ], [ 5.748807356744224, 52.839679582668161 ], [ 5.745718919839033, 52.840236227775463 ], [ 5.724681986394606, 52.843982241292409 ], [ 5.72482388031273, 52.843623306543087 ], [ 5.727247290430969, 52.8369161951629 ], [ 5.729573993792976, 52.833726555293609 ], [ 5.728663438238734, 52.833398009178566 ], [ 5.722699070103703, 52.836074633165786 ], [ 5.713081365774213, 52.838027241277949 ], [ 5.712362934948513, 52.838299964078907 ], [ 5.712602564475215, 52.839605342454433 ], [ 5.71205326068428, 52.840074621540793 ], [ 5.712701292324829, 52.8409992581213 ], [ 5.710654816249682, 52.84040276413603 ], [ 5.710200407152512, 52.838949390263636 ], [ 5.708841010593638, 52.838485602193629 ], [ 5.710025831088503, 52.84071485277304 ], [ 5.716629810223245, 52.842565747722617 ], [ 5.714907698042213, 52.842676839977045 ], [ 5.715263652173531, 52.843283843598201 ], [ 5.714605480840608, 52.842535259372525 ], [ 5.711366248297423, 52.84164441505817 ], [ 5.709753211940409, 52.841876729787018 ], [ 5.707939606978204, 52.838145574802468 ], [ 5.706163939877254, 52.838785613086806 ], [ 5.707783782804319, 52.841751275254637 ], [ 5.70259865676438, 52.843622460397739 ], [ 5.702314998223859, 52.843126915741308 ], [ 5.705672518990856, 52.841705485824775 ], [ 5.706056343506883, 52.840754394192722 ], [ 5.705215397515683, 52.839924712910026 ], [ 5.704592970368565, 52.840157148275544 ], [ 5.703715379089576, 52.83889137096498 ], [ 5.704562072932594, 52.83851869910881 ], [ 5.703305096828404, 52.837758894549822 ], [ 5.69934962317044, 52.84085838742881 ], [ 5.70019489906149, 52.842916912087865 ], [ 5.698004895594578, 52.844240204248408 ], [ 5.695160613736129, 52.844625221931821 ], [ 5.694623500654747, 52.844120024069817 ], [ 5.693945769019653, 52.844390076771326 ], [ 5.693116415971274, 52.845143216904106 ], [ 5.685150054634626, 52.845944185369149 ], [ 5.683701100349572, 52.844782589583453 ], [ 5.680317407968874, 52.845251822764233 ], [ 5.680407664508114, 52.845945910106948 ], [ 5.679686099930182, 52.84617050357032 ], [ 5.678530496683704, 52.845136851965414 ], [ 5.673564628669751, 52.845119116135919 ], [ 5.668237428298315, 52.844644436446053 ], [ 5.669410073887706, 52.841001090341919 ], [ 5.66461470287612, 52.844321491893176 ], [ 5.657598532646778, 52.843695715131048 ], [ 5.657175016570318, 52.845108352501498 ], [ 5.654833785831598, 52.845962176503633 ], [ 5.653903625756932, 52.847247056423861 ], [ 5.654545399501913, 52.847781543018399 ], [ 5.656382443627175, 52.847677194236034 ], [ 5.657248970003251, 52.853997787956793 ], [ 5.644618369760616, 52.860385648458347 ], [ 5.643373929945217, 52.859899903222299 ], [ 5.641252184007654, 52.860282110966153 ], [ 5.634625072780189, 52.858368268595768 ], [ 5.618465856426093, 52.850966186117063 ], [ 5.616605558001371, 52.850709087537609 ], [ 5.60788493720794, 52.851806182979772 ], [ 5.601375724149539, 52.85198470464168 ], [ 5.585257300377856, 52.849378363193175 ], [ 5.582704460211692, 52.847338880215943 ], [ 5.582981710314615, 52.845097740533731 ], [ 5.579995544575518, 52.839732323217234 ], [ 5.57309149420424, 52.836169602672364 ], [ 5.567341538132199, 52.834230359057941 ], [ 5.558890969780092, 52.833012535887171 ], [ 5.552766841688193, 52.832590021528077 ], [ 5.544853629209564, 52.83306597951205 ], [ 5.526952846957075, 52.837450957464284 ], [ 5.500010094405051, 52.845773485683374 ], [ 5.486178894152818, 52.849183899123489 ], [ 5.472930502344946, 52.851690458408385 ], [ 5.466933663261651, 52.85192594613892 ], [ 5.453665623252203, 52.854706450462821 ], [ 5.450422576072213, 52.854088160529244 ], [ 5.449016555374422, 52.852132607503698 ], [ 5.447329309465821, 52.851523160579347 ], [ 5.441004562250379, 52.850916181537741 ], [ 5.43853371277941, 52.85110274866426 ], [ 5.430793441936328, 52.85003928954341 ], [ 5.42612623297661, 52.848135039986886 ], [ 5.414882075955172, 52.850254574175089 ], [ 5.398080909085091, 52.857100516524746 ], [ 5.389860992649865, 52.861942651273694 ], [ 5.384202572498205, 52.866520568590595 ], [ 5.379276569503051, 52.868505541015438 ], [ 5.373744997816881, 52.871180844667506 ], [ 5.369192488061092, 52.872390406505943 ], [ 5.365093684511643, 52.872784044533901 ], [ 5.366403329326266, 52.873548402250883 ], [ 5.363827483854269, 52.876153795123585 ], [ 5.363337125719781, 52.876084123662835 ], [ 5.360468433496079, 52.876306644554454 ], [ 5.360422423152643, 52.876396165631945 ], [ 5.363421915262617, 52.876563982179071 ], [ 5.364716035651955, 52.87688731291194 ], [ 5.363775761582041, 52.878160309409303 ], [ 5.362555969803516, 52.877993036600046 ], [ 5.361765479278554, 52.878177046783215 ], [ 5.36128175423192, 52.877841226860994 ], [ 5.361199585536453, 52.877887920764103 ], [ 5.361776151899596, 52.878343739039231 ], [ 5.36257695197714, 52.878340962806135 ], [ 5.362302840120087, 52.878917392663411 ], [ 5.360963399085612, 52.878803849277986 ], [ 5.359722565301171, 52.878971566509506 ], [ 5.356751027186599, 52.884178581948838 ], [ 5.355084418754433, 52.88497313388811 ], [ 5.354380540429016, 52.886002253161607 ], [ 5.353676058238568, 52.885985406428247 ], [ 5.355066329732866, 52.886775285041239 ], [ 5.35531491047976, 52.88667654269041 ], [ 5.354590845936301, 52.886302282665326 ], [ 5.35576634137635, 52.885860710304897 ], [ 5.358186432350466, 52.885953888384613 ], [ 5.358271598275119, 52.886222766407649 ], [ 5.356823836639372, 52.88637831007442 ], [ 5.356762672938549, 52.886580408767657 ], [ 5.361367660774749, 52.887027894290149 ], [ 5.361317579131044, 52.887558773944605 ], [ 5.354816055824908, 52.88737918420145 ], [ 5.352342621311307, 52.886187386694246 ], [ 5.352071945659858, 52.886381625267603 ], [ 5.357631126691138, 52.889108874788889 ], [ 5.360351870254462, 52.89232469225103 ], [ 5.364282406796002, 52.894247245411492 ], [ 5.368813140494763, 52.898004712784775 ], [ 5.371372676237221, 52.899400257698396 ], [ 5.383368499831737, 52.902588375636377 ], [ 5.388793213710376, 52.905436965079559 ], [ 5.390905985461563, 52.905637751489209 ], [ 5.393444320791999, 52.904707185093187 ], [ 5.397337395612176, 52.906317159559208 ], [ 5.401018532569878, 52.90605076640567 ], [ 5.406790151437763, 52.910114020261027 ], [ 5.407219637627824, 52.913229567120602 ], [ 5.407926319874258, 52.913765729325583 ], [ 5.407154590689093, 52.917398641015168 ], [ 5.409288889366394, 52.92150883542579 ], [ 5.40589342877693, 52.92621436458856 ], [ 5.402208285799072, 52.936710126959987 ], [ 5.401025299237247, 52.939182345674531 ], [ 5.395904883206708, 52.943028963312813 ], [ 5.402279468931263, 52.945213749707193 ], [ 5.402372912778809, 52.945071379528166 ], [ 5.401724856350279, 52.94448536110076 ], [ 5.402650452781915, 52.943842380941241 ], [ 5.403085297536749, 52.943898887600071 ], [ 5.40283773788566, 52.944687136764891 ], [ 5.403660746296722, 52.944755518670298 ], [ 5.40374212059791, 52.943986095894296 ], [ 5.404821646046091, 52.943969104266074 ], [ 5.404862157909652, 52.945088380383631 ], [ 5.406373445105211, 52.9451159912227 ], [ 5.406391795964665, 52.947034088613215 ], [ 5.403989400830191, 52.947084700428924 ], [ 5.402807268818973, 52.946696997716984 ], [ 5.402553281269526, 52.946433831416947 ], [ 5.402843775998844, 52.945092695673694 ], [ 5.403353894333604, 52.945129040482179 ], [ 5.403323265868893, 52.944944666505791 ], [ 5.402729970371542, 52.944937251321761 ], [ 5.402360797354597, 52.945922484878992 ], [ 5.402349277158418, 52.946432203354775 ], [ 5.40262384953114, 52.946750912581201 ], [ 5.403948886447357, 52.947202320556023 ], [ 5.406597183337217, 52.947190854285182 ], [ 5.407867686524103, 52.946422215364002 ], [ 5.409115155134574, 52.947887994405086 ], [ 5.408810052496591, 52.950642287908217 ], [ 5.409578394753225, 52.951445892882049 ], [ 5.408939846273507, 52.953957811010035 ], [ 5.407727895077369, 52.953593557159316 ], [ 5.40680925922269, 52.956259524338492 ], [ 5.408345960077962, 52.956921387284304 ], [ 5.408056991696132, 52.959557986491568 ], [ 5.406112432085147, 52.959007013676818 ], [ 5.404532997146238, 52.95977496948435 ], [ 5.410842791928006, 52.960539745702974 ], [ 5.43222854370547, 52.971031626712026 ], [ 5.43197536841008, 52.971201970787504 ], [ 5.421824294848485, 52.966330803748789 ], [ 5.418317049951067, 52.968918683862704 ], [ 5.417474359071347, 52.968869261448191 ], [ 5.418075521044335, 52.966612415239574 ], [ 5.419452777539728, 52.965192508965444 ], [ 5.411333604227733, 52.961294607481371 ], [ 5.412784543298036, 52.963525965803633 ], [ 5.410296583744255, 52.970394723141283 ], [ 5.408135827063369, 52.974269454568827 ], [ 5.405870966649364, 52.976371729938812 ], [ 5.402894827788615, 52.984423996173348 ], [ 5.39947217596956, 52.990007059634813 ], [ 5.398623126431445, 52.996639578446775 ], [ 5.39679672294423, 53.002819643919317 ], [ 5.401147509371267, 53.00529948827559 ], [ 5.405368983443057, 53.011747349105164 ], [ 5.406887186521791, 53.011349560785717 ], [ 5.407902070605326, 53.013317038262905 ], [ 5.405711004813353, 53.012592908074964 ], [ 5.404700528899362, 53.013348379799552 ], [ 5.406551276135954, 53.014455530298619 ], [ 5.408385611453908, 53.018467580099895 ], [ 5.408094085126401, 53.020297248600158 ], [ 5.397670171442837, 53.02343290491109 ], [ 5.396771908883933, 53.025074683801584 ], [ 5.398385486177966, 53.027894124167751 ], [ 5.396108344004021, 53.028629882717688 ], [ 5.396604979421429, 53.03014160173268 ], [ 5.401185382233784, 53.030332390336788 ], [ 5.402877094925343, 53.031638465274945 ], [ 5.400952653498361, 53.035292963201854 ], [ 5.401063580237095, 53.037696683808619 ], [ 5.402224299164992, 53.037789997074604 ], [ 5.403679079723731, 53.036880792578188 ], [ 5.404994892577622, 53.034138471143173 ], [ 5.406820803404556, 53.033092645895422 ], [ 5.403126294454125, 53.039588130351625 ], [ 5.404397307340428, 53.042124557046172 ], [ 5.404585577106971, 53.047241323554601 ], [ 5.403505218393761, 53.04852140127992 ], [ 5.403211547914039, 53.044091545435542 ], [ 5.401302819509237, 53.041212805530094 ], [ 5.400066965390868, 53.033635521290677 ], [ 5.398695292936304, 53.032476280854681 ], [ 5.394287392297576, 53.032127417061901 ], [ 5.39287035564793, 53.033593853005613 ], [ 5.393612035794526, 53.034446583652766 ], [ 5.389202318342116, 53.040628213309901 ], [ 5.384927744954955, 53.044589681840357 ], [ 5.384067400389005, 53.045007797083507 ], [ 5.376188251618961, 53.042819500611884 ], [ 5.374237738006618, 53.044306974671152 ], [ 5.373626408046338, 53.045705975223072 ], [ 5.379927584130721, 53.047101910830385 ], [ 5.380173403547857, 53.047867670132561 ], [ 5.378036521811437, 53.053382757496045 ], [ 5.376065472698314, 53.054749589176588 ], [ 5.392935092499839, 53.05483869293478 ], [ 5.395965157199893, 53.05168535995405 ], [ 5.395031014094088, 53.050220175405698 ], [ 5.400425012017171, 53.049896107231028 ], [ 5.400888032323045, 53.050464920638795 ], [ 5.396745403640244, 53.050644314425142 ], [ 5.396606346779705, 53.051620080955878 ], [ 5.397535789889628, 53.051873322344989 ], [ 5.396639659658454, 53.052079272498496 ], [ 5.394840391422028, 53.054809926666323 ], [ 5.397089073239862, 53.05480086375141 ], [ 5.399160037012589, 53.051792821357061 ], [ 5.400227790718227, 53.051751660363223 ], [ 5.398277454822686, 53.054762900043016 ], [ 5.401206004620038, 53.053908065076811 ], [ 5.402670401253642, 53.051679577040403 ], [ 5.403753579959805, 53.051744471440841 ], [ 5.402106279899762, 53.054444325338444 ], [ 5.401042077501613, 53.054760191319779 ], [ 5.397083652747042, 53.059288606374409 ], [ 5.394835052471424, 53.060855551302161 ], [ 5.392629334165204, 53.063166673866704 ], [ 5.391186285157622, 53.066770705622559 ], [ 5.389931640166036, 53.069516365273714 ], [ 5.391185143536712, 53.072957300958052 ], [ 5.389397727742659, 53.075407991652426 ], [ 5.389427034276562, 53.076786992207438 ], [ 5.382749353030017, 53.084934609515507 ], [ 5.379409204908884, 53.091650174650425 ], [ 5.374599404868777, 53.091025150703956 ], [ 5.350809881263856, 53.077326224692911 ], [ 5.344375404813281, 53.074900256314976 ], [ 5.343864930478571, 53.073722479673485 ], [ 5.338068992877087, 53.072729576558174 ], [ 5.338874745768799, 53.070424182665484 ], [ 5.33905211936454, 53.068007563773882 ], [ 5.339987549621514, 53.066361826451285 ], [ 5.339770424850535, 53.065006166080366 ], [ 5.339584390644257, 53.064958617761448 ], [ 5.339506860859423, 53.066381527007273 ], [ 5.338188673297139, 53.069164335793381 ], [ 5.337555841468514, 53.06911889894905 ], [ 5.337543025637169, 53.068418821218934 ], [ 5.33744340351377, 53.068413577113304 ], [ 5.336733972747692, 53.070018920449066 ], [ 5.337615591701994, 53.0701355839944 ], [ 5.336242957105989, 53.073248770077775 ], [ 5.335058573870372, 53.073706465404875 ], [ 5.334533622156246, 53.071986817694984 ], [ 5.335360411331334, 53.069881400097614 ], [ 5.336493703772391, 53.069986379918902 ], [ 5.337198811681288, 53.068385169734178 ], [ 5.33600484348838, 53.06824021007106 ], [ 5.337390471779812, 53.064819039261415 ], [ 5.340698758094495, 53.063581401264805 ], [ 5.340417680057537, 53.06339871045931 ], [ 5.337081373805568, 53.064867417872122 ], [ 5.333554258790818, 53.072381999960463 ], [ 5.331176680459025, 53.073284398182452 ], [ 5.327424753369494, 53.072678575282595 ], [ 5.326640271394449, 53.071363318861032 ], [ 5.326351881120754, 53.071838204115274 ], [ 5.324328373366351, 53.071619831369475 ], [ 5.322907290942016, 53.071880421731393 ], [ 5.301679972478828, 53.068517937764383 ], [ 5.297124965120156, 53.067242620892713 ], [ 5.221807915073756, 53.028095882121143 ], [ 5.213385475780431, 53.023217673660966 ], [ 5.212708898198216, 53.021264223302268 ], [ 5.210963081725464, 53.020279906250686 ], [ 5.207916753132398, 53.018926052903353 ], [ 5.206564360443371, 53.019527626840144 ], [ 5.20469927634389, 53.018649499824157 ], [ 5.207226202266516, 53.017069446965394 ], [ 5.202528749614075, 53.01751095076073 ], [ 5.166762437213253, 52.999259077018067 ], [ 5.165883070627195, 52.999867188925094 ], [ 5.201905546203275, 53.018764161485507 ], [ 5.201614631987765, 53.02084414779344 ], [ 5.203528784227135, 53.019615049679089 ], [ 5.29323566246758, 53.066552452004821 ], [ 5.301157156404512, 53.069286672996107 ], [ 5.323648783095644, 53.072844156266804 ], [ 5.324918900233021, 53.074360234958569 ], [ 5.322956520673338, 53.07906745364447 ], [ 5.326998784527858, 53.079639892616456 ], [ 5.327111049990196, 53.079404987247202 ], [ 5.32371516892689, 53.078816082015209 ], [ 5.325831659561597, 53.073704762821002 ], [ 5.327360660534854, 53.073017039838426 ], [ 5.330979638151045, 53.073626774288222 ], [ 5.332331210377383, 53.074686308643365 ], [ 5.331460739986223, 53.077537517176616 ], [ 5.333391158866802, 53.079682344137922 ], [ 5.332588842509317, 53.080131340804087 ], [ 5.332918796699478, 53.080315406436526 ], [ 5.334323423080003, 53.079684977732207 ], [ 5.331966222976054, 53.077372310543502 ], [ 5.332937856182332, 53.075139503160159 ], [ 5.334875729342418, 53.074191431443523 ], [ 5.335489611823612, 53.075468094975648 ], [ 5.334924127397811, 53.077075087336461 ], [ 5.33656758787956, 53.077262436636346 ], [ 5.338370348717882, 53.075117150270344 ], [ 5.343711088508384, 53.076078559889751 ], [ 5.348536836533694, 53.077704867659889 ], [ 5.377868874117901, 53.094937824055023 ], [ 5.380652668524115, 53.098202919529342 ], [ 5.38238604072917, 53.104603404314908 ], [ 5.379189347937391, 53.107119656269326 ], [ 5.379019305570148, 53.108061407777846 ], [ 5.387415225941817, 53.111181391732494 ], [ 5.396058141586606, 53.114484249528239 ], [ 5.399027823028073, 53.116108930200539 ], [ 5.400927608358126, 53.117522404800191 ], [ 5.404399552765763, 53.121525938084105 ], [ 5.406173488453188, 53.126723021340837 ], [ 5.409707068940052, 53.137411039680018 ], [ 5.411598326353963, 53.151939004724113 ], [ 5.41237485135966, 53.156312327644343 ], [ 5.415803093446801, 53.164584568842301 ], [ 5.414986029726325, 53.168910721516582 ], [ 5.411208000259556, 53.169793049428975 ], [ 5.40768384301259, 53.172641610817941 ], [ 5.404438105759172, 53.173341766968761 ], [ 5.403739281507021, 53.17394318724277 ], [ 5.402803260418748, 53.175708184787624 ], [ 5.402962551572894, 53.176032970265418 ], [ 5.404575715607856, 53.173585421196762 ], [ 5.407441283927977, 53.173154735919198 ], [ 5.411190892026043, 53.170085959066327 ], [ 5.415134440664552, 53.169423619205965 ], [ 5.413970942774738, 53.170731637610167 ], [ 5.413424744098213, 53.170156636995543 ], [ 5.410687369186404, 53.17262034152381 ], [ 5.409396303147076, 53.174629363225002 ], [ 5.409790211867299, 53.174817998008656 ], [ 5.411180261034161, 53.173550926030892 ], [ 5.411031875070693, 53.175296504164699 ], [ 5.413881091566813, 53.175583583555486 ], [ 5.413891652803608, 53.17613010893956 ], [ 5.411786706099748, 53.175488319607346 ], [ 5.410860405938853, 53.175982591003709 ], [ 5.419227558156744, 53.179088679228521 ], [ 5.415020373580782, 53.178688163844534 ], [ 5.414620907992859, 53.179547714292397 ], [ 5.418269179772865, 53.180298167626958 ], [ 5.419688916247456, 53.182294804609143 ], [ 5.426009449166712, 53.183858660334487 ], [ 5.434957629179161, 53.18906596928877 ], [ 5.437998835339105, 53.193090118692773 ], [ 5.438981345430326, 53.193833168666949 ], [ 5.43554026589637, 53.195260848993435 ], [ 5.434662702613049, 53.194525848974834 ], [ 5.432334349591111, 53.192515210071896 ], [ 5.434808368350303, 53.191494140436113 ], [ 5.434345735874438, 53.190727625844659 ], [ 5.432952281731608, 53.189725282060358 ], [ 5.431392112518618, 53.189912026867084 ], [ 5.427537516687451, 53.185475218407944 ], [ 5.413828642217362, 53.182279426481514 ], [ 5.411869910394667, 53.177975264334783 ], [ 5.408854634689479, 53.175578332951048 ], [ 5.405880067224717, 53.17519991078067 ], [ 5.406002754386215, 53.175507451837504 ], [ 5.408443611333659, 53.175880819478436 ], [ 5.411102509447848, 53.178068511245584 ], [ 5.411924537969531, 53.181472395581288 ], [ 5.413245502415737, 53.182775248287591 ], [ 5.422000988235661, 53.185036111997405 ], [ 5.425612005746649, 53.191210313516699 ], [ 5.428728286286946, 53.196705199032387 ], [ 5.437989280898602, 53.209838123916605 ], [ 5.448775399514962, 53.220299203503671 ], [ 5.452677713855429, 53.222694449868733 ], [ 5.46166647594015, 53.226473218431487 ], [ 5.473255078008259, 53.23474354047152 ], [ 5.480126554981645, 53.23792497425034 ], [ 5.48271929791245, 53.240623468153558 ], [ 5.48969453620407, 53.242036587957259 ], [ 5.504440582638543, 53.248709497863508 ], [ 5.515272408043282, 53.25200591793633 ], [ 5.516182900317802, 53.253274900956029 ], [ 5.519280096855966, 53.254353750357062 ], [ 5.524365525590176, 53.255781584127369 ], [ 5.527288631786113, 53.25734422351033 ], [ 5.536384833894333, 53.264080685288143 ], [ 5.538119452146678, 53.265616525482791 ], [ 5.546352824884971, 53.271745179074728 ], [ 5.552850811877287, 53.274774341953922 ], [ 5.561746200343482, 53.285050493615444 ], [ 5.578509374011739, 53.296020195047191 ], [ 5.587016414923092, 53.30046713005536 ], [ 5.622388295143366, 53.311185119639269 ], [ 5.625673763966913, 53.310733791085525 ], [ 5.628335182287769, 53.31272090139899 ], [ 5.634126902071644, 53.314534399770309 ], [ 5.643445503146225, 53.319037247493441 ], [ 5.680347421783466, 53.328109103406938 ], [ 5.717368942207003, 53.338914848285448 ], [ 5.717388839466952, 53.340210610055244 ], [ 5.756312314261657, 53.352878026821948 ], [ 5.763501104559338, 53.350572509582477 ], [ 5.765933810687049, 53.351538021641858 ], [ 5.767860237723768, 53.354055600211062 ], [ 5.774010770812931, 53.356049497808421 ], [ 5.779115907376901, 53.355602302089345 ], [ 5.783049481837661, 53.356477774078321 ], [ 5.783237195330813, 53.3573358419385 ], [ 5.788450877072262, 53.359793964265343 ], [ 5.790911067745228, 53.359399411260164 ], [ 5.793159265243339, 53.360127630354519 ], [ 5.79405337071521, 53.360752226085829 ], [ 5.791672312879569, 53.362411527564603 ], [ 5.813878275123948, 53.36742517732123 ], [ 5.823175553129516, 53.371946345890017 ], [ 5.824724620120909, 53.372485097416863 ], [ 5.826348827947374, 53.370860605116306 ], [ 5.832695435677874, 53.372807108466098 ], [ 5.831343104773587, 53.374588045028098 ], [ 5.84502372381481, 53.379021367401371 ], [ 5.859504228922439, 53.383675073376097 ], [ 5.863624942275709, 53.383311702682072 ], [ 5.87847935964204, 53.386582246127588 ], [ 5.885390298025507, 53.388725660701517 ], [ 5.878394281006885, 53.395572208175132 ], [ 5.881523397054175, 53.395134300436943 ], [ 5.88419684025791, 53.392786431106337 ], [ 5.885330607143834, 53.392840007159293 ], [ 5.887873289995615, 53.390866718608038 ], [ 5.907342431563849, 53.388429949102552 ], [ 5.916760959028456, 53.388425703163364 ], [ 5.920158166090531, 53.389073792285778 ], [ 5.920461879588082, 53.388699817451645 ], [ 5.933130878148431, 53.388308145779114 ], [ 5.947160843681678, 53.390841860931168 ], [ 5.958715082944345, 53.393588332987832 ], [ 5.96986007343881, 53.395018741294408 ], [ 5.971710123151825, 53.39801181034958 ], [ 5.974573503400928, 53.396228952018326 ], [ 5.974475146396817, 53.395850571922232 ], [ 5.977555780691771, 53.396121326921303 ], [ 6.006304519120974, 53.40097876690276 ], [ 6.015649158281606, 53.40292672556334 ], [ 6.018894906950831, 53.403078090691011 ], [ 6.020671421984575, 53.402622537844188 ], [ 6.022835151834063, 53.40315121335081 ], [ 6.03370116114361, 53.403325682038734 ], [ 6.06076119728121, 53.406433223163738 ], [ 6.069149245606147, 53.407308771163152 ], [ 6.077202061164005, 53.405528670776064 ], [ 6.081785673348819, 53.40640115617321 ], [ 6.085790154986388, 53.404644742498263 ], [ 6.083903356270372, 53.403082369135454 ], [ 6.086119224898877, 53.404730952365746 ], [ 6.092186833434615, 53.409588801974024 ], [ 6.094823846574308, 53.40806997853317 ], [ 6.113491694794109, 53.406325303502918 ], [ 6.118110985099344, 53.40480325296349 ], [ 6.124044121694906, 53.405446712539984 ], [ 6.132806581441898, 53.404658496157012 ], [ 6.137385674096793, 53.403579557073066 ], [ 6.139072628973087, 53.403524045819992 ], [ 6.176870914534097, 53.414654753637024 ], [ 6.183482498000433, 53.41429160390296 ] ] ], [ [ [ 5.542850792972565, 53.439316510934724 ], [ 5.548735773716491, 53.435638893930268 ], [ 5.547590943629022, 53.430702555461863 ], [ 5.546225122755455, 53.431439396197547 ], [ 5.544482991122263, 53.43626657653985 ], [ 5.540956534550007, 53.433274298080256 ], [ 5.528834072725272, 53.430274830120311 ], [ 5.510819562949957, 53.427657661403948 ], [ 5.476334955888374, 53.417473922970764 ], [ 5.474345855996333, 53.413831030893064 ], [ 5.474944549620463, 53.410753244872176 ], [ 5.482369344662872, 53.412063290521473 ], [ 5.48109838208298, 53.410064133279072 ], [ 5.476157402277363, 53.408359974653159 ], [ 5.469784549497787, 53.406515005640514 ], [ 5.458697564338233, 53.404579880589374 ], [ 5.427968971631271, 53.404137339664281 ], [ 5.404471907418968, 53.404611830462507 ], [ 5.392142386787139, 53.403311099014807 ], [ 5.383916533554573, 53.401970250914694 ], [ 5.377709293206481, 53.40002638044627 ], [ 5.371535577551668, 53.396534288436207 ], [ 5.367874888974682, 53.395178230933361 ], [ 5.35679272698329, 53.387769437906947 ], [ 5.349588899547397, 53.385053238508924 ], [ 5.344667352257738, 53.383198144283973 ], [ 5.33706437252, 53.381537380653796 ], [ 5.332816390316771, 53.381443489916634 ], [ 5.329448971308336, 53.380224149925546 ], [ 5.32488750460491, 53.378217071755884 ], [ 5.322157873784347, 53.378253601809682 ], [ 5.313214469031584, 53.380318071910509 ], [ 5.310774101193965, 53.377919654216072 ], [ 5.308065734724182, 53.376700071482908 ], [ 5.30539831174987, 53.37588138982381 ], [ 5.300191955975589, 53.375859210520183 ], [ 5.29653969354811, 53.376134556387449 ], [ 5.298498088735659, 53.374774749878533 ], [ 5.29561358463779, 53.37268628590585 ], [ 5.295506980221903, 53.371176754305651 ], [ 5.293497871290691, 53.370439304607885 ], [ 5.282974391592819, 53.372039674400554 ], [ 5.278181534129225, 53.373366230544235 ], [ 5.274546245347773, 53.373377245025139 ], [ 5.267969178689411, 53.37143280033898 ], [ 5.259727950376254, 53.372971817296857 ], [ 5.256812361452607, 53.372727948425201 ], [ 5.252866129863788, 53.369814309901265 ], [ 5.243339115536811, 53.365995990701251 ], [ 5.243556593140265, 53.365464826639482 ], [ 5.237864424403688, 53.367200188501734 ], [ 5.235746147019309, 53.366407484007901 ], [ 5.233838551131935, 53.366586833249002 ], [ 5.233163257345513, 53.366110390251784 ], [ 5.226582051016741, 53.365686345507896 ], [ 5.226038240790987, 53.364402787059056 ], [ 5.222645068199879, 53.363992705050777 ], [ 5.225911164996639, 53.364539137524602 ], [ 5.226044745380164, 53.365716432244625 ], [ 5.221254984478545, 53.365145587637031 ], [ 5.221465647718917, 53.364411366058043 ], [ 5.218922103659157, 53.36202020459438 ], [ 5.218072680807555, 53.361947546996653 ], [ 5.217755096515144, 53.360719086656303 ], [ 5.216595964543679, 53.358535771531386 ], [ 5.217626997163414, 53.357144713702787 ], [ 5.216200986731937, 53.356230650422631 ], [ 5.21519793485477, 53.357052612053671 ], [ 5.212681574885927, 53.35590818471843 ], [ 5.211343278550221, 53.356433694539746 ], [ 5.209368481281343, 53.356819479232591 ], [ 5.210347922157939, 53.354935426179416 ], [ 5.209066702699227, 53.353445130818422 ], [ 5.19129668823202, 53.34760959944493 ], [ 5.18107184336343, 53.347009649411802 ], [ 5.174552007935199, 53.347787458190602 ], [ 5.172567776383556, 53.349392984920961 ], [ 5.159442611406976, 53.350194987684638 ], [ 5.157279187641105, 53.347974012976991 ], [ 5.151463437247393, 53.350177682280204 ], [ 5.156520693097331, 53.358220736168434 ], [ 5.165247626519333, 53.369801068533619 ], [ 5.18554287555819, 53.387850318871486 ], [ 5.19354133837628, 53.39254943531968 ], [ 5.20143873850926, 53.394636629161361 ], [ 5.251225886804575, 53.404089556787667 ], [ 5.297268659301005, 53.411344298621785 ], [ 5.314412299928446, 53.414009066457083 ], [ 5.364015063140019, 53.421743142249532 ], [ 5.37604946382347, 53.42312316657047 ], [ 5.472747071666364, 53.441160122922675 ], [ 5.494726599794918, 53.444207552623169 ], [ 5.511291500159668, 53.444239958289764 ], [ 5.526185190836241, 53.443480760616893 ], [ 5.536640050626636, 53.441400661755168 ], [ 5.542850792972565, 53.439316510934724 ] ] ], [ [ [ 5.731096421796479, 53.46163379456015 ], [ 5.750284617922481, 53.460457540211941 ], [ 5.771454812770259, 53.460494815535206 ], [ 5.784580882919565, 53.461194585911407 ], [ 5.883610181130541, 53.466789520315153 ], [ 5.930623853548702, 53.468281244136172 ], [ 5.958457386115503, 53.464983235324922 ], [ 5.959530232092813, 53.462802940631711 ], [ 5.944518214107968, 53.458319473913683 ], [ 5.936561597620447, 53.457296611999951 ], [ 5.930863771297283, 53.457750290103419 ], [ 5.91021810620772, 53.457701772403112 ], [ 5.901859881775132, 53.455754749004917 ], [ 5.894799112352736, 53.453312030943124 ], [ 5.890922339900462, 53.451197484786491 ], [ 5.86512909618552, 53.448086446737086 ], [ 5.86539538126749, 53.447470935144224 ], [ 5.864057313829596, 53.447096338221556 ], [ 5.833671247135726, 53.44284097097146 ], [ 5.804972605068805, 53.437543444940012 ], [ 5.788421643002731, 53.438164561382287 ], [ 5.7800161439711, 53.43767565912799 ], [ 5.776906422995532, 53.438294395162245 ], [ 5.776289380462956, 53.437959329339328 ], [ 5.776253169987346, 53.436527398204568 ], [ 5.77591552440785, 53.436535802457406 ], [ 5.775971992282993, 53.437889808305663 ], [ 5.775024419555884, 53.437939185016177 ], [ 5.775064911140251, 53.436270740052365 ], [ 5.77586050044379, 53.435810799183294 ], [ 5.7752862306463, 53.433514969778344 ], [ 5.774627031161322, 53.433567307894791 ], [ 5.774263276188553, 53.432752079080252 ], [ 5.773189362965511, 53.432676270369562 ], [ 5.772985988534789, 53.433057358055784 ], [ 5.773987178582072, 53.433414511113355 ], [ 5.774432236508507, 53.434835902614765 ], [ 5.774486983964904, 53.438108045587832 ], [ 5.772484938573294, 53.439547368881065 ], [ 5.752218353550113, 53.44035334857557 ], [ 5.741067502757063, 53.442410748769461 ], [ 5.730006810260639, 53.443024748307131 ], [ 5.721954043561229, 53.441714730540127 ], [ 5.715669378283075, 53.435706708069361 ], [ 5.703654955714063, 53.430438662477314 ], [ 5.703281194567801, 53.429779794865794 ], [ 5.689310791593355, 53.427517569628776 ], [ 5.680362894576441, 53.424654448521522 ], [ 5.671768008177234, 53.424987429568709 ], [ 5.663926327495486, 53.425698451438912 ], [ 5.653085773265881, 53.426034249394633 ], [ 5.643128685358862, 53.427111724140794 ], [ 5.638161528912331, 53.428739755510648 ], [ 5.626984906419377, 53.432428258685377 ], [ 5.616429511409734, 53.439516408574846 ], [ 5.613529747010745, 53.446381182173376 ], [ 5.614167638387215, 53.450633867779501 ], [ 5.615663900948181, 53.453435718436516 ], [ 5.651621651390339, 53.469634602861241 ], [ 5.660151886293781, 53.471479902502097 ], [ 5.667609452271385, 53.470753779832343 ], [ 5.694881463326784, 53.461744424192837 ], [ 5.731096421796479, 53.46163379456015 ] ] ], [ [ [ 6.378536747113222, 53.507294303253246 ], [ 6.361291001232343, 53.50475958215192 ], [ 6.356101801790609, 53.506038604922658 ], [ 6.347430683404045, 53.505964163019435 ], [ 6.344420427728987, 53.506640371951129 ], [ 6.337759203901509, 53.506311263163688 ], [ 6.329245115697193, 53.507269840207549 ], [ 6.333555233917948, 53.504543335120132 ], [ 6.334779309835876, 53.502598650320387 ], [ 6.330410254496104, 53.500913619905603 ], [ 6.318955689532091, 53.499745554935046 ], [ 6.307971304489831, 53.495580002982699 ], [ 6.28893437517751, 53.491470224937551 ], [ 6.282522555991988, 53.490837733525225 ], [ 6.275939754588569, 53.48942581861229 ], [ 6.27380898338942, 53.488580065883731 ], [ 6.273988397372956, 53.487073630340724 ], [ 6.271171030282957, 53.48486611794997 ], [ 6.260010365807574, 53.482918611773428 ], [ 6.262418611040024, 53.480795793674453 ], [ 6.252231765373265, 53.477975904718079 ], [ 6.241070561548582, 53.476575571895971 ], [ 6.237168502430229, 53.477140388792947 ], [ 6.227468165560947, 53.477038603858354 ], [ 6.197467894105638, 53.472871994990982 ], [ 6.19682035876403, 53.472403531020696 ], [ 6.198714289563745, 53.470555655242322 ], [ 6.202953670899854, 53.468532414028694 ], [ 6.201995053315491, 53.468238454200439 ], [ 6.195133030463887, 53.472404433125014 ], [ 6.169391204416023, 53.472493443420397 ], [ 6.167464993306496, 53.470067437018535 ], [ 6.167866933652923, 53.468148761403853 ], [ 6.166566821385785, 53.467924706364585 ], [ 6.165841420369104, 53.471964401149258 ], [ 6.160576178298045, 53.471923711508559 ], [ 6.157068276791289, 53.470385649214975 ], [ 6.155895969654718, 53.466671762559152 ], [ 6.150294439523464, 53.4656809526169 ], [ 6.152165853001754, 53.462086593959462 ], [ 6.150098809493749, 53.460152579059333 ], [ 6.142411606866692, 53.457707582453466 ], [ 6.13626796037994, 53.460356236542118 ], [ 6.137005364192746, 53.462890626041002 ], [ 6.143727049036506, 53.462139878920482 ], [ 6.144408162440842, 53.465212136913195 ], [ 6.136152702286137, 53.467446110884588 ], [ 6.120551026805316, 53.46045530958655 ], [ 6.115395276472484, 53.462907871365964 ], [ 6.118892457160014, 53.482932775104963 ], [ 6.124662242824229, 53.486805477114416 ], [ 6.139047226038651, 53.492848518774714 ], [ 6.150307801955441, 53.497115435207135 ], [ 6.210090173537345, 53.502829441631022 ], [ 6.22909651549521, 53.50531901623858 ], [ 6.289260247844706, 53.508540069449793 ], [ 6.320059484145966, 53.511836050361886 ], [ 6.345151598507491, 53.515507546380682 ], [ 6.366921091209784, 53.517355017721968 ], [ 6.388080036179505, 53.517138400723397 ], [ 6.392576540930965, 53.514833884125864 ], [ 6.390691176111475, 53.510524397776301 ], [ 6.378536747113222, 53.507294303253246 ] ] ] ] } },
{ "type": "Feature", "properties": { "fid": 8, "ck_zk": "ZK09", "jrstatcode": "2025ZK09", "statnaam": "Groningen", "rubriek": "zorgkantoorregio", "id": 8 }, "geometry": { "type": "MultiPolygon", "coordinates": [ [ [ [ 7.209672761834304, 53.239638740824944 ], [ 7.208052969470304, 53.239197552703075 ], [ 7.206544196117534, 53.237553949208113 ], [ 7.205136109054074, 53.239410860847052 ], [ 7.20597804315202, 53.239663555639467 ], [ 7.206725663110748, 53.239472370406176 ], [ 7.206872446336765, 53.241580126504992 ], [ 7.207889675405172, 53.242682185579859 ], [ 7.208948025323206, 53.243072847181487 ], [ 7.209672761834304, 53.239638740824944 ] ] ], [ [ [ 6.212612829521921, 53.364214149703379 ], [ 6.212140109103971, 53.362864947394357 ], [ 6.209626555020773, 53.363698538930407 ], [ 6.210792740225119, 53.364965984912516 ], [ 6.212612829521921, 53.364214149703379 ] ] ], [ [ [ 6.209636690544652, 53.372360266807021 ], [ 6.209761503712639, 53.370357345001615 ], [ 6.20803994638709, 53.370552673486344 ], [ 6.206702160993962, 53.372062005156408 ], [ 6.207103369499989, 53.372592847063586 ], [ 6.208481491530436, 53.372868079548802 ], [ 6.209636690544652, 53.372360266807021 ] ] ], [ [ [ 6.207140481973888, 53.370745015660376 ], [ 6.207611102045742, 53.363497001941496 ], [ 6.196634433300578, 53.364007310197422 ], [ 6.181899269710838, 53.370636416521677 ], [ 6.182628022416825, 53.373293153084099 ], [ 6.184074345424208, 53.373845243007139 ], [ 6.187745687947668, 53.372657623409289 ], [ 6.190291979485278, 53.369329036605933 ], [ 6.19106704684928, 53.370233431000145 ], [ 6.190702927452336, 53.373444502836286 ], [ 6.19213668455647, 53.374859969496363 ], [ 6.194399070005417, 53.374898458546397 ], [ 6.197513982541114, 53.373219277737327 ], [ 6.205303564178148, 53.372273329481423 ], [ 6.207140481973888, 53.370745015660376 ] ] ], [ [ [ 6.189009329725271, 53.385906194847706 ], [ 6.184524063106241, 53.383863252568524 ], [ 6.183933414528816, 53.386910336305675 ], [ 6.186584127806528, 53.387597113193316 ], [ 6.189009329725271, 53.385906194847706 ] ] ], [ [ [ 6.227078628091079, 53.390126988058178 ], [ 6.222850476829187, 53.3898572072628 ], [ 6.219067602698257, 53.390888125691241 ], [ 6.21971574839791, 53.39162917277352 ], [ 6.22352046423565, 53.392775013518708 ], [ 6.228034394026006, 53.393443276976143 ], [ 6.229410939236766, 53.393064700140805 ], [ 6.231234636805031, 53.391669075544428 ], [ 6.227078628091079, 53.390126988058178 ] ] ], [ [ [ 6.778756785299008, 53.460749516321961 ], [ 6.793121137325397, 53.455722495431345 ], [ 6.794633314230271, 53.457267071307477 ], [ 6.798364429062786, 53.455010583216364 ], [ 6.813563280088196, 53.463244343701859 ], [ 6.828898680225551, 53.459653985417155 ], [ 6.830188541361655, 53.459756531760725 ], [ 6.831719739737443, 53.461962392925408 ], [ 6.832886849632801, 53.462499607168652 ], [ 6.834921712952395, 53.462451222208749 ], [ 6.834801358306968, 53.46214583364911 ], [ 6.833394919274433, 53.462174534744321 ], [ 6.832180615860493, 53.461646496473691 ], [ 6.830779521735263, 53.459640545112762 ], [ 6.831231794594658, 53.459081067942009 ], [ 6.833531844446667, 53.45829024859983 ], [ 6.834739198936347, 53.455925035036529 ], [ 6.832657230156791, 53.456296768669958 ], [ 6.832525610966002, 53.456069678965072 ], [ 6.831673643791818, 53.456106703116752 ], [ 6.831630683063506, 53.456480041832819 ], [ 6.822697356823241, 53.458074506302495 ], [ 6.821156665495854, 53.459328016228852 ], [ 6.818215473385709, 53.459788547884273 ], [ 6.817169194287923, 53.4573565994286 ], [ 6.834457178076566, 53.454614735133944 ], [ 6.834488792312094, 53.454111871788619 ], [ 6.832059342762182, 53.450742717895231 ], [ 6.8139294662391, 53.453354998947873 ], [ 6.812882067008494, 53.450806320386398 ], [ 6.829406831201351, 53.448204112071416 ], [ 6.828381851305396, 53.445820953626082 ], [ 6.819795604435411, 53.447140101563349 ], [ 6.81926849124211, 53.444845533358354 ], [ 6.825339778405524, 53.444104883506164 ], [ 6.833709014697803, 53.442898715388324 ], [ 6.837069164075884, 53.443538131386603 ], [ 6.841322055926033, 53.442900892385097 ], [ 6.84151628607644, 53.443194954246692 ], [ 6.842048315523435, 53.443112911301554 ], [ 6.84197273985204, 53.442800081034498 ], [ 6.847789304550639, 53.441940461038776 ], [ 6.848034170961062, 53.442359394929866 ], [ 6.855352667190067, 53.44128844906912 ], [ 6.856407101502232, 53.443707877827507 ], [ 6.838372043818088, 53.446856169064297 ], [ 6.842581045029791, 53.457210453120233 ], [ 6.842584078615454, 53.458350850227625 ], [ 6.840996321934452, 53.460336202713364 ], [ 6.841573355261263, 53.460383807072589 ], [ 6.843160448298062, 53.458366400516979 ], [ 6.842913537982515, 53.4564457811979 ], [ 6.85390789647539, 53.453515424831949 ], [ 6.855277250456289, 53.45315034891297 ], [ 6.865085696054882, 53.44975625761181 ], [ 6.866106251313296, 53.450486537109697 ], [ 6.865961237615431, 53.449742807232454 ], [ 6.867646089229332, 53.449870113296129 ], [ 6.866272975433698, 53.449169535263252 ], [ 6.87756851062326, 53.442741909677352 ], [ 6.879645129564172, 53.441428260455133 ], [ 6.880573532891671, 53.442120540153333 ], [ 6.881421109802445, 53.441726774258868 ], [ 6.881148897966383, 53.441376008744001 ], [ 6.880350766504369, 53.441022243196663 ], [ 6.881512235907381, 53.440291630254229 ], [ 6.88287902630686, 53.441153881460188 ], [ 6.883470530275867, 53.440823476599945 ], [ 6.882406454422999, 53.439864651741473 ], [ 6.883143296398304, 53.438472043990579 ], [ 6.883462066726758, 53.435536167758784 ], [ 6.881039090578731, 53.432433744487938 ], [ 6.875178940666538, 53.420927517113974 ], [ 6.874210746769434, 53.408033793239341 ], [ 6.878962827424882, 53.405153869647727 ], [ 6.888058132393288, 53.395958873063343 ], [ 6.885423367980186, 53.393516073272316 ], [ 6.885257515650025, 53.392449001036404 ], [ 6.889170400867997, 53.391269172430817 ], [ 6.890576348765651, 53.388867809633062 ], [ 6.888661211765343, 53.383699825745715 ], [ 6.889000969634925, 53.380280175924447 ], [ 6.893202882849281, 53.371311574775049 ], [ 6.895679747880759, 53.369611011609599 ], [ 6.894513234866771, 53.36513937642173 ], [ 6.895018599054958, 53.363291455783688 ], [ 6.896448568503865, 53.361892997666146 ], [ 6.896181061564283, 53.359040174806978 ], [ 6.897126101216179, 53.355583422256565 ], [ 6.902085948728846, 53.347509863253613 ], [ 6.908526288342943, 53.347248024417574 ], [ 6.913038982377809, 53.344601514078761 ], [ 6.91887709020066, 53.342179275828691 ], [ 6.929941963611795, 53.335483398251561 ], [ 6.930484518253129, 53.334862078524665 ], [ 6.93217747101065, 53.334577906247105 ], [ 6.936316019707196, 53.334029491476109 ], [ 6.944317391650058, 53.329693283260063 ], [ 6.943558853782086, 53.327278378765648 ], [ 6.953221398698213, 53.324467576733497 ], [ 6.970271001301874, 53.321776952247347 ], [ 6.986988473796203, 53.317550923181713 ], [ 6.996464486297116, 53.31671528422774 ], [ 7.004972945974041, 53.317117092272539 ], [ 7.005072775938047, 53.316846131228054 ], [ 7.004802691963457, 53.316758622168429 ], [ 7.003603762860687, 53.316122450304462 ], [ 6.992912755646448, 53.315756504227075 ], [ 6.987633129484733, 53.316400044094806 ], [ 6.970371253775979, 53.320801627832836 ], [ 6.952159315947641, 53.323297659399174 ], [ 6.946087213252157, 53.32486064335432 ], [ 6.94052242432796, 53.328305350179797 ], [ 6.939683884226355, 53.328167602596608 ], [ 6.934314148179759, 53.333074908035059 ], [ 6.931165620011098, 53.332122009935354 ], [ 6.929135261103371, 53.32899264132039 ], [ 6.928693450476832, 53.329092690218509 ], [ 6.928121644150272, 53.327689964322431 ], [ 6.930475490497239, 53.327155201068202 ], [ 6.931804275385063, 53.326226737081967 ], [ 6.935927174702345, 53.326329949543627 ], [ 6.949875203516464, 53.322065783199626 ], [ 6.958122598525856, 53.320604722533858 ], [ 6.962911233988009, 53.318858767369875 ], [ 6.968314825735742, 53.319004824505079 ], [ 6.97504620170333, 53.316960607710627 ], [ 6.979354740000236, 53.316332927698866 ], [ 6.996277472922164, 53.311665193089532 ], [ 7.000589690119275, 53.309424439749343 ], [ 7.010727024571035, 53.313809948261905 ], [ 7.009225462494132, 53.315425958505507 ], [ 7.010233835389915, 53.315788769059964 ], [ 7.012914188740654, 53.311244525604138 ], [ 7.009785066066389, 53.306526527866971 ], [ 7.01029299099888, 53.306123734249297 ], [ 7.026994960827931, 53.302459244831994 ], [ 7.030987574783334, 53.3025913110435 ], [ 7.037946440173206, 53.304685496345428 ], [ 7.039185220250837, 53.30239969514637 ], [ 7.04478394291574, 53.301350031808298 ], [ 7.047502913743319, 53.299567344685158 ], [ 7.068193462430611, 53.299757062232814 ], [ 7.06992114604587, 53.30019099468749 ], [ 7.076718264911984, 53.300277677863832 ], [ 7.080722674661556, 53.30369604754781 ], [ 7.086251092330648, 53.304158440301627 ], [ 7.090988959821853, 53.30513224062959 ], [ 7.092232966136805, 53.305620552460937 ], [ 7.095384101272292, 53.308047036856728 ], [ 7.09837879440508, 53.308725801403604 ], [ 7.099966264667085, 53.307900486174105 ], [ 7.099171841491834, 53.306477142438389 ], [ 7.09837565565517, 53.305050538116745 ], [ 7.095629778043137, 53.30473745356862 ], [ 7.090353600898129, 53.30053372627372 ], [ 7.085497989027679, 53.297750221531722 ], [ 7.084900068162387, 53.298018057073072 ], [ 7.084168106908661, 53.297559560684661 ], [ 7.082503770418732, 53.291234335414799 ], [ 7.085242536000876, 53.282508279882023 ], [ 7.080905518080513, 53.277397481647334 ], [ 7.078238062938103, 53.270769675287447 ], [ 7.078331384226034, 53.266581296124905 ], [ 7.084620703091796, 53.261564501861542 ], [ 7.093249678240937, 53.257144300465015 ], [ 7.093694726453905, 53.256093128337355 ], [ 7.095500542589613, 53.255282748207165 ], [ 7.097721762739716, 53.256122198750475 ], [ 7.103612944301764, 53.252277348890544 ], [ 7.105276986114927, 53.252744977161207 ], [ 7.106550663707844, 53.251903096450896 ], [ 7.108266005164473, 53.252662387804946 ], [ 7.111828028894679, 53.25069169353506 ], [ 7.115105772486889, 53.252230641923873 ], [ 7.116611260375381, 53.250646820888463 ], [ 7.119241001892025, 53.25119030869724 ], [ 7.120935056883856, 53.249882851732046 ], [ 7.123996685421545, 53.250415402072541 ], [ 7.134008041555711, 53.250154973691593 ], [ 7.135451924632085, 53.248401764589808 ], [ 7.139681505470542, 53.247508564220148 ], [ 7.143043602352098, 53.245698667202973 ], [ 7.147089180369351, 53.246348586170377 ], [ 7.150120115706123, 53.245192508583834 ], [ 7.15586431807459, 53.243391877912522 ], [ 7.156156964584359, 53.24491817869621 ], [ 7.158640051618329, 53.245024930997211 ], [ 7.159369324379858, 53.246093434378537 ], [ 7.163137206545362, 53.245373632256182 ], [ 7.166545361904901, 53.243880708128188 ], [ 7.167750276721107, 53.242756111503247 ], [ 7.170403607171579, 53.242682829689457 ], [ 7.17306605731394, 53.240498206639373 ], [ 7.173758169282429, 53.241508184764527 ], [ 7.17563707986574, 53.240774978393723 ], [ 7.176660445370203, 53.241083056263278 ], [ 7.177485135107781, 53.241233173556161 ], [ 7.183217450105236, 53.239129202487931 ], [ 7.18357995746317, 53.239875933936027 ], [ 7.186220907121418, 53.238735763507755 ], [ 7.187477837990367, 53.239123189244417 ], [ 7.189847095828771, 53.238200318313289 ], [ 7.19455639548255, 53.238025435791002 ], [ 7.205717148525447, 53.236310338474567 ], [ 7.207027662225523, 53.232383612985601 ], [ 7.207665806963596, 53.23242888838486 ], [ 7.208056575256689, 53.231661145077695 ], [ 7.20894959649891, 53.231811106423947 ], [ 7.209134704292345, 53.232214306349043 ], [ 7.206576664515673, 53.236819798976178 ], [ 7.208070764231024, 53.238873795181732 ], [ 7.208480990709031, 53.239244880004726 ], [ 7.20980621223088, 53.239407878721394 ], [ 7.212504566232504, 53.228188665734329 ], [ 7.210491716870418, 53.228397130405035 ], [ 7.21702536778699, 53.214766599857661 ], [ 7.217622763715173, 53.197817332613944 ], [ 7.216551685823117, 53.195548023726332 ], [ 7.211453258126973, 53.192508586028694 ], [ 7.208190393767206, 53.188651017979382 ], [ 7.218244380496386, 53.184243495693373 ], [ 7.227498373224411, 53.18027850960182 ], [ 7.214002285875996, 53.177204114306413 ], [ 7.205994864952147, 53.176497042127203 ], [ 7.203654868749204, 53.176564210469877 ], [ 7.200771089624461, 53.173279614673248 ], [ 7.190900425863074, 53.161839742271631 ], [ 7.191179341762862, 53.159571812578996 ], [ 7.189323465443024, 53.157322875542874 ], [ 7.189244223164386, 53.154882960036801 ], [ 7.189601260096546, 53.147961573591608 ], [ 7.185865202509547, 53.14466808817037 ], [ 7.183123402811405, 53.14014913130805 ], [ 7.180263661294365, 53.138032485066546 ], [ 7.178961564790038, 53.138545489468399 ], [ 7.180076627830445, 53.131319793498832 ], [ 7.181018536571423, 53.127678641332096 ], [ 7.183641193867932, 53.124867887042775 ], [ 7.185872814784532, 53.12422574662299 ], [ 7.183101072513988, 53.121679982102826 ], [ 7.202793505122827, 53.113410573469423 ], [ 7.199219323274691, 53.0813861843925 ], [ 7.200513602343765, 53.074678711760114 ], [ 7.204243238478395, 53.05557409207151 ], [ 7.21293205244502, 53.011060834621404 ], [ 7.217445356723037, 53.00703714058411 ], [ 7.216102664360144, 53.005922031672753 ], [ 7.216487731406364, 53.005649910523047 ], [ 7.209562334254541, 53.000506673039197 ], [ 7.200509137028007, 52.981483735550547 ], [ 7.181515491515223, 52.941584240571885 ], [ 7.150260581704638, 52.910126783637224 ], [ 7.104370693708483, 52.863931188063297 ], [ 7.087257914784635, 52.849887140883972 ], [ 7.087820936040725, 52.848687213533857 ], [ 7.092739665529198, 52.838196135693074 ], [ 7.072378654932535, 52.838513899724589 ], [ 7.07164094331952, 52.839278179277315 ], [ 7.072192957146666, 52.845210934661722 ], [ 7.076317061943696, 52.848746765189226 ], [ 7.076236882578873, 52.850030123911658 ], [ 7.070068098401483, 52.847793385205563 ], [ 7.069138155292483, 52.847863670734959 ], [ 7.065917304685255, 52.85164196687829 ], [ 7.0642701454103, 52.851043245578566 ], [ 7.063749671672166, 52.851789532304622 ], [ 7.062726515981982, 52.851468443916659 ], [ 7.052300941266023, 52.861495635325049 ], [ 7.051461353512399, 52.86118207053493 ], [ 7.047884922136467, 52.864506271004515 ], [ 7.046433017999846, 52.865855601788475 ], [ 7.043486223700511, 52.865218578090904 ], [ 7.040286193964239, 52.872818215182264 ], [ 7.018576914506943, 52.872974994720472 ], [ 7.014799274866757, 52.872986578728131 ], [ 7.016562059012825, 52.875446163771599 ], [ 7.039539874788632, 52.907503691924127 ], [ 7.039539903031377, 52.907503731080631 ], [ 7.039580572539965, 52.907560428300677 ], [ 7.04553112117777, 52.915915495722999 ], [ 7.026854375416079, 52.919037011418801 ], [ 7.02467071043704, 52.919869996207112 ], [ 7.015697681079108, 52.924815655693102 ], [ 7.009558647096978, 52.930093146101626 ], [ 7.002899220414839, 52.935814837144299 ], [ 6.995023711801554, 52.942587822183704 ], [ 6.987880570255676, 52.948723216422046 ], [ 6.986022412739283, 52.95031893425049 ], [ 6.979860926479461, 52.955604231011378 ], [ 6.978563518636568, 52.95671684965253 ], [ 6.970362365005208, 52.963760673353157 ], [ 6.970352656024164, 52.963769010541021 ], [ 6.969586281565959, 52.964427214883983 ], [ 6.963292300815628, 52.969820942595504 ], [ 6.956720874759744, 52.975473295072121 ], [ 6.956650442159329, 52.975533871614971 ], [ 6.948411448291894, 52.982617897931355 ], [ 6.942927258234717, 52.987331785570142 ], [ 6.938411828849792, 52.991211982243463 ], [ 6.936610606468505, 52.992759575556981 ], [ 6.935684803872583, 52.993352545517837 ], [ 6.934679925593372, 52.993996103857917 ], [ 6.922171262907539, 53.002004665028252 ], [ 6.907184455330643, 53.011594247198154 ], [ 6.907130511865872, 53.011628765572112 ], [ 6.904620002668368, 53.013234534060274 ], [ 6.8970879987378, 53.018051193039703 ], [ 6.861287446519793, 53.04087401750008 ], [ 6.843273029457793, 53.052344216842215 ], [ 6.837170404695812, 53.056228436504711 ], [ 6.814535534153284, 53.070598058184459 ], [ 6.813944746074357, 53.070971583127353 ], [ 6.789826851441259, 53.086307726329366 ], [ 6.776509375691281, 53.094760663499123 ], [ 6.744729944415677, 53.115247994086801 ], [ 6.743530418166635, 53.115936425466195 ], [ 6.743253770102585, 53.116568299741751 ], [ 6.742396571928891, 53.116370689803986 ], [ 6.737450956338634, 53.119461728969185 ], [ 6.723256501725685, 53.120052411761137 ], [ 6.721380803465835, 53.120130339211606 ], [ 6.719831760661762, 53.120218536161246 ], [ 6.718724701008477, 53.120247895761082 ], [ 6.69536692827611, 53.121176015112837 ], [ 6.694617351812933, 53.121057830393028 ], [ 6.678771877835265, 53.118108187341328 ], [ 6.674926989096316, 53.117524735807095 ], [ 6.653648242149388, 53.11162476149017 ], [ 6.651909362116504, 53.111159544111857 ], [ 6.643502118602474, 53.108662339983567 ], [ 6.634836257816771, 53.106202076530856 ], [ 6.637102774274598, 53.108648696057863 ], [ 6.635781527295582, 53.113396275238216 ], [ 6.633862114800889, 53.114203115530017 ], [ 6.629830294210834, 53.11468334098668 ], [ 6.628067782634538, 53.115874611911885 ], [ 6.627937744421937, 53.117179113170259 ], [ 6.630575689852066, 53.119385297180756 ], [ 6.628648448049582, 53.119493050467845 ], [ 6.627335591206533, 53.122833222584376 ], [ 6.622834219460987, 53.125372975616372 ], [ 6.621763333467514, 53.12635071043676 ], [ 6.62132024826518, 53.128309099424428 ], [ 6.618978350384085, 53.129880078795466 ], [ 6.618976872977991, 53.131580855236471 ], [ 6.616568293266702, 53.132972615742105 ], [ 6.613641275230729, 53.132694287265565 ], [ 6.614400443105885, 53.135556957403139 ], [ 6.610623452092698, 53.137943706542508 ], [ 6.60918154793157, 53.138403618134589 ], [ 6.608180322006928, 53.138894582982644 ], [ 6.606521015806628, 53.139313859050446 ], [ 6.60045633941639, 53.144308814972518 ], [ 6.587794254699335, 53.145891802445277 ], [ 6.587386438006845, 53.148683236179629 ], [ 6.584642549825113, 53.15430518672305 ], [ 6.587089330693162, 53.156225957933366 ], [ 6.583455289430044, 53.158527459601615 ], [ 6.581098885720939, 53.162613219348287 ], [ 6.581496957638259, 53.163530689757692 ], [ 6.564742338727855, 53.157989663525115 ], [ 6.563687461755379, 53.157638374513873 ], [ 6.563177891919293, 53.15868694550263 ], [ 6.562753262872441, 53.160416178020853 ], [ 6.560587356322462, 53.166126992770849 ], [ 6.559319433348278, 53.169340977865573 ], [ 6.556143993200053, 53.172843959851015 ], [ 6.555809423478782, 53.173297041813051 ], [ 6.548572154281021, 53.180669921090967 ], [ 6.548377594229454, 53.180885727398042 ], [ 6.54818830399557, 53.181097637027818 ], [ 6.546253709846446, 53.180278599677173 ], [ 6.542708866534618, 53.178672355228876 ], [ 6.54174391833293, 53.1786103064968 ], [ 6.540897912000229, 53.179881569307682 ], [ 6.539536204096203, 53.181309383714819 ], [ 6.537453615813243, 53.182644930963363 ], [ 6.534615869233839, 53.183789943288389 ], [ 6.53421774809441, 53.184063568163481 ], [ 6.530398830369987, 53.192856512457972 ], [ 6.529528927343624, 53.195194920261201 ], [ 6.530491980940599, 53.195559273289348 ], [ 6.515715198228856, 53.198308149669629 ], [ 6.513385989039717, 53.196937017803997 ], [ 6.513336054888932, 53.196973543575893 ], [ 6.506844706842157, 53.200145038537755 ], [ 6.49642774892768, 53.198137433306741 ], [ 6.493504905877004, 53.198497018680527 ], [ 6.492725633380469, 53.200736374999515 ], [ 6.48571682935421, 53.203821257815676 ], [ 6.481511831532542, 53.203553437168608 ], [ 6.46346142082945, 53.200058230954397 ], [ 6.449947913307895, 53.196696706443497 ], [ 6.447712074699071, 53.196440585061325 ], [ 6.445661941956306, 53.191015487182668 ], [ 6.442866783736723, 53.187740423089181 ], [ 6.438017906438784, 53.185651536069159 ], [ 6.424487530526685, 53.181678021923823 ], [ 6.407970277615127, 53.17814843033424 ], [ 6.405593276087354, 53.176474865757896 ], [ 6.405469531334325, 53.176282999785826 ], [ 6.404120699733266, 53.172955005814444 ], [ 6.404137894491486, 53.168572379931149 ], [ 6.402687250940926, 53.167005663107595 ], [ 6.398594459547915, 53.164862105937608 ], [ 6.397614301639024, 53.164512720955088 ], [ 6.395093718111999, 53.163528721334728 ], [ 6.391128129136729, 53.159418754322303 ], [ 6.388728550866063, 53.158014771848592 ], [ 6.38147095938595, 53.153436020838853 ], [ 6.381564016423236, 53.153185861044051 ], [ 6.381546329972608, 53.149592673777278 ], [ 6.382612271281861, 53.149570489733819 ], [ 6.381472577413085, 53.147737856735517 ], [ 6.366051891437271, 53.122558348791934 ], [ 6.365626896316197, 53.12128980155935 ], [ 6.365354000034606, 53.119527280419234 ], [ 6.363559885381331, 53.107560247350143 ], [ 6.356620477282122, 53.107084517866731 ], [ 6.344442859550672, 53.087150569019684 ], [ 6.340999242976237, 53.087944586162671 ], [ 6.337795882194794, 53.088688845633612 ], [ 6.31515744850534, 53.09405278464002 ], [ 6.296426933594896, 53.098443338482497 ], [ 6.293172622208457, 53.099210015512291 ], [ 6.290565601165267, 53.099829050814776 ], [ 6.283050305351933, 53.106863137990679 ], [ 6.274138824602123, 53.111161165463891 ], [ 6.261684591161832, 53.114292694744968 ], [ 6.255594842824107, 53.11419971583625 ], [ 6.254381445397009, 53.114131494120848 ], [ 6.251264702986161, 53.113936959514028 ], [ 6.239363959059856, 53.113388825749134 ], [ 6.225961810546481, 53.114300140074398 ], [ 6.222606765128028, 53.114914146198998 ], [ 6.212860536767342, 53.115232538573835 ], [ 6.206271316716216, 53.115444484553024 ], [ 6.206205389699969, 53.115447763316261 ], [ 6.205609813682211, 53.11546645468492 ], [ 6.202381526670751, 53.117220591237256 ], [ 6.192941185449468, 53.123356594096933 ], [ 6.185716695339529, 53.129213440409536 ], [ 6.179069281845289, 53.133992024650205 ], [ 6.175677576274714, 53.135076376686833 ], [ 6.175234870261169, 53.135902627901608 ], [ 6.175621043291917, 53.144202199176405 ], [ 6.176306707463572, 53.152827798385253 ], [ 6.17675035960531, 53.159504513363032 ], [ 6.177337001500711, 53.166982764664027 ], [ 6.181223876468422, 53.170348264829812 ], [ 6.183016801074696, 53.173984361169403 ], [ 6.18579109766844, 53.178832361425137 ], [ 6.18803420529086, 53.182486716518639 ], [ 6.193097426731803, 53.189277732384205 ], [ 6.195276796562847, 53.191498501997643 ], [ 6.197037147762689, 53.192015868896654 ], [ 6.199830600385461, 53.195322698328802 ], [ 6.199621421570672, 53.198355319732336 ], [ 6.204114562489353, 53.19975847489949 ], [ 6.209578174623756, 53.199960977454467 ], [ 6.219242358907386, 53.206129811353833 ], [ 6.22483962026343, 53.212003823994309 ], [ 6.224750136963305, 53.214578573340958 ], [ 6.228934101001986, 53.2168054779209 ], [ 6.229988418687427, 53.217818449798294 ], [ 6.230173320378412, 53.222440431547085 ], [ 6.225339457465566, 53.225455381547533 ], [ 6.224632096752965, 53.230073794901486 ], [ 6.221680492060702, 53.231667697143166 ], [ 6.214583935996605, 53.233710697402486 ], [ 6.214805951171299, 53.235648528077135 ], [ 6.21554252297969, 53.236985154815649 ], [ 6.220239054202337, 53.237347760674616 ], [ 6.224972056678058, 53.238592839103106 ], [ 6.22461591919349, 53.239700941216967 ], [ 6.222823443907456, 53.239497672818864 ], [ 6.21844951535541, 53.241691303291695 ], [ 6.217978238112253, 53.241932130491428 ], [ 6.21945349010247, 53.242866750526133 ], [ 6.225111529999022, 53.244590420525498 ], [ 6.227743333038975, 53.245239672885937 ], [ 6.229707212970533, 53.244751899703317 ], [ 6.231094865674947, 53.245105362359617 ], [ 6.232075255667237, 53.247124663756146 ], [ 6.229601568468722, 53.248913197210847 ], [ 6.230318479261675, 53.25042641878553 ], [ 6.233665183512857, 53.250398998324407 ], [ 6.235100679369491, 53.253354843677279 ], [ 6.23262526612873, 53.254563916707589 ], [ 6.231749084922092, 53.255946627939615 ], [ 6.232173048892785, 53.256747412369478 ], [ 6.234944825295332, 53.256703899413012 ], [ 6.237584186728123, 53.257547158904451 ], [ 6.23876302765852, 53.259681033480099 ], [ 6.237973446654104, 53.261582736068576 ], [ 6.239415661036724, 53.263143235721927 ], [ 6.241623516935737, 53.263951683190783 ], [ 6.243484499403227, 53.265459824726889 ], [ 6.243625014747721, 53.266459527736522 ], [ 6.246863172423747, 53.268295830926753 ], [ 6.249977289708137, 53.267219997278076 ], [ 6.253474138436323, 53.267724628615568 ], [ 6.254943464165557, 53.26852454772267 ], [ 6.255763293835002, 53.270836489669236 ], [ 6.252964937210827, 53.273467863068191 ], [ 6.251408724147529, 53.277254968970738 ], [ 6.252941136409826, 53.284459247384738 ], [ 6.254266057383521, 53.28864283828208 ], [ 6.259903656385465, 53.291075709876921 ], [ 6.267456569136936, 53.290854853328824 ], [ 6.26926786236765, 53.290278463828386 ], [ 6.270754922561466, 53.292060139806388 ], [ 6.270286679905859, 53.293159730748449 ], [ 6.274374946432766, 53.29648870729568 ], [ 6.274488005110427, 53.299147386112281 ], [ 6.27830717544525, 53.302730935686363 ], [ 6.279478633872877, 53.303324380651553 ], [ 6.29025017149119, 53.305377683856264 ], [ 6.294016443954919, 53.308368577244288 ], [ 6.293579227229854, 53.30861522566255 ], [ 6.29277933349301, 53.309892156277648 ], [ 6.286763298904992, 53.312010364674762 ], [ 6.284027779511329, 53.311792166201855 ], [ 6.280503416685089, 53.312581484699457 ], [ 6.286901048804506, 53.34102626580524 ], [ 6.288469802685005, 53.340557213089866 ], [ 6.290521643845998, 53.339420315620387 ], [ 6.292838064159901, 53.334926074604539 ], [ 6.293584138040667, 53.335117166841357 ], [ 6.292177918199448, 53.337730663467795 ], [ 6.292241590949095, 53.338472354368598 ], [ 6.292270285510376, 53.338456492507262 ], [ 6.294687146575429, 53.338162445741752 ], [ 6.296308686558343, 53.337269361444783 ], [ 6.296959596252748, 53.337122251039204 ], [ 6.297343271333432, 53.337389000406546 ], [ 6.295684261725126, 53.338902364955523 ], [ 6.29916672055625, 53.339475092233492 ], [ 6.299109273183887, 53.33984708401865 ], [ 6.294848643151077, 53.339239675161934 ], [ 6.293100242866843, 53.339318545703357 ], [ 6.29306194227108, 53.339502715306281 ], [ 6.29740834700708, 53.340286870425849 ], [ 6.296928692073879, 53.341177341678431 ], [ 6.292273749437832, 53.340205079321521 ], [ 6.292361795223687, 53.339740854724717 ], [ 6.291155632383759, 53.340592583611503 ], [ 6.287457007493362, 53.341905416451056 ], [ 6.283014992540043, 53.342517014027216 ], [ 6.27419154347811, 53.345659658142146 ], [ 6.269014562761033, 53.346599877283062 ], [ 6.265588580027207, 53.346824249883703 ], [ 6.258572545789351, 53.348805234394632 ], [ 6.2498445390761, 53.349301726971582 ], [ 6.239833551641933, 53.344306969762563 ], [ 6.234845240683148, 53.343763338494917 ], [ 6.233055094060401, 53.344159115816893 ], [ 6.232093662574855, 53.345178166861672 ], [ 6.233252052555303, 53.347879167348026 ], [ 6.232293500405795, 53.352151917308674 ], [ 6.24622467800526, 53.354302562505531 ], [ 6.251876343419517, 53.358171882270646 ], [ 6.256431446616983, 53.357241900477561 ], [ 6.25740724096333, 53.358923224852788 ], [ 6.248376352955129, 53.36165208622797 ], [ 6.245203570740898, 53.359673911718595 ], [ 6.240965692336225, 53.358606240920295 ], [ 6.238140796391295, 53.358714148456954 ], [ 6.233911414637485, 53.360228841376895 ], [ 6.234487143490329, 53.361422802515605 ], [ 6.238258775397508, 53.36383086695367 ], [ 6.241836759556492, 53.364955712262201 ], [ 6.239692499876721, 53.365838031620633 ], [ 6.237697114652378, 53.369236519993557 ], [ 6.235723055597234, 53.368324682758711 ], [ 6.232374928306385, 53.366887958381824 ], [ 6.223136734416801, 53.365766672877925 ], [ 6.217586117927299, 53.364128296896183 ], [ 6.213442158434558, 53.366280378158024 ], [ 6.20968412725947, 53.367188887521685 ], [ 6.209884781597911, 53.369011152156048 ], [ 6.213443360475074, 53.371916909320063 ], [ 6.22332702260427, 53.371978980792669 ], [ 6.231980903677613, 53.372551379167049 ], [ 6.233707682882567, 53.373218652748328 ], [ 6.225957994222109, 53.374392751687431 ], [ 6.222103760491392, 53.37394635276452 ], [ 6.218880821488312, 53.374318619404917 ], [ 6.207378284034567, 53.376381019283897 ], [ 6.205604238606632, 53.375813988204122 ], [ 6.200907057166912, 53.375665222510221 ], [ 6.191368199115541, 53.378005484213141 ], [ 6.185759704176431, 53.378005417102585 ], [ 6.184454453128138, 53.378534921741611 ], [ 6.183454887702955, 53.381240991380061 ], [ 6.185033463841015, 53.382821367765587 ], [ 6.192066548039423, 53.382367710747438 ], [ 6.199570572546531, 53.382779597739102 ], [ 6.200870944953629, 53.383265411686367 ], [ 6.201686886054363, 53.385588792806274 ], [ 6.196796361643779, 53.390291811857118 ], [ 6.19389419961773, 53.390876951588666 ], [ 6.19228422728565, 53.390333976454535 ], [ 6.191466791756522, 53.390801606945899 ], [ 6.193504605611056, 53.391979317803127 ], [ 6.191535131686635, 53.392780081547549 ], [ 6.180667398126821, 53.393985039292467 ], [ 6.179445276155918, 53.394549845981828 ], [ 6.179691318000283, 53.395925097831409 ], [ 6.18143885239469, 53.397287171925392 ], [ 6.18140026512855, 53.400003854795109 ], [ 6.182527504603386, 53.401775640632351 ], [ 6.184821501098564, 53.403277701059785 ], [ 6.198489812097946, 53.402857688427325 ], [ 6.202386428193993, 53.399397356315134 ], [ 6.210568672777303, 53.395751923816974 ], [ 6.216689710456014, 53.389998797956174 ], [ 6.221605296753777, 53.388167870891948 ], [ 6.224021002937962, 53.387735574320452 ], [ 6.225963650243372, 53.388783803389188 ], [ 6.233509754178292, 53.388964310675803 ], [ 6.236430717044955, 53.391477352691645 ], [ 6.233772854262661, 53.392494601861181 ], [ 6.233212646466501, 53.393717400276238 ], [ 6.232761058486342, 53.395455526765147 ], [ 6.229635693006069, 53.39609876962794 ], [ 6.223905073758883, 53.396500078481751 ], [ 6.22234690077403, 53.397375082816559 ], [ 6.221034609268847, 53.396435771533021 ], [ 6.218996319351507, 53.397160807049616 ], [ 6.218136263241928, 53.398329993989456 ], [ 6.213279070777729, 53.399870400514068 ], [ 6.213713538213283, 53.40032378510724 ], [ 6.212887556850359, 53.400846219847807 ], [ 6.211667619428378, 53.400958056840565 ], [ 6.211524379550738, 53.400539506379403 ], [ 6.210939459077714, 53.401404680042276 ], [ 6.211141313506475, 53.401733884340949 ], [ 6.209948102100023, 53.402138917928596 ], [ 6.20957861140055, 53.402106669669728 ], [ 6.209174230016176, 53.401749256369911 ], [ 6.209374314722059, 53.401342420503767 ], [ 6.209244192451921, 53.401322241270172 ], [ 6.20893872460264, 53.401839281605405 ], [ 6.209608355553648, 53.402579455356566 ], [ 6.20942018055248, 53.402823449709118 ], [ 6.210094728052673, 53.40384417984243 ], [ 6.210662026092675, 53.404319658429237 ], [ 6.20969168411993, 53.405146845913293 ], [ 6.20804852642453, 53.404837018992616 ], [ 6.208121259055127, 53.404570589045107 ], [ 6.207924084805353, 53.404422204040685 ], [ 6.205984060925787, 53.404258208153053 ], [ 6.204624299500711, 53.404351046714943 ], [ 6.203978912478245, 53.404058533256332 ], [ 6.202431300818746, 53.404505744999348 ], [ 6.202375339980105, 53.405184345184097 ], [ 6.207155031232323, 53.405331819967763 ], [ 6.206942915415263, 53.40657640980826 ], [ 6.201927357588944, 53.406375455023792 ], [ 6.201185838713452, 53.405823617278209 ], [ 6.201325385855271, 53.405763738482001 ], [ 6.200823902047019, 53.405356884441822 ], [ 6.200716947177591, 53.405395889524506 ], [ 6.200647756775883, 53.405311632316945 ], [ 6.200766113957818, 53.405132041533477 ], [ 6.200684781114235, 53.405108745877058 ], [ 6.199697399584079, 53.405517738402814 ], [ 6.199619613278248, 53.40572440660565 ], [ 6.199440035929026, 53.405743417649006 ], [ 6.19804205513273, 53.406306700045739 ], [ 6.197935782098139, 53.406307414996682 ], [ 6.197572366267551, 53.406441336039038 ], [ 6.197579533503434, 53.406487711550184 ], [ 6.196898035426859, 53.40676636117216 ], [ 6.196671929854302, 53.406750383846187 ], [ 6.196270152390196, 53.406963171769732 ], [ 6.196261807097094, 53.40705632245789 ], [ 6.195906193094866, 53.407205912110705 ], [ 6.196327272455671, 53.407855105593143 ], [ 6.195745897021439, 53.408056114902763 ], [ 6.194793817787632, 53.407673822438127 ], [ 6.192687684105402, 53.408506865730708 ], [ 6.192317393241589, 53.408769874099129 ], [ 6.192133678725706, 53.409253062384778 ], [ 6.192283799885923, 53.409677802987382 ], [ 6.191965469790282, 53.409931938175561 ], [ 6.192203088761912, 53.410201957412433 ], [ 6.191606044530735, 53.410449909660969 ], [ 6.191387989840939, 53.410300461380089 ], [ 6.191170270844163, 53.41037996776074 ], [ 6.19133309913846, 53.410561398491417 ], [ 6.191013177374569, 53.410692169338645 ], [ 6.191470882240148, 53.4110874457606 ], [ 6.193476431088193, 53.410335807156848 ], [ 6.195188696308976, 53.410894266651326 ], [ 6.19701076989777, 53.411717727241673 ], [ 6.199942322802372, 53.411634735112798 ], [ 6.199166282627532, 53.411097222123921 ], [ 6.19766855320845, 53.411113814363219 ], [ 6.197234880621517, 53.410713841251152 ], [ 6.196757637480938, 53.408904935967442 ], [ 6.197536803240276, 53.408581425721088 ], [ 6.198368255289814, 53.40914306197088 ], [ 6.199007677469337, 53.408842495243199 ], [ 6.199082385204346, 53.40787737476554 ], [ 6.203053482565509, 53.40794860002314 ], [ 6.212273508207063, 53.409599291818971 ], [ 6.211313392567637, 53.411185953723127 ], [ 6.20240962262313, 53.409404358237609 ], [ 6.200149330773242, 53.409356648109316 ], [ 6.200021248058954, 53.409505863937412 ], [ 6.201108712077957, 53.409546377352285 ], [ 6.201791195627008, 53.41008586084493 ], [ 6.201127016564105, 53.411043609475151 ], [ 6.201240489275825, 53.411130841996531 ], [ 6.202419682124389, 53.409968768096121 ], [ 6.211012062569196, 53.411468835685355 ], [ 6.213053136046844, 53.411598304195181 ], [ 6.213671985807487, 53.410967235489146 ], [ 6.214725608422762, 53.409215586987706 ], [ 6.24430487361075, 53.415108014944295 ], [ 6.249335290413192, 53.415513906500919 ], [ 6.255062162196506, 53.415163229234729 ], [ 6.26065863333699, 53.413916203698683 ], [ 6.298261962921305, 53.399990637947958 ], [ 6.302364846368626, 53.396345393411821 ], [ 6.306040621339058, 53.392730794941542 ], [ 6.309199813592878, 53.392988262635903 ], [ 6.310777160457013, 53.394180590518587 ], [ 6.321453844114832, 53.398495983171657 ], [ 6.334823747056372, 53.402599679951159 ], [ 6.338386126962808, 53.405221414065394 ], [ 6.340487082549076, 53.408018558866772 ], [ 6.348838603384398, 53.410076873661438 ], [ 6.351075805972666, 53.411764597665716 ], [ 6.354869245996585, 53.411543389811001 ], [ 6.35792429034614, 53.412237526843263 ], [ 6.367733670202405, 53.415758591894075 ], [ 6.396404711791542, 53.419928349788293 ], [ 6.404519136461507, 53.41984915093456 ], [ 6.410675910146511, 53.420756844447233 ], [ 6.415369961545786, 53.422336639051444 ], [ 6.419475668881397, 53.421456163568159 ], [ 6.42346061683535, 53.422163783888955 ], [ 6.467883334585738, 53.424992487870384 ], [ 6.485366914202626, 53.427981619899647 ], [ 6.491496253806229, 53.428523351780896 ], [ 6.501889858016403, 53.42840151776614 ], [ 6.52144924489502, 53.430027267692672 ], [ 6.521985522155492, 53.42957480935759 ], [ 6.537654223823358, 53.430616782209952 ], [ 6.537055434176413, 53.427967674246027 ], [ 6.546867544128767, 53.428914494370808 ], [ 6.566346331065898, 53.432148437350406 ], [ 6.567566430090538, 53.431731011876373 ], [ 6.568107274607568, 53.432546330495065 ], [ 6.579474561277369, 53.433739560458932 ], [ 6.582340120267584, 53.434876547672808 ], [ 6.599397537668755, 53.438266614167588 ], [ 6.61052497863364, 53.441706012499523 ], [ 6.615511957743136, 53.445085231282867 ], [ 6.62304434614447, 53.447094048590266 ], [ 6.633811290804257, 53.451207875902391 ], [ 6.637640828243109, 53.451787015291814 ], [ 6.639906939489118, 53.452827367611306 ], [ 6.646773812228276, 53.453918356371624 ], [ 6.654305463498217, 53.455967642915198 ], [ 6.667247916724854, 53.458167323758055 ], [ 6.670298706435786, 53.457807988797299 ], [ 6.674353915732382, 53.458328260140149 ], [ 6.695796107098297, 53.461999137890679 ], [ 6.733463663989578, 53.465217390110602 ], [ 6.745993917891189, 53.466012295630577 ], [ 6.756566647432224, 53.465229590267128 ], [ 6.778756785299008, 53.460749516321961 ] ] ], [ [ [ 6.423367300166801, 53.515310936600883 ], [ 6.421414511256519, 53.513698122021665 ], [ 6.416260227074648, 53.516512496501676 ], [ 6.414363966927869, 53.524089877856468 ], [ 6.416201727764323, 53.525459347338426 ], [ 6.422872282541737, 53.525369661891226 ], [ 6.423705674454673, 53.524775857213442 ], [ 6.4211214475565, 53.524211392324503 ], [ 6.422324217859869, 53.52306037431724 ], [ 6.423417425478091, 53.523034691177159 ], [ 6.424541240576104, 53.52201469518252 ], [ 6.42550509382316, 53.518910208930194 ], [ 6.423367300166801, 53.515310936600883 ] ] ], [ [ [ 6.594651608593973, 53.522311405895429 ], [ 6.595708003108353, 53.52047721541588 ], [ 6.599140787026381, 53.520530626883826 ], [ 6.598291440008151, 53.519841109734266 ], [ 6.59569929490465, 53.519580794741707 ], [ 6.592568539559091, 53.520073549122564 ], [ 6.585886037802455, 53.523462501486009 ], [ 6.58700068212309, 53.525417660945713 ], [ 6.588743599948695, 53.526112554244044 ], [ 6.594529482665072, 53.525210902113315 ], [ 6.597694200645129, 53.523094382350273 ], [ 6.594651608593973, 53.522311405895429 ] ] ], [ [ [ 6.576598402295772, 53.542064477931483 ], [ 6.580597225953574, 53.541547926609113 ], [ 6.591650049475178, 53.541787307902197 ], [ 6.607249796547809, 53.53996947349485 ], [ 6.613407509176588, 53.538408450943855 ], [ 6.620514322778946, 53.535354288760182 ], [ 6.619295625185694, 53.534720964650489 ], [ 6.613273515448278, 53.537245714263399 ], [ 6.608088752985836, 53.537981704805887 ], [ 6.605543038391314, 53.537556826104456 ], [ 6.601551066161417, 53.536999605824313 ], [ 6.598752592252669, 53.5363102495851 ], [ 6.580656538649243, 53.536714118118176 ], [ 6.574213271494495, 53.538965438545041 ], [ 6.569945265349459, 53.542034442471795 ], [ 6.572299815636149, 53.542742017598229 ], [ 6.576598402295772, 53.542064477931483 ] ] ], [ [ [ 6.504950910637211, 53.551282286892949 ], [ 6.50980886791917, 53.546244741043218 ], [ 6.513009712629066, 53.540461701195717 ], [ 6.512023671662566, 53.539389197331616 ], [ 6.518410132972138, 53.536969922300521 ], [ 6.529383916791272, 53.534917506435654 ], [ 6.53183040860685, 53.533845700674149 ], [ 6.532265995081505, 53.532973823765602 ], [ 6.529488934627118, 53.532833736607145 ], [ 6.516281150187849, 53.534360735308603 ], [ 6.505850374694256, 53.537584151154498 ], [ 6.498450048504536, 53.541912974035469 ], [ 6.496342200469874, 53.545155712698403 ], [ 6.4969281635484, 53.546767380494657 ], [ 6.489890486660587, 53.549996564249348 ], [ 6.486899644945991, 53.550613942659396 ], [ 6.483305035791326, 53.54821004582498 ], [ 6.482438833946853, 53.546182901143418 ], [ 6.486777934157065, 53.544249875558698 ], [ 6.489809718469296, 53.54456915052031 ], [ 6.504817544877348, 53.536895927693088 ], [ 6.509481969659259, 53.535145963148203 ], [ 6.50949434972957, 53.533959728362277 ], [ 6.507193742624815, 53.532659293632435 ], [ 6.502897897251143, 53.535263528016046 ], [ 6.495611872804685, 53.53294046255877 ], [ 6.488076889835122, 53.53288271576713 ], [ 6.481002329320881, 53.534342096891763 ], [ 6.480728166154108, 53.535383573741335 ], [ 6.473230591892922, 53.535765891473552 ], [ 6.473098132541843, 53.534430805837289 ], [ 6.475028403268266, 53.53121066940767 ], [ 6.477697956930658, 53.529680407834611 ], [ 6.486118219419949, 53.527102686710293 ], [ 6.488470684346395, 53.52336151796041 ], [ 6.488415929632223, 53.522058130744369 ], [ 6.485336551245982, 53.517946679642101 ], [ 6.480519936641111, 53.514291178043074 ], [ 6.47886195994124, 53.514012369097081 ], [ 6.476610289615603, 53.516984681848179 ], [ 6.475180278242437, 53.52140760481862 ], [ 6.470055866708915, 53.530864203968541 ], [ 6.461051326286435, 53.539074509405566 ], [ 6.460618360982073, 53.54064059806533 ], [ 6.461980014377219, 53.543028727380516 ], [ 6.46897729741023, 53.547925278483063 ], [ 6.481042231977115, 53.552214593113874 ], [ 6.487404993637242, 53.553583153465858 ], [ 6.495221922507502, 53.554046532688062 ], [ 6.50016165605509, 53.553632585045762 ], [ 6.504950910637211, 53.551282286892949 ] ] ] ] } },
{ "type": "Feature", "properties": { "fid": 9, "ck_zk": "ZK10", "jrstatcode": "2025ZK10", "statnaam": "Haaglanden", "rubriek": "zorgkantoorregio", "id": 9 }, "geometry": { "type": "MultiPolygon", "coordinates": [ [ [ [ 4.398325503133977, 52.172421983211677 ], [ 4.399024270635262, 52.171847823541121 ], [ 4.399148339403158, 52.171928464457956 ], [ 4.400079783703994, 52.171381387403969 ], [ 4.403220556265708, 52.168957283777196 ], [ 4.404112227864317, 52.168405111151429 ], [ 4.404214529003813, 52.168260232266583 ], [ 4.404801792779364, 52.167502405429978 ], [ 4.409319179021691, 52.169342056352576 ], [ 4.411567536542758, 52.163501070637423 ], [ 4.413193653572311, 52.163790856522347 ], [ 4.414764153752563, 52.16245466806194 ], [ 4.417786312486691, 52.161477528689304 ], [ 4.419771531874831, 52.162344330948258 ], [ 4.425973996325128, 52.159229807966391 ], [ 4.431094588911404, 52.158437425875412 ], [ 4.440478179940308, 52.155652983916383 ], [ 4.439215842181098, 52.154695464957676 ], [ 4.438865156957451, 52.153264485502305 ], [ 4.4413715863976, 52.149498496064787 ], [ 4.443939311443735, 52.146041264263538 ], [ 4.442988532648871, 52.14534578750748 ], [ 4.427411967356159, 52.133243155080613 ], [ 4.418304793382851, 52.124435792432571 ], [ 4.413224616873507, 52.122188631963859 ], [ 4.41354861911179, 52.121605422171491 ], [ 4.401159065184216, 52.111869994585554 ], [ 4.412048093575214, 52.107971219710777 ], [ 4.411378115207063, 52.107286580610392 ], [ 4.413074349766266, 52.106633109957585 ], [ 4.41415791239185, 52.107508331784537 ], [ 4.42121528307982, 52.104983266421137 ], [ 4.420816666965258, 52.104622436163062 ], [ 4.423703975062802, 52.103589828951321 ], [ 4.427902584065898, 52.101470244643558 ], [ 4.433578780264875, 52.104157991120857 ], [ 4.435744518497304, 52.107401532574492 ], [ 4.438993986455462, 52.109929249934019 ], [ 4.443142953976787, 52.111579726376085 ], [ 4.446442046412882, 52.113377071316471 ], [ 4.451074988714857, 52.117512122935793 ], [ 4.455982128650676, 52.121177287201974 ], [ 4.463211876385998, 52.126325851451959 ], [ 4.464492288578668, 52.127311170300743 ], [ 4.46519192514208, 52.126613357404729 ], [ 4.466420253255077, 52.127333395179257 ], [ 4.465981592507328, 52.127890301596807 ], [ 4.466845064105732, 52.128979894062439 ], [ 4.467481014273789, 52.128323205362243 ], [ 4.468149282386823, 52.128550817182784 ], [ 4.472941439489814, 52.123703185789168 ], [ 4.472321143813751, 52.123458607178101 ], [ 4.472289028140632, 52.119634651404624 ], [ 4.472975415649525, 52.118951610820247 ], [ 4.470825786445896, 52.117708103471408 ], [ 4.48464689052514, 52.103588112112391 ], [ 4.490413658031666, 52.097858385972117 ], [ 4.492218925884501, 52.090009763379278 ], [ 4.497805894858041, 52.087837562692854 ], [ 4.499367784918219, 52.088459856243837 ], [ 4.498908025940071, 52.089427769358522 ], [ 4.499967035235277, 52.091655202864949 ], [ 4.504449609923593, 52.093290331751149 ], [ 4.505531971694556, 52.092426700823168 ], [ 4.510126848031308, 52.090028075189565 ], [ 4.513134385270834, 52.088445166420762 ], [ 4.514267358146804, 52.088587150628911 ], [ 4.5305551791418, 52.080510732403745 ], [ 4.530103521141798, 52.080082104515931 ], [ 4.530316717027046, 52.079968995344579 ], [ 4.53601940423295, 52.076907936425961 ], [ 4.534180620497165, 52.075563703852829 ], [ 4.534042425667624, 52.075389423446154 ], [ 4.53390423616747, 52.075215149197639 ], [ 4.535168098402097, 52.074463194971393 ], [ 4.533694958314443, 52.073051132016516 ], [ 4.535339890526337, 52.072294093384834 ], [ 4.53948601200198, 52.070308342563393 ], [ 4.542729216117684, 52.06888730966088 ], [ 4.546771353769802, 52.066986712830314 ], [ 4.553209819451276, 52.063831483302607 ], [ 4.552771713071492, 52.063307759548856 ], [ 4.555855757037007, 52.061860829014073 ], [ 4.557180247335913, 52.06123936641557 ], [ 4.550533040308685, 52.056304046503641 ], [ 4.549342834286787, 52.054744465454881 ], [ 4.547546699536904, 52.050369671072175 ], [ 4.545079451212371, 52.048861025859395 ], [ 4.535109330338222, 52.049613228952346 ], [ 4.522583553621988, 52.043391650289777 ], [ 4.519255200935801, 52.041526294306209 ], [ 4.518995804420875, 52.04138403876474 ], [ 4.518279071909096, 52.040990974328643 ], [ 4.512072642323647, 52.036825179184049 ], [ 4.507060333147083, 52.032825344686941 ], [ 4.504709268250092, 52.031930763661094 ], [ 4.488006649314724, 52.031864399447876 ], [ 4.47738443919783, 52.031791574016921 ], [ 4.477680969523682, 52.031394825163382 ], [ 4.477027885871207, 52.031280576125376 ], [ 4.476706110941415, 52.031642144537692 ], [ 4.475993798699561, 52.032775425757002 ], [ 4.472804432457973, 52.038024500534739 ], [ 4.472531177171188, 52.037972428739522 ], [ 4.472373044951001, 52.03827893473926 ], [ 4.471955739573022, 52.039030688055846 ], [ 4.471619171645839, 52.038996746448021 ], [ 4.470743679883177, 52.040477710149815 ], [ 4.458932104217082, 52.038853837592661 ], [ 4.457643806110892, 52.038618659614279 ], [ 4.456994732104349, 52.039672222406075 ], [ 4.456438011400488, 52.039541784252116 ], [ 4.450564139113249, 52.049210207402595 ], [ 4.438044241542436, 52.050283701480147 ], [ 4.438043858851557, 52.050283735249451 ], [ 4.425831255774702, 52.051469445649296 ], [ 4.422072403575685, 52.05167308822989 ], [ 4.401358144132421, 52.053335522929764 ], [ 4.400073637429128, 52.052367677722195 ], [ 4.400073494014801, 52.052367569555258 ], [ 4.398549537897922, 52.051217870328252 ], [ 4.394444997814233, 52.054053900773539 ], [ 4.393570780483377, 52.053478454632241 ], [ 4.393764105915721, 52.053330406200466 ], [ 4.393124129346798, 52.052843438938012 ], [ 4.392586765899948, 52.053153119065627 ], [ 4.39113098256923, 52.051951679019901 ], [ 4.391439918528141, 52.051761412500717 ], [ 4.389676176021016, 52.049961346863562 ], [ 4.387904518077771, 52.051169488718926 ], [ 4.386098397507107, 52.049967338197028 ], [ 4.385840564392816, 52.049795721453513 ], [ 4.378103282963097, 52.044644816240158 ], [ 4.372657859999117, 52.040927928845157 ], [ 4.379858196468899, 52.035952283741395 ], [ 4.3811800853543, 52.03638644045985 ], [ 4.386768135042207, 52.038444203160417 ], [ 4.387850895656423, 52.038442850813809 ], [ 4.393928640969298, 52.033053268989391 ], [ 4.379735288096948, 52.026732682455759 ], [ 4.373499155012147, 52.032598794817218 ], [ 4.363396040677094, 52.028096515923643 ], [ 4.362426017648171, 52.027690334222513 ], [ 4.360260703291614, 52.02675761531556 ], [ 4.359774379532064, 52.026542267221835 ], [ 4.358848662181411, 52.027333928406577 ], [ 4.357790282030797, 52.026863197140479 ], [ 4.357693163667414, 52.0268208082583 ], [ 4.355477310715246, 52.025852139180394 ], [ 4.355426800822968, 52.025713179961571 ], [ 4.355034442917907, 52.025530181520651 ], [ 4.354950331832447, 52.025580383289466 ], [ 4.351418453743742, 52.024003132134702 ], [ 4.348011942278267, 52.022456642516161 ], [ 4.348001862983631, 52.022453607925677 ], [ 4.347670292137395, 52.022351438332521 ], [ 4.343695447565389, 52.020616773429722 ], [ 4.334426327761852, 52.016481196318594 ], [ 4.334287267216494, 52.016418050367434 ], [ 4.330245993860498, 52.014666057513786 ], [ 4.325956240875383, 52.012793313497518 ], [ 4.325765910150902, 52.012766245281917 ], [ 4.319389348549556, 52.019987901177238 ], [ 4.317584510796867, 52.01908681460575 ], [ 4.316913712114318, 52.018785067739607 ], [ 4.3098192615626, 52.015634039007573 ], [ 4.307638584821269, 52.018151359646112 ], [ 4.302664061511409, 52.016488049214438 ], [ 4.301075364619267, 52.017868951957347 ], [ 4.298614503614023, 52.016876864955179 ], [ 4.29551214852881, 52.01484843273213 ], [ 4.289736698018769, 52.01764749113201 ], [ 4.294344582505196, 52.019358650880015 ], [ 4.286999323286745, 52.022868972474122 ], [ 4.286773411458887, 52.022967428935267 ], [ 4.288254549097564, 52.023757628539492 ], [ 4.2851462754934, 52.025617737498109 ], [ 4.28565031126772, 52.025913692959449 ], [ 4.285046681652728, 52.026267691126947 ], [ 4.285883852465252, 52.026480835048822 ], [ 4.285249860627184, 52.027422325487336 ], [ 4.283474822382952, 52.026700227096882 ], [ 4.282800381841225, 52.027626202632355 ], [ 4.281741523390417, 52.027368187488079 ], [ 4.277896808931001, 52.032468300705823 ], [ 4.275895430725804, 52.031557984474219 ], [ 4.272973380582181, 52.035518452368997 ], [ 4.272662682414576, 52.035917125864877 ], [ 4.266645350014469, 52.033006196266534 ], [ 4.259132777201324, 52.029570949014349 ], [ 4.256376628111902, 52.028347910437155 ], [ 4.254891591596354, 52.028289588007013 ], [ 4.248217102472967, 52.025225795692059 ], [ 4.244808089808479, 52.02873108210941 ], [ 4.244294601384603, 52.028845452823901 ], [ 4.241415380337123, 52.031949543704826 ], [ 4.235053995363408, 52.039256330330034 ], [ 4.228325782009908, 52.034642021633545 ], [ 4.219226713071831, 52.03373677915036 ], [ 4.213734285580347, 52.03168657718097 ], [ 4.21225506243344, 52.030752371620935 ], [ 4.209584526184113, 52.033654693765634 ], [ 4.212434345996899, 52.034033056648937 ], [ 4.209037219593825, 52.038274349476566 ], [ 4.204164020073882, 52.044670021961501 ], [ 4.204116477679248, 52.044726889137543 ], [ 4.196340551756235, 52.055660849970195 ], [ 4.205140633236357, 52.060612584012404 ], [ 4.202413986356266, 52.061528581536329 ], [ 4.211584094955224, 52.06603115998999 ], [ 4.225485927212433, 52.074373314685488 ], [ 4.231085041587676, 52.078546082711924 ], [ 4.243606490506805, 52.088256720953851 ], [ 4.255232821540517, 52.098065722231155 ], [ 4.256071118730901, 52.099784420974693 ], [ 4.253827721922489, 52.101214637468644 ], [ 4.252462096663094, 52.103947766275013 ], [ 4.254216203571023, 52.101423159053383 ], [ 4.257942965727375, 52.098914027232588 ], [ 4.259899476783609, 52.099004543707444 ], [ 4.260544454683846, 52.098666300934887 ], [ 4.260711477504763, 52.098280620922793 ], [ 4.259024461715677, 52.097840206691515 ], [ 4.259394236135388, 52.097014190116688 ], [ 4.261036730271774, 52.097293710914009 ], [ 4.26375190591553, 52.096894018259263 ], [ 4.264653239107092, 52.097494392480904 ], [ 4.263581339684856, 52.098265731509642 ], [ 4.264170790325013, 52.098630573700241 ], [ 4.266911687295544, 52.097348902559574 ], [ 4.263177656743415, 52.094836661084329 ], [ 4.264192295169757, 52.094252445879086 ], [ 4.271725273925704, 52.099564734720111 ], [ 4.27077606376602, 52.100053189404115 ], [ 4.267196262736144, 52.097485980153955 ], [ 4.265449194329382, 52.098411547111105 ], [ 4.265411761536397, 52.098743150224202 ], [ 4.268732739469603, 52.101106337928655 ], [ 4.26721401225358, 52.101903465148176 ], [ 4.263167412434889, 52.099064293256568 ], [ 4.261235984639122, 52.099212033887852 ], [ 4.260659881335939, 52.099570702357184 ], [ 4.261034812179163, 52.100592008434511 ], [ 4.258808160488056, 52.101456153367117 ], [ 4.257749897678765, 52.103446162144763 ], [ 4.25591576563843, 52.103863522183268 ], [ 4.256175976100322, 52.104186417516225 ], [ 4.258184319523073, 52.10365151591246 ], [ 4.258937269810193, 52.102277726359553 ], [ 4.261447413609206, 52.102943204771293 ], [ 4.265228183456939, 52.10547818242388 ], [ 4.269126831137459, 52.107912988349455 ], [ 4.280093290746854, 52.115423372207516 ], [ 4.28165793398366, 52.11622576382581 ], [ 4.279920955783386, 52.117192002905114 ], [ 4.279890255653004, 52.11673254858853 ], [ 4.279351792247032, 52.116700129200652 ], [ 4.279153268919224, 52.116817287607361 ], [ 4.27913559304246, 52.117233879645099 ], [ 4.279860195367991, 52.11733079953585 ], [ 4.279648851041063, 52.117864852624358 ], [ 4.280022281862804, 52.117917694655922 ], [ 4.280170360764322, 52.11780679008907 ], [ 4.280034016359815, 52.117332556958068 ], [ 4.280446742831795, 52.117105938178049 ], [ 4.28090783818569, 52.117159814296599 ], [ 4.280811345634485, 52.117491951381588 ], [ 4.281045779417992, 52.11751139690363 ], [ 4.281189532459783, 52.117151512610583 ], [ 4.28054933789752, 52.117044199581137 ], [ 4.281844259364989, 52.116323549020272 ], [ 4.28666371084166, 52.119238664969451 ], [ 4.30263667331846, 52.128520206076907 ], [ 4.321210894265235, 52.141794643372286 ], [ 4.345101775764306, 52.161213572018717 ], [ 4.350098572502072, 52.165658694086176 ], [ 4.374378479943373, 52.186898473643929 ], [ 4.398325503133977, 52.172421983211677 ] ] ] ] } },
{ "type": "Feature", "properties": { "fid": 10, "ck_zk": "ZK11", "jrstatcode": "2025ZK11", "statnaam": "Kennemerland", "rubriek": "zorgkantoorregio", "id": 10 }, "geometry": { "type": "MultiPolygon", "coordinates": [ [ [ [ 4.577890609535869, 52.464210622755395 ], [ 4.573697448827502, 52.463970632510083 ], [ 4.573901425962806, 52.465506310829994 ], [ 4.577962684225262, 52.466087001304516 ], [ 4.57877729711975, 52.464442198906646 ], [ 4.577890609535869, 52.464210622755395 ] ] ], [ [ [ 4.756477862172606, 52.591568339366667 ], [ 4.751311821770333, 52.582276993575441 ], [ 4.748901579761566, 52.573984735497014 ], [ 4.747280972644329, 52.571354799328816 ], [ 4.74470158065072, 52.567941749001065 ], [ 4.745083762283701, 52.566851528580976 ], [ 4.752541231639932, 52.562781446783191 ], [ 4.756858647971307, 52.562071432621138 ], [ 4.771967106311651, 52.55989836525783 ], [ 4.781622845330618, 52.557102237740338 ], [ 4.778063466968282, 52.544177799460741 ], [ 4.777733441615291, 52.533744875698346 ], [ 4.777845625655472, 52.531770338615267 ], [ 4.782476457704385, 52.519580960110773 ], [ 4.775278594813207, 52.519415588230572 ], [ 4.767203204345383, 52.519751924003124 ], [ 4.767026920545844, 52.518866415151621 ], [ 4.763619448375416, 52.519707181495832 ], [ 4.761227657045577, 52.518553804257124 ], [ 4.752428076975379, 52.521232699024971 ], [ 4.749728687241906, 52.5200746577774 ], [ 4.748276175130818, 52.517468750280983 ], [ 4.74814252556868, 52.517054990705923 ], [ 4.748253303799529, 52.515316472743045 ], [ 4.74845884963008, 52.514982029712861 ], [ 4.752253743828049, 52.511079551267684 ], [ 4.752767807827129, 52.510591878753573 ], [ 4.750674066609652, 52.508290926953229 ], [ 4.748410422725014, 52.507661613811607 ], [ 4.746372959092798, 52.506097632009507 ], [ 4.7398925464559, 52.501707736801052 ], [ 4.731577194832487, 52.4963314437829 ], [ 4.720751699656017, 52.49505246410736 ], [ 4.720367092485928, 52.494953912563801 ], [ 4.714645426302392, 52.493195038816339 ], [ 4.708445037267249, 52.488625677562929 ], [ 4.707968883346465, 52.486332438554882 ], [ 4.705906287865754, 52.484443111495921 ], [ 4.706158622319797, 52.482839459766659 ], [ 4.705472023069447, 52.481856231594755 ], [ 4.700728960761412, 52.48023676651394 ], [ 4.698734896175994, 52.477136944424124 ], [ 4.699278728298106, 52.47453268378657 ], [ 4.697280153631382, 52.47200989449064 ], [ 4.697818597107621, 52.471033820331272 ], [ 4.694609382318839, 52.468082066121426 ], [ 4.690080996220721, 52.465624681708725 ], [ 4.685146265861139, 52.463661842491739 ], [ 4.684266301900828, 52.463521031461966 ], [ 4.685069352316609, 52.462556791188184 ], [ 4.684587402233167, 52.462225121447347 ], [ 4.682999697302862, 52.461132116876534 ], [ 4.674848021085254, 52.455520407781073 ], [ 4.690813726510894, 52.446876925445927 ], [ 4.710965713819875, 52.436194292169262 ], [ 4.721983094012953, 52.433336168527894 ], [ 4.710654980250923, 52.427692753736423 ], [ 4.700537223401517, 52.425512917514887 ], [ 4.691485972296197, 52.418813968134018 ], [ 4.682476168597433, 52.41384869956002 ], [ 4.681130564561326, 52.412317050947777 ], [ 4.675507043366377, 52.409625235186745 ], [ 4.671962342328278, 52.409447074269941 ], [ 4.674379436007776, 52.406469316558464 ], [ 4.668816209599972, 52.40416279866551 ], [ 4.668664576451366, 52.401399401634826 ], [ 4.678685685276792, 52.399477453605442 ], [ 4.678570277301848, 52.398514734427039 ], [ 4.67563038875064, 52.397249302582203 ], [ 4.673457871573787, 52.394067320683689 ], [ 4.674541523031964, 52.390911244638858 ], [ 4.677716261003498, 52.389737567705687 ], [ 4.681190361427211, 52.390286662760907 ], [ 4.681440052670911, 52.389915872499522 ], [ 4.682595867889471, 52.388216084780282 ], [ 4.686921136152221, 52.387443702790236 ], [ 4.685970719324781, 52.384017858487198 ], [ 4.685995668229779, 52.38351769829373 ], [ 4.677383486474714, 52.377088112156805 ], [ 4.67271451158954, 52.37422473589772 ], [ 4.671377047559273, 52.370380363500061 ], [ 4.671377765991565, 52.37037424350698 ], [ 4.672091877887725, 52.368157925836933 ], [ 4.67524450311907, 52.359468818629082 ], [ 4.676467083321374, 52.356180806623222 ], [ 4.675633457780727, 52.352879386356101 ], [ 4.671482559070538, 52.350146861837729 ], [ 4.660815479389023, 52.345537778622166 ], [ 4.659232660755269, 52.344868314168096 ], [ 4.656411940640773, 52.343639028903013 ], [ 4.651657714114083, 52.341559697318502 ], [ 4.647628485663095, 52.340068799969394 ], [ 4.639648016735245, 52.338906077250776 ], [ 4.630584296438668, 52.337534310025298 ], [ 4.620101204428209, 52.33371862526203 ], [ 4.616564207532731, 52.331473401894193 ], [ 4.613467192096652, 52.328064465213735 ], [ 4.611661876539924, 52.325419850103309 ], [ 4.611385954271052, 52.322250540344797 ], [ 4.611383864514891, 52.322204579917745 ], [ 4.611530211791081, 52.31833491342033 ], [ 4.611676039331039, 52.313559912559569 ], [ 4.602885936848013, 52.315846509465402 ], [ 4.601457200312237, 52.316521218442553 ], [ 4.599457804030372, 52.317100472772921 ], [ 4.599455999652789, 52.31710099194882 ], [ 4.596572880086198, 52.317706072690669 ], [ 4.595087713136808, 52.317676215190147 ], [ 4.59332130135062, 52.317777801864224 ], [ 4.593313157693507, 52.317777842479792 ], [ 4.591033663463803, 52.317789120392099 ], [ 4.587686422863171, 52.317880920999244 ], [ 4.587990814476502, 52.316939351280901 ], [ 4.587469018739465, 52.316763172201512 ], [ 4.586888919300578, 52.316995447220179 ], [ 4.586610487335905, 52.31701141683881 ], [ 4.586090327550492, 52.317315199873256 ], [ 4.585936527643314, 52.317570565466873 ], [ 4.585792521829635, 52.318197372419775 ], [ 4.583435366359737, 52.318382361153404 ], [ 4.57324055818885, 52.315355519966744 ], [ 4.569075469017712, 52.316483031519347 ], [ 4.568446809071977, 52.31564171294589 ], [ 4.563707432469421, 52.309298008065952 ], [ 4.54732226027155, 52.313996598189654 ], [ 4.543370822266072, 52.314988613049735 ], [ 4.494926529779438, 52.327948528430561 ], [ 4.493971128476394, 52.328198082937682 ], [ 4.526146843136826, 52.377346377976117 ], [ 4.541323121936123, 52.401396028112927 ], [ 4.554777066780589, 52.422609775547606 ], [ 4.559637302888689, 52.437895651155699 ], [ 4.560096761683824, 52.438037421707499 ], [ 4.562258458403138, 52.446454141758508 ], [ 4.560515054145148, 52.446723930607185 ], [ 4.553686275621378, 52.460773070176465 ], [ 4.540326407343318, 52.45810062300621 ], [ 4.538003109828806, 52.458064147217712 ], [ 4.536469785899146, 52.458565653414205 ], [ 4.53356677841029, 52.460932742653398 ], [ 4.532077898550851, 52.463836557345083 ], [ 4.532584159520185, 52.463787289231007 ], [ 4.534173728287545, 52.460712215161557 ], [ 4.536785450440244, 52.458706942113423 ], [ 4.54005861994428, 52.458311457979654 ], [ 4.554531070430532, 52.461607741388171 ], [ 4.554787165844941, 52.461998054993053 ], [ 4.554448483665281, 52.46240857382373 ], [ 4.555102605109989, 52.462563366414585 ], [ 4.555649646375275, 52.462488956745226 ], [ 4.55619620056104, 52.462251619145128 ], [ 4.555263761444231, 52.462342553338722 ], [ 4.555261698160054, 52.462069065884364 ], [ 4.558562194533431, 52.461025649506468 ], [ 4.559013164368302, 52.461476735980455 ], [ 4.559141678927396, 52.46145090753307 ], [ 4.558698562257748, 52.460991898853521 ], [ 4.558954788284287, 52.460893330425947 ], [ 4.558808414338444, 52.460787522463917 ], [ 4.558308111260587, 52.461023524575936 ], [ 4.557990731740872, 52.460587823078932 ], [ 4.55992722752007, 52.456995172404667 ], [ 4.564985210990864, 52.457855739044021 ], [ 4.564940744269192, 52.458966892515512 ], [ 4.562513487214125, 52.459741309869621 ], [ 4.564320301775695, 52.462329811447532 ], [ 4.563254918397797, 52.462391438322257 ], [ 4.563250715970083, 52.462617034375711 ], [ 4.568750682738015, 52.46262725761725 ], [ 4.56945431244196, 52.462256688294048 ], [ 4.567630321546585, 52.459648265720929 ], [ 4.569246492229954, 52.459223339519127 ], [ 4.571359713458773, 52.462200782084537 ], [ 4.572543423163803, 52.462622032191859 ], [ 4.578614483973656, 52.462841936332616 ], [ 4.578791161013419, 52.462434087282688 ], [ 4.577041057699258, 52.46159738367723 ], [ 4.579340631569904, 52.459907806414186 ], [ 4.57955712360412, 52.459453658023271 ], [ 4.579297561896301, 52.458940379853217 ], [ 4.577844949303749, 52.458233163508197 ], [ 4.578110366996016, 52.458034241855174 ], [ 4.579546594203607, 52.458668831649497 ], [ 4.58021316805987, 52.458489443915525 ], [ 4.580582397000958, 52.45874856717424 ], [ 4.586445059194951, 52.45654309146763 ], [ 4.587216023540423, 52.457244993164068 ], [ 4.581705452939183, 52.459357144726361 ], [ 4.580271962262812, 52.461186314851787 ], [ 4.581554044164531, 52.462454125752664 ], [ 4.594293410712946, 52.45766517577875 ], [ 4.595816711420182, 52.457979058720646 ], [ 4.596213180784047, 52.458366184747049 ], [ 4.588019945094074, 52.461249017223942 ], [ 4.585814091421933, 52.462260934220652 ], [ 4.584482134784246, 52.462739052081297 ], [ 4.584357474077891, 52.462626878145734 ], [ 4.584248166548017, 52.462662106988766 ], [ 4.584118451756876, 52.462869594803344 ], [ 4.583589761570956, 52.463059362936427 ], [ 4.58310596089697, 52.462814611556702 ], [ 4.582400453319831, 52.463135653146544 ], [ 4.58274002476892, 52.463381149998732 ], [ 4.590360580660807, 52.463665137269679 ], [ 4.590395167300343, 52.464609441623779 ], [ 4.586984001297487, 52.464453292950985 ], [ 4.586936116547386, 52.464772492294117 ], [ 4.590547479363241, 52.465256353240626 ], [ 4.596572836786479, 52.465341115967746 ], [ 4.59679876552561, 52.465477614035557 ], [ 4.596809323720277, 52.466171544135193 ], [ 4.596484774777871, 52.466329147494136 ], [ 4.591511997695108, 52.466406793116626 ], [ 4.591269450249276, 52.466892799957193 ], [ 4.591461432059868, 52.467296599313016 ], [ 4.59433249344137, 52.467182375626521 ], [ 4.594435641815134, 52.467264164612374 ], [ 4.594617320502967, 52.467251787923196 ], [ 4.594658621592795, 52.467163589377328 ], [ 4.600139358376209, 52.466800029373324 ], [ 4.60505824886259, 52.467100943089861 ], [ 4.60473273991797, 52.467242565262005 ], [ 4.604898825314272, 52.468220361853305 ], [ 4.605095345804262, 52.468395919974149 ], [ 4.601504008115285, 52.468918101560384 ], [ 4.592074969922077, 52.469762299571926 ], [ 4.59359806608055, 52.47014961266089 ], [ 4.601360252604769, 52.469793624458241 ], [ 4.601524540295418, 52.470728855739544 ], [ 4.60011087097556, 52.470924427923308 ], [ 4.600117506394987, 52.470975152985552 ], [ 4.601443945929203, 52.471025411691542 ], [ 4.601491823725647, 52.471485022594607 ], [ 4.600103689220849, 52.471790872862478 ], [ 4.597812903646539, 52.471221278478097 ], [ 4.594828324470801, 52.471324607247418 ], [ 4.598388350680768, 52.472361899146847 ], [ 4.603788919947818, 52.47211551967186 ], [ 4.603846129126244, 52.47250519271271 ], [ 4.607814780434744, 52.472260972385428 ], [ 4.60888305156293, 52.472138046197074 ], [ 4.609102526089168, 52.47295099028112 ], [ 4.602367698454154, 52.473802649568619 ], [ 4.602486281337453, 52.473924824588295 ], [ 4.59975375182007, 52.474270073110915 ], [ 4.598860707994629, 52.474018809046555 ], [ 4.598430553570871, 52.474073677711665 ], [ 4.598264473426165, 52.474028458319765 ], [ 4.598271872009761, 52.473928664485648 ], [ 4.598128309164505, 52.473890517966822 ], [ 4.597865361986486, 52.473862218132624 ], [ 4.597981187984677, 52.473634818086545 ], [ 4.597686714438666, 52.473553424117654 ], [ 4.597594008751385, 52.473673070967315 ], [ 4.596188841044931, 52.473284620572237 ], [ 4.595921575583231, 52.473365893183455 ], [ 4.595580376410368, 52.473798614776889 ], [ 4.586386970903686, 52.471673168335514 ], [ 4.585611435186825, 52.472227681355079 ], [ 4.583995998604429, 52.471893108577376 ], [ 4.582432841989069, 52.470587166101957 ], [ 4.579155984552812, 52.469657233315957 ], [ 4.567184407720081, 52.467680486412121 ], [ 4.55741370016999, 52.467797207947314 ], [ 4.548296948247229, 52.469212316045883 ], [ 4.543228739740974, 52.468134933225848 ], [ 4.542897200957998, 52.467479817772784 ], [ 4.542249942371266, 52.46741180505164 ], [ 4.542975569262557, 52.46833079347207 ], [ 4.54802436937426, 52.469623302105191 ], [ 4.557851915134326, 52.468058208439956 ], [ 4.564442279785667, 52.467875460436893 ], [ 4.575180368021673, 52.479201617273425 ], [ 4.58133717278414, 52.489320531677031 ], [ 4.586563282836971, 52.499161303197212 ], [ 4.593024356906283, 52.513487724387304 ], [ 4.59830267319716, 52.531140666534753 ], [ 4.601183611968675, 52.539351240993746 ], [ 4.60996515252002, 52.573744337739399 ], [ 4.654980505653309, 52.582869987975542 ], [ 4.655713659935413, 52.585512126524137 ], [ 4.659840611149946, 52.586139698356142 ], [ 4.672581364749544, 52.590904100941863 ], [ 4.673979694009885, 52.589947171657407 ], [ 4.670615392841841, 52.58872930522184 ], [ 4.671641318817335, 52.587298027626467 ], [ 4.677738416178998, 52.58548355899844 ], [ 4.677654099459087, 52.58433720070169 ], [ 4.679273805935061, 52.583873237991185 ], [ 4.685522144958145, 52.583131029431989 ], [ 4.686243702953873, 52.582956899292832 ], [ 4.685425437904851, 52.58095699852079 ], [ 4.691304903787201, 52.5800487503979 ], [ 4.691085643432442, 52.579578222067163 ], [ 4.696587492293703, 52.578977916277502 ], [ 4.698316328100628, 52.581854981769652 ], [ 4.703360083467566, 52.581550990387562 ], [ 4.703755882519198, 52.580338535523403 ], [ 4.71025774119176, 52.580587550869623 ], [ 4.718182420064186, 52.580080850677632 ], [ 4.718467987416679, 52.580061455935372 ], [ 4.723339119799554, 52.579765640280954 ], [ 4.724883310490663, 52.578737120689915 ], [ 4.726707784478335, 52.579637105832752 ], [ 4.739992728227226, 52.578928136877472 ], [ 4.744455866224832, 52.590288404447158 ], [ 4.750968465203071, 52.589118789870298 ], [ 4.752138624367172, 52.591890888507372 ], [ 4.752480426925204, 52.59257722918219 ], [ 4.756477862172606, 52.591568339366667 ] ] ] ] } },
{ "type": "Feature", "properties": { "fid": 11, "ck_zk": "ZK12", "jrstatcode": "2025ZK12", "statnaam": "Midden-Brabant", "rubriek": "zorgkantoorregio", "id": 11 }, "geometry": { "type": "MultiPolygon", "coordinates": [ [ [ [ 5.185699795362008, 51.741917556211433 ], [ 5.195524362743061, 51.740273186983856 ], [ 5.20649417355845, 51.741477184571579 ], [ 5.210374931730597, 51.737711098178906 ], [ 5.209495331514108, 51.737368027404344 ], [ 5.210440983245238, 51.735480170117569 ], [ 5.210068757198246, 51.73541417255057 ], [ 5.210531280142979, 51.734385564505061 ], [ 5.210015473845987, 51.733946104173555 ], [ 5.215156202836088, 51.731331971118841 ], [ 5.219346146689772, 51.728150668474981 ], [ 5.221743798535968, 51.729386197161524 ], [ 5.224884043128653, 51.726655437317866 ], [ 5.227517414759227, 51.727150811394871 ], [ 5.231063303453556, 51.724016234581015 ], [ 5.228535670681968, 51.714767758700361 ], [ 5.229313520324697, 51.712287589979432 ], [ 5.229977435330912, 51.710569560407876 ], [ 5.241204243149667, 51.71398888587288 ], [ 5.236208129686323, 51.70616654832795 ], [ 5.23575644719895, 51.704653067753391 ], [ 5.237273972947852, 51.704761261834484 ], [ 5.238987423092563, 51.702043867937881 ], [ 5.241120328261439, 51.701025536854729 ], [ 5.247012610663293, 51.702735383685585 ], [ 5.248174049193329, 51.701102918936748 ], [ 5.248929100060427, 51.701244373746349 ], [ 5.251334184432371, 51.699782861271622 ], [ 5.251569345928822, 51.699371792099356 ], [ 5.248916016184846, 51.697130800147072 ], [ 5.248484530166996, 51.695096462882049 ], [ 5.248383629701087, 51.695002592518421 ], [ 5.228740668927187, 51.691352491953317 ], [ 5.226818914031245, 51.690850881577731 ], [ 5.226157761729874, 51.690030807516294 ], [ 5.225743784501255, 51.683861135321536 ], [ 5.223227611657627, 51.673781971291227 ], [ 5.20794839846266, 51.673955995592578 ], [ 5.202264399965075, 51.670610764980907 ], [ 5.204776630989626, 51.66982208547573 ], [ 5.174878084482025, 51.669193437166747 ], [ 5.166798144411885, 51.669047440944404 ], [ 5.161767291604871, 51.663447623371816 ], [ 5.157672727480564, 51.663274741258711 ], [ 5.156958128979915, 51.657759843196047 ], [ 5.154451888102577, 51.654919099908874 ], [ 5.16006567337184, 51.639535655940378 ], [ 5.1720596470891, 51.638896540486201 ], [ 5.178393654934187, 51.639680842394256 ], [ 5.17792862399795, 51.641623959504976 ], [ 5.178968092265905, 51.641661425045356 ], [ 5.17957727386827, 51.63989306345902 ], [ 5.184009279456192, 51.640677709358485 ], [ 5.191821269008258, 51.63947733137514 ], [ 5.191991292744604, 51.638090145320426 ], [ 5.191292370621025, 51.636886654828658 ], [ 5.192229867215516, 51.634446233767761 ], [ 5.192978597489153, 51.634261724799529 ], [ 5.193660949647803, 51.630613654600275 ], [ 5.195884188446538, 51.627979747974052 ], [ 5.201219346510413, 51.623962012062023 ], [ 5.202768109966964, 51.622621813019727 ], [ 5.207876385652375, 51.620404744019154 ], [ 5.207809957315866, 51.620201446619255 ], [ 5.210711377326612, 51.615588417134553 ], [ 5.222395311324376, 51.621843908904417 ], [ 5.222010221916581, 51.619748113101473 ], [ 5.2239541654091, 51.618306978488334 ], [ 5.224114612860295, 51.616439152411466 ], [ 5.225928672411199, 51.615958466362102 ], [ 5.228192406329291, 51.615889150386465 ], [ 5.236940296765541, 51.618137112268037 ], [ 5.237586212781114, 51.618966595271083 ], [ 5.23991553554414, 51.618825128699321 ], [ 5.241984406642074, 51.617923894048772 ], [ 5.242374575544214, 51.617988618497421 ], [ 5.244372340147932, 51.6185497392675 ], [ 5.246668939302036, 51.620834093054526 ], [ 5.246171410863266, 51.622654685733558 ], [ 5.255499564397095, 51.624928425061363 ], [ 5.260420132030065, 51.621102301574815 ], [ 5.264000366523645, 51.618229736221672 ], [ 5.268820716569324, 51.612537754647171 ], [ 5.269239503057126, 51.609608730918254 ], [ 5.275221139491266, 51.607841786842606 ], [ 5.278743577595759, 51.604790478562499 ], [ 5.275664517964696, 51.604405492641327 ], [ 5.268813378183743, 51.60096715460184 ], [ 5.262196617590353, 51.599350172461058 ], [ 5.255452315189974, 51.593472794061952 ], [ 5.247942213343855, 51.589798142759058 ], [ 5.247241353485094, 51.587040488693638 ], [ 5.247207483205688, 51.586779848289353 ], [ 5.246177657263301, 51.579478142367364 ], [ 5.261454601893912, 51.561130432760145 ], [ 5.264412407728961, 51.557969383980144 ], [ 5.268900065394559, 51.553726625817369 ], [ 5.273270948237091, 51.552820793855645 ], [ 5.271932644159918, 51.54980699471033 ], [ 5.277487363810235, 51.548736720748352 ], [ 5.276884477843458, 51.544863184375579 ], [ 5.269862124501103, 51.546209158141359 ], [ 5.261305004512312, 51.540687633161504 ], [ 5.253330656500998, 51.540332681774025 ], [ 5.249495459536528, 51.531635634551613 ], [ 5.244006819973303, 51.525750630545815 ], [ 5.234791330666956, 51.530994368127338 ], [ 5.23084374524312, 51.520937334956741 ], [ 5.224434789579901, 51.517148451125891 ], [ 5.226534156198319, 51.507473665425756 ], [ 5.232363168140222, 51.508919787051745 ], [ 5.235942579833295, 51.513909593887028 ], [ 5.251249803467959, 51.509630849172552 ], [ 5.250076280074796, 51.508000936754371 ], [ 5.250969140822626, 51.506209015269576 ], [ 5.247892068148485, 51.506336084282545 ], [ 5.24711077022892, 51.498878571530895 ], [ 5.228443943797803, 51.498700006010743 ], [ 5.230606150705935, 51.490938664315784 ], [ 5.229966910311983, 51.489726772837713 ], [ 5.226155181981597, 51.489110829808936 ], [ 5.225256122971551, 51.488374333712308 ], [ 5.223120499807424, 51.481573804441801 ], [ 5.220434967595474, 51.472879519666243 ], [ 5.209730271545729, 51.465613070209379 ], [ 5.191024878796082, 51.430224999903686 ], [ 5.191020000434413, 51.430215823227798 ], [ 5.190182475330537, 51.430112399961736 ], [ 5.184980787731371, 51.428764026258335 ], [ 5.178153519849224, 51.430261023691109 ], [ 5.173458333740277, 51.428240218857916 ], [ 5.170765628103259, 51.429733081737851 ], [ 5.158553217017335, 51.432174251723502 ], [ 5.157948249789555, 51.428830855332336 ], [ 5.153211529927523, 51.42835432142062 ], [ 5.152499813517961, 51.428968547501306 ], [ 5.119459113293277, 51.428274835261256 ], [ 5.102020556081373, 51.428922728159904 ], [ 5.104572617886221, 51.431348890697166 ], [ 5.080307280309257, 51.46926263810068 ], [ 5.078564272835812, 51.471444515656302 ], [ 5.049740820891922, 51.471108149389316 ], [ 5.045931785165589, 51.471114751231276 ], [ 5.043427159240386, 51.474685807125603 ], [ 5.042487986074348, 51.474827981739288 ], [ 5.043144019544356, 51.475175532899513 ], [ 5.037888458708058, 51.479349844791635 ], [ 5.039172428896301, 51.479774979679384 ], [ 5.040093735570901, 51.485099583866997 ], [ 5.040210223590234, 51.486533091366212 ], [ 5.038702578053099, 51.486544242955844 ], [ 5.03878803310355, 51.4870006034851 ], [ 5.033155628011271, 51.48719427160151 ], [ 5.032058539484474, 51.485732394875711 ], [ 5.022278717816092, 51.481778577637364 ], [ 5.016522482126589, 51.475439158298094 ], [ 5.015272492290786, 51.476329356169131 ], [ 5.008338213103683, 51.47329958514014 ], [ 5.006411051353957, 51.475110156624943 ], [ 4.999301716435932, 51.479306377749396 ], [ 4.999788297337558, 51.480501921491914 ], [ 4.999176405628894, 51.482015877728152 ], [ 4.987993346189467, 51.483044726447737 ], [ 4.988420316700682, 51.483984654918707 ], [ 4.990096245119663, 51.485078075249866 ], [ 4.99133643274975, 51.484421163712135 ], [ 4.993391038372017, 51.485479307197011 ], [ 4.991637888453158, 51.486182459171452 ], [ 4.992618492353416, 51.487453512131232 ], [ 4.997228474014113, 51.488538412906621 ], [ 5.000363943876232, 51.491862473666274 ], [ 4.997803828389173, 51.492844965473203 ], [ 4.997158893442718, 51.49204964775894 ], [ 4.992466436479754, 51.493945535806716 ], [ 4.996756578764898, 51.496774713863282 ], [ 4.994642970304763, 51.497650691768726 ], [ 4.986739820358542, 51.495329265067582 ], [ 4.985775985163466, 51.499754544752633 ], [ 4.989655111021883, 51.50575507824081 ], [ 4.992298365796971, 51.512247601516343 ], [ 4.989917963382039, 51.513149558913824 ], [ 4.982496198976588, 51.514088055746022 ], [ 4.98455460160387, 51.517882116945017 ], [ 4.980868797123014, 51.518630927191587 ], [ 4.977595842229813, 51.521651621094179 ], [ 4.968750850186071, 51.5211816222888 ], [ 4.962572745934026, 51.525864412915297 ], [ 4.956643640568355, 51.518676602621454 ], [ 4.911062843890669, 51.510081285567864 ], [ 4.866232443023732, 51.538066605106572 ], [ 4.854563986962187, 51.533926584137092 ], [ 4.851050402670457, 51.534102274574089 ], [ 4.844738938707749, 51.53332769818509 ], [ 4.845060614524174, 51.528481553991995 ], [ 4.842351820206017, 51.526845066119456 ], [ 4.829766328487475, 51.527858804284691 ], [ 4.829260986513577, 51.529689433971946 ], [ 4.831324946714565, 51.529472681008563 ], [ 4.835703864260774, 51.531526606035769 ], [ 4.836794883099718, 51.532770891392964 ], [ 4.836113159365308, 51.534465535937123 ], [ 4.834616543299126, 51.535148538430683 ], [ 4.83485947789196, 51.538617545408549 ], [ 4.84835744924438, 51.542984370717598 ], [ 4.851819154144065, 51.544683698353339 ], [ 4.852706063194358, 51.545211460771519 ], [ 4.864261136059156, 51.552020146073389 ], [ 4.864545173853687, 51.553503178132452 ], [ 4.862984965221776, 51.557269557597706 ], [ 4.864150690740043, 51.559402715204598 ], [ 4.86731119047429, 51.55886500193224 ], [ 4.8682783983949, 51.559925927498213 ], [ 4.869105349426626, 51.566761739755506 ], [ 4.871684502761306, 51.567110397836743 ], [ 4.870085336669576, 51.570818799294884 ], [ 4.865370278943817, 51.572917264032071 ], [ 4.864238522129678, 51.579088861241537 ], [ 4.8691713750112, 51.578441901527022 ], [ 4.868966109390642, 51.581002432754318 ], [ 4.889620378743492, 51.588811095200782 ], [ 4.890245540087028, 51.589036057669581 ], [ 4.8999000556782, 51.592667386214458 ], [ 4.899922544813301, 51.592675231769412 ], [ 4.913785893604048, 51.598090470661482 ], [ 4.911635156528381, 51.600067171382641 ], [ 4.913113294591784, 51.600396629369982 ], [ 4.91377507095579, 51.599707278381317 ], [ 4.916268734613237, 51.600015561565421 ], [ 4.916150682221476, 51.600811601784571 ], [ 4.918498989258532, 51.601367429696225 ], [ 4.917442810628726, 51.608540737404169 ], [ 4.911881665093595, 51.615399255135472 ], [ 4.911167283791475, 51.616156569382198 ], [ 4.911326764395357, 51.618061795156699 ], [ 4.909899589087149, 51.618327108287268 ], [ 4.912260275696197, 51.619489269772849 ], [ 4.913558782895882, 51.619637686564403 ], [ 4.915554433642408, 51.622432858753896 ], [ 4.90427921115023, 51.624332572640014 ], [ 4.905019149336986, 51.624532443571617 ], [ 4.911822504004919, 51.626364949082451 ], [ 4.912117334653765, 51.626825476824827 ], [ 4.910537767973162, 51.627425951716624 ], [ 4.910028091598329, 51.629460053298473 ], [ 4.911147550200143, 51.631248216437143 ], [ 4.913191687961357, 51.634022760372893 ], [ 4.928946344414802, 51.646673117685935 ], [ 4.929202715798984, 51.646874545446117 ], [ 4.929280208934049, 51.648532320209043 ], [ 4.930105888227351, 51.647954772100626 ], [ 4.930354376172142, 51.649541394062233 ], [ 4.932815728061176, 51.650697708692931 ], [ 4.932906360794026, 51.651576450864972 ], [ 4.932459993337647, 51.655823676140834 ], [ 4.934410303254491, 51.657253669246742 ], [ 4.933000257518242, 51.658893471068787 ], [ 4.933126177792245, 51.659884148121442 ], [ 4.930942919923052, 51.667101636794897 ], [ 4.926775586287247, 51.66908741924744 ], [ 4.925032353795833, 51.673009296248559 ], [ 4.925073922745669, 51.674980298856347 ], [ 4.933169421303784, 51.676749975707601 ], [ 4.930759869475176, 51.683510185725936 ], [ 4.930362399500565, 51.684280902591603 ], [ 4.929109051903724, 51.688135088216185 ], [ 4.92695786867047, 51.694262729716421 ], [ 4.921007040751669, 51.711409224303623 ], [ 4.917991152319767, 51.719959366144849 ], [ 4.921425484038053, 51.72044282691931 ], [ 4.935952635850623, 51.722426793491131 ], [ 4.945563411160435, 51.72304160023139 ], [ 4.958484237259765, 51.722628971552446 ], [ 4.969986783177094, 51.721099673950292 ], [ 4.988636921257299, 51.716871352979226 ], [ 5.009452408721998, 51.712819361346945 ], [ 5.027654294510972, 51.711061332541441 ], [ 5.041760682557218, 51.710882749412399 ], [ 5.053629788891405, 51.711817828298564 ], [ 5.062456614778774, 51.713842899092555 ], [ 5.069098900177642, 51.716281599393255 ], [ 5.075058276034277, 51.718877138560252 ], [ 5.081760241387991, 51.722344398428973 ], [ 5.092124421527644, 51.727583750756516 ], [ 5.101583040106484, 51.731215458278903 ], [ 5.118138580130175, 51.735709297525752 ], [ 5.126531198571028, 51.737314642850613 ], [ 5.128054699486863, 51.737607142346228 ], [ 5.163496630013301, 51.74270234088003 ], [ 5.168836828788012, 51.743073866135454 ], [ 5.17726006915511, 51.742917749808456 ], [ 5.185699795362008, 51.741917556211433 ] ] ] ] } },
{ "type": "Feature", "properties": { "fid": 12, "ck_zk": "ZK13", "jrstatcode": "2025ZK13", "statnaam": "Midden-Holland", "rubriek": "zorgkantoorregio", "id": 12 }, "geometry": { "type": "MultiPolygon", "coordinates": [ [ [ [ 4.792080179629929, 52.122287379380644 ], [ 4.825314741101428, 52.107151089381802 ], [ 4.82438949402095, 52.105403075538483 ], [ 4.823055886140577, 52.105192804673514 ], [ 4.82339470379061, 52.092801216558648 ], [ 4.82563534598579, 52.080081474217863 ], [ 4.825629565962691, 52.079792332299036 ], [ 4.826492611217977, 52.079527175935866 ], [ 4.826275687671352, 52.074643575578378 ], [ 4.833045259568279, 52.074826929834622 ], [ 4.832789237378242, 52.072951043338264 ], [ 4.834035388545844, 52.072735850294038 ], [ 4.829807903191146, 52.066823402842907 ], [ 4.840376439874552, 52.068880068271874 ], [ 4.855231509573798, 52.068813546216589 ], [ 4.873200411814852, 52.068745393147672 ], [ 4.868225038756269, 52.063446332721441 ], [ 4.856305076402217, 52.059151787287306 ], [ 4.848048500015039, 52.05816468475323 ], [ 4.839093459508701, 52.054167400289963 ], [ 4.829490283666744, 52.049813400239657 ], [ 4.829360815621016, 52.049279513371125 ], [ 4.81719293019651, 52.036931096710781 ], [ 4.81182222805134, 52.033824511073846 ], [ 4.806704370126562, 52.033167301576114 ], [ 4.808670541965742, 52.029653903987487 ], [ 4.809659851364212, 52.027505925597382 ], [ 4.809933419604729, 52.026764517156323 ], [ 4.798700208048421, 52.022271728063245 ], [ 4.803410173810587, 52.014144549038214 ], [ 4.805394822530832, 52.014132928479995 ], [ 4.808285146402153, 52.014143241635523 ], [ 4.812631347410255, 52.013941832157109 ], [ 4.815858924397682, 52.014029992082165 ], [ 4.821484686945929, 52.015918291481228 ], [ 4.824994256849447, 52.017236608917571 ], [ 4.833334776270465, 52.016422934471429 ], [ 4.840178054058915, 52.016706942722237 ], [ 4.846895777654134, 52.018181708179206 ], [ 4.847203421273327, 52.017974303430123 ], [ 4.848602730774647, 52.016116915653328 ], [ 4.856385688617407, 52.006838058218321 ], [ 4.857126556382675, 52.005959507987889 ], [ 4.853602035871029, 52.004798410879033 ], [ 4.817805905521922, 51.999766889053788 ], [ 4.826968648948841, 51.992594686004914 ], [ 4.835217848184357, 51.986143020508017 ], [ 4.834114363667695, 51.985580247177239 ], [ 4.844296974682223, 51.976351809137398 ], [ 4.845546370421592, 51.975200503739856 ], [ 4.847553164557082, 51.975136900480095 ], [ 4.849765880113696, 51.973854075318414 ], [ 4.860382219234603, 51.968013506222825 ], [ 4.864304497700337, 51.963397360166077 ], [ 4.865673980645983, 51.960433347690639 ], [ 4.868956646935978, 51.95670673959237 ], [ 4.871597951255687, 51.953710696703062 ], [ 4.872755662569698, 51.950940686809531 ], [ 4.875812031641798, 51.943533564922483 ], [ 4.877792920155559, 51.938030675583256 ], [ 4.872278440565287, 51.938354436535015 ], [ 4.863281046964581, 51.940025993681267 ], [ 4.85919557296549, 51.940831257003339 ], [ 4.846701170399016, 51.941376670799237 ], [ 4.837195894811313, 51.940421047810908 ], [ 4.83230416660702, 51.938638802685922 ], [ 4.814195227951548, 51.926231484570657 ], [ 4.811283443603574, 51.924554632050445 ], [ 4.801233115458099, 51.921632269922412 ], [ 4.790704900995191, 51.919658995579397 ], [ 4.777610069032362, 51.917065241393111 ], [ 4.767193402252507, 51.915903355082015 ], [ 4.761762139528162, 51.914216871083106 ], [ 4.743869487122732, 51.905248841346058 ], [ 4.723972169318619, 51.898090585028712 ], [ 4.715811920134732, 51.895949042681302 ], [ 4.705601147496467, 51.897218325770503 ], [ 4.690955663676873, 51.894837656574012 ], [ 4.680675867547222, 51.893005094751068 ], [ 4.675994274529346, 51.891142357735966 ], [ 4.673367210555988, 51.890227581492212 ], [ 4.668166587077526, 51.889585346829001 ], [ 4.654651667956043, 51.889682010477486 ], [ 4.639300752503034, 51.890733285874141 ], [ 4.6332168230188, 51.89048363142247 ], [ 4.625423195701768, 51.889383166888244 ], [ 4.621065586525739, 51.889401544405963 ], [ 4.619572170348848, 51.88952269980738 ], [ 4.595028826032788, 51.894172730049291 ], [ 4.590797261793692, 51.895848505405887 ], [ 4.58302042196629, 51.90121270464973 ], [ 4.57632845404583, 51.903031720417992 ], [ 4.582034793074745, 51.904086495255946 ], [ 4.58419110319559, 51.903905422944142 ], [ 4.589098556136356, 51.902367495226606 ], [ 4.588747706695679, 51.904187425120185 ], [ 4.592212981832892, 51.90560117389122 ], [ 4.592520039348824, 51.904406385261353 ], [ 4.593083546265007, 51.904679854660266 ], [ 4.593510900543097, 51.904101590148592 ], [ 4.59673298720624, 51.9057575875552 ], [ 4.595173304550954, 51.907082121755906 ], [ 4.596768988757145, 51.907805020079863 ], [ 4.596826281267663, 51.907811452957056 ], [ 4.601463716333021, 51.906997697556442 ], [ 4.623217754783024, 51.908536175081572 ], [ 4.635151674349967, 51.910070418543064 ], [ 4.642782955449651, 51.912457752069486 ], [ 4.643018854951964, 51.912569406466481 ], [ 4.630587080973748, 51.921433715093521 ], [ 4.623664845769215, 51.92628526246407 ], [ 4.61770393282102, 51.931050141757787 ], [ 4.619488624484371, 51.933492268470182 ], [ 4.618924069931186, 51.933895042566924 ], [ 4.614245806600324, 51.93723101454399 ], [ 4.610497085360787, 51.939908946713146 ], [ 4.605905465549378, 51.943232343426068 ], [ 4.603699192593064, 51.944807875079611 ], [ 4.599742538563236, 51.94766615360458 ], [ 4.602068262792452, 51.949475598345721 ], [ 4.59939236642667, 51.951984186409064 ], [ 4.595332502691564, 51.955797899670983 ], [ 4.595049461126701, 51.95603700612066 ], [ 4.590188742099619, 51.960142839268897 ], [ 4.588460073493366, 51.961602589377165 ], [ 4.583992414024661, 51.965368966697184 ], [ 4.590021946536619, 51.968580962146007 ], [ 4.590690596333325, 51.968231845445999 ], [ 4.601808262598599, 51.972140100960928 ], [ 4.594181566469593, 51.975440365736631 ], [ 4.593740613130939, 51.97608859255697 ], [ 4.593840759269788, 51.976777314626005 ], [ 4.59442854264025, 51.977117614940134 ], [ 4.594128269019564, 51.977629441447256 ], [ 4.598773041128196, 51.987968593373161 ], [ 4.594367517497419, 51.994281553453384 ], [ 4.578942894191762, 51.989860656226774 ], [ 4.579736358708388, 51.988836447408396 ], [ 4.578727661254709, 51.988548539219067 ], [ 4.579687158051776, 51.987267158297875 ], [ 4.57731222779994, 51.986404833207757 ], [ 4.578918486813049, 51.981134202140439 ], [ 4.570229901065462, 51.979030101058846 ], [ 4.57352940212839, 51.974576118836396 ], [ 4.574303882403634, 51.974509474431521 ], [ 4.577446931380006, 51.976249225387534 ], [ 4.577921191417467, 51.975854430005811 ], [ 4.578524470852409, 51.976188009350217 ], [ 4.57899981884374, 51.975787194802962 ], [ 4.578543975900878, 51.975535393671045 ], [ 4.574112344539846, 51.973086525994233 ], [ 4.574363305164762, 51.97287621169545 ], [ 4.571908917480722, 51.971868776094468 ], [ 4.571378950127825, 51.971919177268951 ], [ 4.570275663387738, 51.972024093807946 ], [ 4.566936032165548, 51.971189814924259 ], [ 4.565382353347639, 51.971275688304758 ], [ 4.563367733059003, 51.971727924761069 ], [ 4.562897532482689, 51.97152076978324 ], [ 4.562413739012375, 51.971926719083342 ], [ 4.561151941207294, 51.971177503336918 ], [ 4.561544493743846, 51.970851073661812 ], [ 4.561651900526621, 51.970761757304196 ], [ 4.561104694552362, 51.970525021457831 ], [ 4.5613988971597, 51.970275226811523 ], [ 4.560547644268938, 51.969622159173348 ], [ 4.556585946963042, 51.968466041333947 ], [ 4.556401746004576, 51.96885466589589 ], [ 4.554215334525766, 51.968920692526972 ], [ 4.547686282475619, 51.972806611772029 ], [ 4.551934725307301, 51.97473738404976 ], [ 4.553760535643221, 51.977041111559942 ], [ 4.551991874240598, 51.978869306150969 ], [ 4.550885758415477, 51.981873624317387 ], [ 4.548162227697237, 51.983294249477638 ], [ 4.548417968373853, 51.984957073724587 ], [ 4.547393656305648, 51.988746239256415 ], [ 4.546909605839141, 51.990228346060327 ], [ 4.546339275275281, 51.991514158258518 ], [ 4.548387895569834, 51.992557332979537 ], [ 4.547005418755447, 51.993942883776334 ], [ 4.549893604965331, 51.99574655901116 ], [ 4.553444531017972, 52.003923941757108 ], [ 4.554875146776522, 52.005948585416931 ], [ 4.557119438817576, 52.013936383013935 ], [ 4.556776973415948, 52.018400721586964 ], [ 4.558217972992305, 52.028908449351285 ], [ 4.559347338119586, 52.031407363488555 ], [ 4.560140282154391, 52.033189893375045 ], [ 4.56345716946241, 52.035776979884325 ], [ 4.563304771149052, 52.038277020837981 ], [ 4.561059633638684, 52.042060862437928 ], [ 4.565042961073281, 52.058569379497065 ], [ 4.565925412473733, 52.059225958712389 ], [ 4.607427110877652, 52.065526518667987 ], [ 4.607023721983084, 52.077045843974851 ], [ 4.625320375285519, 52.076443249354085 ], [ 4.625307180049537, 52.074447226476444 ], [ 4.636881164490192, 52.073531640880432 ], [ 4.637624697742871, 52.068010160268138 ], [ 4.638225121412685, 52.064823595191378 ], [ 4.646860662047795, 52.064282711226078 ], [ 4.646904042329074, 52.06428003922634 ], [ 4.659150602479952, 52.064005953058775 ], [ 4.659147765353541, 52.064017738162462 ], [ 4.659967730229911, 52.064104308168574 ], [ 4.665910582068442, 52.063951609957364 ], [ 4.665660021833614, 52.06572393931328 ], [ 4.677246984107649, 52.065520527857679 ], [ 4.678997537782069, 52.0601970216564 ], [ 4.679298395936971, 52.059215896492837 ], [ 4.681973526512063, 52.059104063814203 ], [ 4.683121213847279, 52.062607479841574 ], [ 4.685346984539342, 52.069384379715054 ], [ 4.686148996729889, 52.069214349063614 ], [ 4.686259893698383, 52.069525798866636 ], [ 4.69441120306891, 52.067767388902617 ], [ 4.696834782485646, 52.074005757591614 ], [ 4.704905029014683, 52.076836410640588 ], [ 4.713027605898408, 52.076929384219532 ], [ 4.715505853006674, 52.081188412271423 ], [ 4.713101995695535, 52.084338398896449 ], [ 4.70875813396667, 52.093643893448501 ], [ 4.70700542128766, 52.093296540491728 ], [ 4.70506793038399, 52.094638732027562 ], [ 4.704731800808349, 52.095240861705179 ], [ 4.724440586795226, 52.099581871856451 ], [ 4.724517582610614, 52.099599443555135 ], [ 4.733073144526902, 52.101475494459486 ], [ 4.734809713555532, 52.101876382815554 ], [ 4.734518022451264, 52.102614615241478 ], [ 4.740222862857555, 52.104648091754186 ], [ 4.738856699861746, 52.106507437341584 ], [ 4.746379940589516, 52.107515879142241 ], [ 4.753225972174514, 52.108512570534465 ], [ 4.759328660729574, 52.110344617739237 ], [ 4.760239458529191, 52.11184493379281 ], [ 4.761049632976962, 52.112846131142014 ], [ 4.762532571699652, 52.113711609934491 ], [ 4.766675642623868, 52.113145090569532 ], [ 4.76921948635527, 52.113311519982325 ], [ 4.769977266537886, 52.114784934781113 ], [ 4.770861086781436, 52.115137538373034 ], [ 4.77492851223224, 52.114842712300792 ], [ 4.775948743272424, 52.115779885069045 ], [ 4.77650773866405, 52.116004026222761 ], [ 4.778259155111602, 52.115841175471964 ], [ 4.77954247787297, 52.117653345506092 ], [ 4.780450210837345, 52.117961143262974 ], [ 4.783151257810841, 52.117319999820197 ], [ 4.783969218791443, 52.117437231669292 ], [ 4.784438581495494, 52.118036007869712 ], [ 4.783019297022894, 52.119762828722337 ], [ 4.783306021696112, 52.120373409553245 ], [ 4.784069365539547, 52.120756051803916 ], [ 4.785372458981246, 52.120661996599914 ], [ 4.78750806012133, 52.11999328794009 ], [ 4.791893080758605, 52.12046046646995 ], [ 4.792080179629929, 52.122287379380644 ] ] ] ] } },
{ "type": "Feature", "properties": { "fid": 13, "ck_zk": "ZK14", "jrstatcode": "2025ZK14", "statnaam": "Midden-IJssel", "rubriek": "zorgkantoorregio", "id": 13 }, "geometry": { "type": "MultiPolygon", "coordinates": [ [ [ [ 6.162495458066081, 52.474388353749553 ], [ 6.170091991136962, 52.468922246568496 ], [ 6.174485113516799, 52.468401237782345 ], [ 6.177058880186671, 52.470581214991903 ], [ 6.178021895758404, 52.470635640577875 ], [ 6.186673227727947, 52.468417635218422 ], [ 6.190949683136783, 52.468440957566614 ], [ 6.193853873880122, 52.468046347254962 ], [ 6.196860577993221, 52.468540737147585 ], [ 6.199746783388389, 52.468396648445442 ], [ 6.202419775264512, 52.468744338438498 ], [ 6.206097379327211, 52.467592681711011 ], [ 6.211418557245791, 52.464854559599715 ], [ 6.218723831764552, 52.464833306059212 ], [ 6.236257226229982, 52.465616806208267 ], [ 6.245413304595136, 52.46387499230282 ], [ 6.256431533153155, 52.462318360638029 ], [ 6.267766062955676, 52.459511028125448 ], [ 6.278238412857547, 52.457043169998144 ], [ 6.278637125993321, 52.447440133283031 ], [ 6.289947947271952, 52.446444745503449 ], [ 6.289315782482352, 52.443807931152492 ], [ 6.291713495193687, 52.435894991364286 ], [ 6.291580526738809, 52.435884056219514 ], [ 6.291825244884093, 52.434721413556474 ], [ 6.30183410377254, 52.435228485572594 ], [ 6.302262863483793, 52.431443619166984 ], [ 6.303719400224482, 52.43163305032315 ], [ 6.314438207141717, 52.433028176878082 ], [ 6.31894400434299, 52.432067275475809 ], [ 6.328522725865862, 52.428059459889873 ], [ 6.334331142404185, 52.424491198930824 ], [ 6.337109557477237, 52.427722570769092 ], [ 6.343136408380367, 52.425970584643458 ], [ 6.343344992407309, 52.425310178504198 ], [ 6.349578567412591, 52.424905725982022 ], [ 6.350057509883405, 52.426407362822047 ], [ 6.355537208971998, 52.425954534684045 ], [ 6.356254401573208, 52.429104364398981 ], [ 6.368319125796104, 52.427751672450064 ], [ 6.380398642774828, 52.427799175234149 ], [ 6.380572743620283, 52.429816143789317 ], [ 6.390315132103749, 52.428144518025022 ], [ 6.405169501316328, 52.415541601676402 ], [ 6.401364350000167, 52.406327526859648 ], [ 6.3944704052178, 52.392206881497465 ], [ 6.388649109389382, 52.380312599162259 ], [ 6.382474658364679, 52.380649318822528 ], [ 6.357262196417719, 52.377030583049091 ], [ 6.343082139489049, 52.370031990503968 ], [ 6.335939378395434, 52.356208723614607 ], [ 6.333501865496546, 52.35139833687704 ], [ 6.336206238850824, 52.346516100181439 ], [ 6.342387949062181, 52.333169266962905 ], [ 6.350177263797337, 52.324062655521708 ], [ 6.356015671871734, 52.318218784544172 ], [ 6.355471849373225, 52.317927418900219 ], [ 6.341193785958088, 52.309078486349918 ], [ 6.326529854159441, 52.301631538748147 ], [ 6.327817554839064, 52.290182765044207 ], [ 6.327823667369143, 52.290142679189117 ], [ 6.328842017542068, 52.281102973840078 ], [ 6.350537705824776, 52.271448780125141 ], [ 6.348856789769507, 52.269891831969822 ], [ 6.350831523319944, 52.269253913695664 ], [ 6.352126664844828, 52.270826937601171 ], [ 6.353489014429268, 52.270018489031585 ], [ 6.354883856505827, 52.269201242703943 ], [ 6.352842966155375, 52.268350480092586 ], [ 6.355376253978833, 52.267265675607739 ], [ 6.356718040344522, 52.26812823677362 ], [ 6.363488306227443, 52.264208585763662 ], [ 6.363062084355025, 52.264010292526116 ], [ 6.364543306648871, 52.263156695521339 ], [ 6.364833972638578, 52.26343331502958 ], [ 6.370775291365169, 52.260006451309103 ], [ 6.37294478155215, 52.260911200388165 ], [ 6.377162479294068, 52.258681335864402 ], [ 6.377222494131542, 52.256648603092351 ], [ 6.374809754495722, 52.256297905186941 ], [ 6.374880243525781, 52.255135949130334 ], [ 6.37728670191326, 52.254396473562032 ], [ 6.376342977284229, 52.252192939223697 ], [ 6.376542143111078, 52.251349430516314 ], [ 6.377205602646789, 52.250017638721218 ], [ 6.381224610911762, 52.247396850486041 ], [ 6.381133398056231, 52.246603565636747 ], [ 6.381851467515696, 52.246112806137582 ], [ 6.377348460142297, 52.24474994707689 ], [ 6.366851309466937, 52.241532139083041 ], [ 6.351761368385608, 52.241698239384441 ], [ 6.349651546646991, 52.2412412279511 ], [ 6.34922301635646, 52.240104817816167 ], [ 6.338056879224601, 52.23622294892035 ], [ 6.338708310456893, 52.227152863712853 ], [ 6.325434033916564, 52.226996635966586 ], [ 6.320429190856856, 52.22566908593469 ], [ 6.297942287326825, 52.225529829734612 ], [ 6.296951805920907, 52.229001219289202 ], [ 6.293035060811958, 52.2295124583503 ], [ 6.292829212313474, 52.230827227853233 ], [ 6.29170568811349, 52.230875206018084 ], [ 6.286333194131257, 52.230362024531956 ], [ 6.277235028428908, 52.227936169256651 ], [ 6.271007101961603, 52.227909964655275 ], [ 6.271290920265654, 52.226413631623835 ], [ 6.269400446443918, 52.226457389032568 ], [ 6.264718443763694, 52.227247808122371 ], [ 6.260835363413882, 52.229070970507458 ], [ 6.257294748831709, 52.227276217187139 ], [ 6.238451853130138, 52.227585584648757 ], [ 6.233920018898336, 52.229035419443093 ], [ 6.227766138415904, 52.229755090054695 ], [ 6.222479205737121, 52.228873226935342 ], [ 6.216480266498975, 52.231474716177061 ], [ 6.214515295754353, 52.231325237732776 ], [ 6.216948515734998, 52.226473646191089 ], [ 6.203110110559305, 52.229269222786179 ], [ 6.190140238663599, 52.229212938606729 ], [ 6.189447034222159, 52.22934336863829 ], [ 6.189135621400806, 52.229166511254469 ], [ 6.186856540302275, 52.230974996171341 ], [ 6.186044284118067, 52.231451960870722 ], [ 6.185990125713303, 52.231397472364392 ], [ 6.184836636343464, 52.231819922314727 ], [ 6.184974158517171, 52.23199117091324 ], [ 6.182530939976306, 52.23382502778346 ], [ 6.178384390510494, 52.23369849652849 ], [ 6.174214227539691, 52.232781328877202 ], [ 6.167341719118207, 52.231252492247748 ], [ 6.166268837707009, 52.231013772237098 ], [ 6.169682076186786, 52.229486167733434 ], [ 6.173975711725616, 52.225959451834235 ], [ 6.180817377951137, 52.223155759043117 ], [ 6.189254526576556, 52.217267541253023 ], [ 6.190717193227785, 52.214362929858801 ], [ 6.191050967010306, 52.210584926809773 ], [ 6.189597266580743, 52.207731593984455 ], [ 6.184037165766714, 52.204298242726402 ], [ 6.178365465731099, 52.203300946748911 ], [ 6.172119204577974, 52.201209991689758 ], [ 6.161430547783043, 52.20109355226959 ], [ 6.158203162022065, 52.199743115852669 ], [ 6.156354766535567, 52.197343172376023 ], [ 6.156350216941221, 52.19360089471477 ], [ 6.159033141102382, 52.190092295837495 ], [ 6.161437733164451, 52.189359002942254 ], [ 6.165399109175377, 52.189827233322227 ], [ 6.169533121150757, 52.189089528902258 ], [ 6.181141250099378, 52.181365512000092 ], [ 6.188912785242937, 52.179697873250127 ], [ 6.191544938170743, 52.17843976190413 ], [ 6.193621036765016, 52.176448600361326 ], [ 6.194362942206431, 52.174319900472327 ], [ 6.19279943387592, 52.169801272758804 ], [ 6.191513451744719, 52.167635915326471 ], [ 6.1867495143085, 52.164489998808953 ], [ 6.184678541215125, 52.161222572730537 ], [ 6.172576938052125, 52.161329107039606 ], [ 6.172587401131732, 52.161832902658709 ], [ 6.167215469312445, 52.162059436253529 ], [ 6.166993149295191, 52.161115249410294 ], [ 6.159816733725394, 52.161539591224354 ], [ 6.155018901811999, 52.16025850998254 ], [ 6.153578148740228, 52.159622289351425 ], [ 6.144135461036428, 52.159370497331828 ], [ 6.142486174682767, 52.15919469045452 ], [ 6.142279720229351, 52.158829686851242 ], [ 6.140815650834431, 52.158689190045656 ], [ 6.140337227490065, 52.158633442303575 ], [ 6.139520435376487, 52.158509200258536 ], [ 6.106133117540843, 52.152191095967687 ], [ 6.099424569513177, 52.150602749631247 ], [ 6.076067282802089, 52.143938074211817 ], [ 6.074369546183499, 52.1473009117583 ], [ 6.074725903460195, 52.14816252155817 ], [ 6.072669196697006, 52.150067266599031 ], [ 6.067383680694574, 52.153910539695211 ], [ 6.064256944460848, 52.157384657531324 ], [ 6.066422521644568, 52.161524104281952 ], [ 6.065806828116059, 52.164648450433873 ], [ 6.065634431140694, 52.165338023588831 ], [ 6.062863031919311, 52.170888373221288 ], [ 6.062656419927196, 52.171283089375216 ], [ 6.062453253482905, 52.171712992079001 ], [ 6.061354709155344, 52.173945471177262 ], [ 6.059794209232702, 52.17622074521055 ], [ 6.055344606428409, 52.179492769404952 ], [ 6.053806835955865, 52.18135206643489 ], [ 6.051636272763647, 52.182142384392336 ], [ 6.05012508264422, 52.183287566117635 ], [ 6.049389201932998, 52.185209813546251 ], [ 6.050973017896307, 52.187141426618055 ], [ 6.051069607579107, 52.188751648556 ], [ 6.053169416303023, 52.19261344709259 ], [ 6.053873810103225, 52.194999398600658 ], [ 6.056092737464672, 52.196055134906047 ], [ 6.05823823178356, 52.195934943557432 ], [ 6.058250901317552, 52.196171169512155 ], [ 6.05728532825802, 52.196659531193419 ], [ 6.053745724663353, 52.200874842121259 ], [ 6.050243832158674, 52.210019470262893 ], [ 6.047908006173972, 52.213004034565081 ], [ 6.048240655348667, 52.216424371200532 ], [ 6.04684428549138, 52.220386428952771 ], [ 6.046909209596206, 52.221367717700332 ], [ 6.042407766056562, 52.222470961348954 ], [ 6.040898977255109, 52.224133679744043 ], [ 6.035463963559445, 52.224481098889378 ], [ 6.033424531333754, 52.224079565934098 ], [ 6.034461536854131, 52.227785501384361 ], [ 6.0342394675138, 52.231345145475181 ], [ 6.033639681077656, 52.231514814175121 ], [ 6.03497286803569, 52.231390392990669 ], [ 6.03604174446011, 52.231917318014602 ], [ 6.034408507683136, 52.234305072066526 ], [ 6.032545253515944, 52.235590619905338 ], [ 6.028471822217859, 52.239043133412693 ], [ 6.02833142811803, 52.241679943420856 ], [ 6.026505714215332, 52.242904394449553 ], [ 6.02892726730643, 52.244390428069238 ], [ 6.027888696803561, 52.244860613486878 ], [ 6.028399305726555, 52.245387893316725 ], [ 6.027338256895811, 52.245813138757931 ], [ 6.024801558912491, 52.248936484043433 ], [ 6.028465758197934, 52.248657754179646 ], [ 6.031158838687659, 52.253103892263937 ], [ 6.031769389568031, 52.258550516584187 ], [ 6.034285548388906, 52.258097946672507 ], [ 6.035149233682923, 52.258314712671286 ], [ 6.035660898696201, 52.259309780983649 ], [ 6.035801681883514, 52.259513305549582 ], [ 6.036505692044429, 52.259489556304743 ], [ 6.03749347739665, 52.26092048765269 ], [ 6.037684360100976, 52.263606132244071 ], [ 6.034848713987116, 52.265517300438994 ], [ 6.036394656108858, 52.268530382757078 ], [ 6.040224951912433, 52.268180940955567 ], [ 6.043106202494402, 52.26892179620328 ], [ 6.042933283357883, 52.27004631912218 ], [ 6.04126389396901, 52.271657953166134 ], [ 6.04244477065891, 52.273669178770419 ], [ 6.043452461723375, 52.275604977025061 ], [ 6.043348444771002, 52.278726559009463 ], [ 6.040584997650399, 52.283222712765301 ], [ 6.034843162508269, 52.292465600092477 ], [ 6.034762658357159, 52.294795952458635 ], [ 6.037080405713614, 52.298893213408668 ], [ 6.046526183655332, 52.315649976289635 ], [ 6.051115077143064, 52.323698092149769 ], [ 6.052764089203391, 52.325952425144152 ], [ 6.052948022232782, 52.33090728595721 ], [ 6.07368063105663, 52.330569239498494 ], [ 6.074355607432586, 52.332555801943307 ], [ 6.075632414187174, 52.333300161589577 ], [ 6.074053475342871, 52.334523645648162 ], [ 6.075579567098647, 52.334741762430895 ], [ 6.076764144533402, 52.33865076005204 ], [ 6.075329971359418, 52.344555536456213 ], [ 6.076131209263119, 52.34566932632805 ], [ 6.076070119108163, 52.350570293943335 ], [ 6.078098925430134, 52.35175579261977 ], [ 6.078009883891522, 52.352426431416376 ], [ 6.087240503660913, 52.353889999047155 ], [ 6.094778511487268, 52.356931059677841 ], [ 6.093522059905471, 52.358671708483932 ], [ 6.090712860047002, 52.360444157238469 ], [ 6.088487343946803, 52.361145661298778 ], [ 6.08088202347077, 52.362036110467706 ], [ 6.077844927652806, 52.364297060272413 ], [ 6.078203163966864, 52.369046167114298 ], [ 6.079701213856353, 52.370664849550771 ], [ 6.082463304485398, 52.372069291549678 ], [ 6.095133368065179, 52.373841133416477 ], [ 6.113371072549623, 52.377208825733859 ], [ 6.120853832327386, 52.379541971568422 ], [ 6.123650405581344, 52.38131818503421 ], [ 6.125829977270933, 52.384058534268021 ], [ 6.126196644568187, 52.386065931775228 ], [ 6.12520844874622, 52.392627168392409 ], [ 6.12997056433021, 52.39860332111666 ], [ 6.130552716496672, 52.399977689045215 ], [ 6.127579239459068, 52.399617304414107 ], [ 6.125372282358525, 52.400177330564127 ], [ 6.123683203429971, 52.401916156943358 ], [ 6.119064762234602, 52.402641874563493 ], [ 6.116246638484041, 52.404875138480755 ], [ 6.114857081912373, 52.406985379295534 ], [ 6.110806828784857, 52.407812562152969 ], [ 6.114741104917125, 52.414255603627836 ], [ 6.113572497705246, 52.416905667184849 ], [ 6.113871943593512, 52.419853255861725 ], [ 6.118244866540685, 52.426643841892677 ], [ 6.118169119449726, 52.428436841511576 ], [ 6.116385032308631, 52.43019943026929 ], [ 6.119489293919116, 52.432925717223355 ], [ 6.114106681759369, 52.438006465096798 ], [ 6.109580016796527, 52.440530727870694 ], [ 6.120409810751315, 52.44230948090474 ], [ 6.130271761843357, 52.441611988921913 ], [ 6.135907263591901, 52.441565829972468 ], [ 6.137075090458907, 52.440761548283611 ], [ 6.139660018262937, 52.441617146549326 ], [ 6.140435156802589, 52.44341234577729 ], [ 6.147675923326005, 52.444441076166491 ], [ 6.153133681472903, 52.450229937701337 ], [ 6.154914837571916, 52.453183025744998 ], [ 6.152285470839899, 52.457803427607686 ], [ 6.151591036466174, 52.461770059759054 ], [ 6.147491915055964, 52.46573201554542 ], [ 6.144145747001668, 52.467664729047115 ], [ 6.151314629764652, 52.471087101111642 ], [ 6.152227466760682, 52.470836521778601 ], [ 6.162495458066081, 52.474388353749553 ] ] ] ] } },
{ "type": "Feature", "properties": { "fid": 14, "ck_zk": "ZK16", "jrstatcode": "2025ZK16", "statnaam": "Nijmegen", "rubriek": "zorgkantoorregio", "id": 14 }, "geometry": { "type": "MultiPolygon", "coordinates": [ [ [ [ 5.457011991660738, 51.98368404978995 ], [ 5.472686603522912, 51.982977613796017 ], [ 5.477664499531541, 51.983472671457385 ], [ 5.486214004563034, 51.98382644318589 ], [ 5.500751005113353, 51.978592046726916 ], [ 5.510979363292189, 51.973643226088612 ], [ 5.518222132764759, 51.971693390159594 ], [ 5.518829562764779, 51.971573613026614 ], [ 5.527113035062953, 51.970219066574543 ], [ 5.537520484476508, 51.968285327620841 ], [ 5.540208133629515, 51.967281506987376 ], [ 5.549561074079531, 51.959196893031788 ], [ 5.556933776462782, 51.95571102430803 ], [ 5.561252509155969, 51.954501793228452 ], [ 5.575574378434689, 51.952826551299303 ], [ 5.586616586992887, 51.950828947845253 ], [ 5.592736557938135, 51.949182559465733 ], [ 5.603911084571992, 51.943883272031819 ], [ 5.605939647188888, 51.94312478453368 ], [ 5.617887704615431, 51.941351127044314 ], [ 5.622767430420248, 51.939765424871005 ], [ 5.627864509623475, 51.937193806976751 ], [ 5.630288649694217, 51.93640949831903 ], [ 5.636231926901756, 51.936692368483762 ], [ 5.639625578462566, 51.938259069976979 ], [ 5.640638870127652, 51.93957811394462 ], [ 5.645088474539557, 51.944879689591666 ], [ 5.645304401588492, 51.9466808757808 ], [ 5.649621646461116, 51.950021182191925 ], [ 5.646220055999247, 51.950584670898024 ], [ 5.644259296017193, 51.952348858046442 ], [ 5.648922546569286, 51.954001291832817 ], [ 5.653760552975891, 51.953910475875418 ], [ 5.662190549954245, 51.952643239709253 ], [ 5.665988990940865, 51.952799476056967 ], [ 5.654973088431866, 51.94669945322493 ], [ 5.651715577790445, 51.948030226625534 ], [ 5.650419183588023, 51.947453080640713 ], [ 5.646322703520318, 51.941090920660208 ], [ 5.647212287188695, 51.940441980053279 ], [ 5.653297806231142, 51.942877540349322 ], [ 5.654345300877264, 51.941411271602803 ], [ 5.661144285498298, 51.943607340939643 ], [ 5.663137941501705, 51.940711752335083 ], [ 5.665779972919963, 51.941332106266458 ], [ 5.667714857563023, 51.938908383092354 ], [ 5.659618769142462, 51.937081916976219 ], [ 5.660481520138998, 51.933882972562685 ], [ 5.659965334093422, 51.933519894366917 ], [ 5.660350943246159, 51.929612226317751 ], [ 5.671053287256924, 51.930592597068859 ], [ 5.688777718426315, 51.935141009148666 ], [ 5.693025987905151, 51.934657733693768 ], [ 5.696322303131522, 51.931251124278539 ], [ 5.689925336137149, 51.93259962073963 ], [ 5.684359858226015, 51.92977807936569 ], [ 5.678324251081309, 51.928607725877569 ], [ 5.676010401172518, 51.926273308864651 ], [ 5.676866668732973, 51.920970407341727 ], [ 5.681615772218956, 51.918434585817288 ], [ 5.694854456101094, 51.921372994906477 ], [ 5.696255487125046, 51.920781747106155 ], [ 5.692195460104902, 51.91839509710983 ], [ 5.695515017664701, 51.916906281768512 ], [ 5.697105687908575, 51.915192383050865 ], [ 5.700976513788148, 51.913249789080929 ], [ 5.706130807623057, 51.907988784747324 ], [ 5.706279734481351, 51.906328510612191 ], [ 5.705317715353143, 51.904036063313839 ], [ 5.708038494032367, 51.901152107791368 ], [ 5.706400025380622, 51.897919747699291 ], [ 5.709806985363857, 51.897779548864243 ], [ 5.711177090249812, 51.896736868520691 ], [ 5.709841732563041, 51.89560695916466 ], [ 5.706659392611512, 51.893291566534437 ], [ 5.726164177184991, 51.887150119693779 ], [ 5.736418158986936, 51.885414472710458 ], [ 5.740732839977134, 51.885012534330322 ], [ 5.751304581706107, 51.883503912232044 ], [ 5.761035201419147, 51.881119123193187 ], [ 5.77335732684862, 51.878641365553925 ], [ 5.798351270317705, 51.875686057702595 ], [ 5.810313614342308, 51.872772664419436 ], [ 5.817074831109551, 51.870265383174377 ], [ 5.82697146853086, 51.873185825650737 ], [ 5.831611237201062, 51.872231993125929 ], [ 5.832583114108544, 51.873439510699477 ], [ 5.834173389961789, 51.875623051614262 ], [ 5.835153812551968, 51.877619006331379 ], [ 5.832813415068879, 51.878435072626893 ], [ 5.837788357042733, 51.883434003055839 ], [ 5.836820808386117, 51.883655797971187 ], [ 5.835873571415731, 51.886033530374384 ], [ 5.835940133726277, 51.888147538385304 ], [ 5.834389090488845, 51.890341853498242 ], [ 5.830426384150656, 51.891654982365587 ], [ 5.830237801932137, 51.893681041792327 ], [ 5.83672239448293, 51.893746294163243 ], [ 5.83684812358419, 51.893749649967852 ], [ 5.857123540518002, 51.894620923170507 ], [ 5.8576276920881, 51.888388818664843 ], [ 5.859492001952439, 51.888672345076529 ], [ 5.861311438283307, 51.888774487617098 ], [ 5.864102301980188, 51.888720613545985 ], [ 5.865490976368128, 51.888982570652708 ], [ 5.865424421662843, 51.888537370107493 ], [ 5.868696726211897, 51.888203145308587 ], [ 5.871481040398796, 51.888652409808607 ], [ 5.874201978142864, 51.884578084522786 ], [ 5.875841182485258, 51.880863139450959 ], [ 5.876135839916254, 51.876597766210764 ], [ 5.876953328662349, 51.876503832718797 ], [ 5.880267877596999, 51.869215474301754 ], [ 5.881952312430703, 51.867099424141145 ], [ 5.882990506373511, 51.86667513463096 ], [ 5.882526866267893, 51.866285806363038 ], [ 5.882738267494001, 51.866143957138902 ], [ 5.884350618336978, 51.867016413183677 ], [ 5.886765709096197, 51.865203007561391 ], [ 5.895967774166042, 51.870533616079406 ], [ 5.903613557296091, 51.872541952747774 ], [ 5.914002331380323, 51.874179355513299 ], [ 5.923633016752711, 51.874623180785932 ], [ 5.933326436461693, 51.873178877189034 ], [ 5.937315412574613, 51.871411120624892 ], [ 5.95528813523312, 51.856928017258554 ], [ 5.95917320898202, 51.855373658770269 ], [ 5.9662472983011, 51.854449297145514 ], [ 5.970333589128019, 51.854754181282622 ], [ 5.974353375956989, 51.855863268317918 ], [ 5.977749583995384, 51.857229765066194 ], [ 5.981180058406508, 51.859947441249517 ], [ 5.985752838422473, 51.867757678505512 ], [ 5.992614748346115, 51.874926667044882 ], [ 6.002050708493881, 51.880282577440752 ], [ 6.009287310211939, 51.88160341526207 ], [ 6.016915678678584, 51.880985968200768 ], [ 6.021932137411128, 51.879294506249025 ], [ 6.035455873048185, 51.873048848341526 ], [ 6.044091205216544, 51.871207094855308 ], [ 6.046284693441949, 51.870913207739349 ], [ 6.054414066419078, 51.869107018544092 ], [ 6.063485553200236, 51.865451224201117 ], [ 6.06164072603394, 51.86118032258949 ], [ 6.060434454791714, 51.861291946072413 ], [ 6.059602361006505, 51.857654737259104 ], [ 6.054355158952744, 51.857405232150363 ], [ 6.051423581591931, 51.856661225988638 ], [ 6.055304602921844, 51.852354123005725 ], [ 6.041683528908092, 51.847011937897825 ], [ 6.036927294907509, 51.844081660400924 ], [ 6.035670506364078, 51.842638042627094 ], [ 6.033416313150709, 51.843353106167328 ], [ 6.032682246410688, 51.84235152113002 ], [ 6.029153099976701, 51.845123210694162 ], [ 6.020184054090466, 51.841638979424616 ], [ 6.017838962086222, 51.841559733258556 ], [ 6.016043333579852, 51.838242418623935 ], [ 6.014713308409859, 51.837496385830875 ], [ 6.010142235341658, 51.835127093082875 ], [ 6.002256778353844, 51.832490537897058 ], [ 5.994426219078938, 51.830915126001528 ], [ 5.98673735948246, 51.83066988261799 ], [ 5.976465174900644, 51.832946420225916 ], [ 5.972110947434013, 51.833429770421162 ], [ 5.968961695847083, 51.834074840742652 ], [ 5.962978205974486, 51.836913959386585 ], [ 5.962903065787589, 51.836859965375247 ], [ 5.945044709006384, 51.823544020093642 ], [ 5.958150801916101, 51.816931292599904 ], [ 5.957140390340696, 51.816338907525832 ], [ 5.955676243700245, 51.815469430105864 ], [ 5.954788787493777, 51.81590716503063 ], [ 5.952846876422528, 51.814789605000655 ], [ 5.950672204390571, 51.816237485866452 ], [ 5.949627852272597, 51.815445042305321 ], [ 5.948077947920924, 51.816446184275904 ], [ 5.945926677411326, 51.815111134243544 ], [ 5.947027603277895, 51.814386054552685 ], [ 5.946569887808638, 51.813479917722944 ], [ 5.949421889589614, 51.812443069491977 ], [ 5.947977864185113, 51.811371373218968 ], [ 5.951144549753416, 51.810560232449568 ], [ 5.956379517201072, 51.810091470001773 ], [ 5.963079178487161, 51.80705919009943 ], [ 5.975238649886813, 51.799269488875161 ], [ 5.979065335774125, 51.797650663707849 ], [ 5.974391910676703, 51.79562307809401 ], [ 5.976782097924301, 51.794276170601862 ], [ 5.974953223446492, 51.79226131675042 ], [ 5.972632482453553, 51.789565292260697 ], [ 5.975009532382026, 51.788807804288425 ], [ 5.97398894249851, 51.78842209197213 ], [ 5.974548401873862, 51.785061975683028 ], [ 5.979538839004038, 51.785977077686475 ], [ 5.980859351964932, 51.785529822254226 ], [ 5.981765611861404, 51.784136705500941 ], [ 5.984678684445407, 51.785057134586438 ], [ 5.984793249854595, 51.784428165821545 ], [ 5.987887788434451, 51.782888727804355 ], [ 5.989747683395986, 51.783723736299464 ], [ 5.990427036698373, 51.783197491888345 ], [ 5.983431933883704, 51.778725034356562 ], [ 5.984544074017168, 51.777793572142706 ], [ 5.984022428560238, 51.775351198539909 ], [ 5.982359842372314, 51.773697008094985 ], [ 5.98680159615522, 51.772226907318888 ], [ 5.990750008856924, 51.769682232357354 ], [ 5.99206697193654, 51.770245907467114 ], [ 5.990501099636177, 51.76627730716524 ], [ 5.978290044785134, 51.759710013539383 ], [ 5.973547517592902, 51.758986674658672 ], [ 5.958336078182261, 51.751460733335321 ], [ 5.956824762779082, 51.751938500344359 ], [ 5.951988190985365, 51.748949418617649 ], [ 5.95328789580416, 51.748024158715417 ], [ 5.95229427523977, 51.742684064219176 ], [ 5.955155145508776, 51.738117595115312 ], [ 5.956856992110447, 51.738654520524754 ], [ 5.959168988522716, 51.738288438635117 ], [ 5.961110176011152, 51.738781563550397 ], [ 5.968744643190063, 51.73854625685685 ], [ 5.973361929984725, 51.7393055921846 ], [ 5.975664648201199, 51.739096163824556 ], [ 5.980254137952017, 51.738767264237104 ], [ 5.98549522477493, 51.739267658183344 ], [ 5.994196696856955, 51.73830941836556 ], [ 6.006903713375124, 51.732712648124746 ], [ 6.028965405865118, 51.725753370310592 ], [ 6.03225931593877, 51.723818885699927 ], [ 6.032938906012331, 51.721477584535513 ], [ 6.035034728996345, 51.721226757305431 ], [ 6.034822456321315, 51.719979496200509 ], [ 6.035424293445151, 51.717774275524597 ], [ 6.038386379943224, 51.718113770688952 ], [ 6.037880833350883, 51.719929783975338 ], [ 6.044939146411997, 51.716913358928842 ], [ 6.042009162485267, 51.713344597601989 ], [ 6.037747577642425, 51.713666299613706 ], [ 6.037721894237693, 51.712743719532682 ], [ 6.032204951243692, 51.713181485380353 ], [ 6.028395963523441, 51.711786750433404 ], [ 6.028164509895451, 51.710789901485469 ], [ 6.026646375439009, 51.709789280208135 ], [ 6.026053824108551, 51.708688079684677 ], [ 6.027057117447852, 51.707148398879298 ], [ 6.026839190655862, 51.704353351652038 ], [ 6.028118767016486, 51.702439676390185 ], [ 6.027765516139066, 51.700549186340083 ], [ 6.030632419935516, 51.698345907949786 ], [ 6.031780539039357, 51.69253333943923 ], [ 6.030279418420691, 51.69013165150163 ], [ 6.028252053594179, 51.689609668882696 ], [ 6.03213097701988, 51.684892123252887 ], [ 6.032293582138561, 51.683919265591101 ], [ 6.030365795582142, 51.682948742854272 ], [ 6.029823048767441, 51.678099446648467 ], [ 6.031944778109264, 51.676165202567184 ], [ 6.030090109249408, 51.674660524718291 ], [ 6.024277774399398, 51.669816409586765 ], [ 6.031757564930794, 51.663048116209168 ], [ 6.024672178652635, 51.66007172921514 ], [ 6.015375299298028, 51.662242280444879 ], [ 6.014235274376551, 51.66032688750321 ], [ 6.006842676730226, 51.65602732625652 ], [ 6.002015248330164, 51.654573359849998 ], [ 6.001517910798049, 51.655253687457432 ], [ 5.976606937639543, 51.64378311161331 ], [ 5.972127860838861, 51.645771791204851 ], [ 5.967469521421061, 51.649284831817717 ], [ 5.964855670998495, 51.652732366442109 ], [ 5.963481984665129, 51.657323611604021 ], [ 5.963453992693417, 51.662988470520794 ], [ 5.964139014952934, 51.667497656248472 ], [ 5.964586608872366, 51.675573345744901 ], [ 5.963394977096826, 51.681657994228601 ], [ 5.96188828472468, 51.685857972712348 ], [ 5.961395223441899, 51.68709959817167 ], [ 5.961395202435734, 51.687099652206854 ], [ 5.956376290950637, 51.699633035084233 ], [ 5.956254744007542, 51.706605958612251 ], [ 5.955416550027128, 51.709131529587133 ], [ 5.951829637501735, 51.711700580287413 ], [ 5.946753514272231, 51.713432218027279 ], [ 5.933784829173395, 51.716140399079947 ], [ 5.919469547173511, 51.717671499055569 ], [ 5.912001825566462, 51.71787657662869 ], [ 5.899566718249766, 51.720189938415849 ], [ 5.893782580323307, 51.722063697639015 ], [ 5.887958944571685, 51.725192175110756 ], [ 5.885404037891201, 51.728314188021642 ], [ 5.883979077146598, 51.735437325797214 ], [ 5.883781778751189, 51.736529662701869 ], [ 5.881609338864048, 51.741545973686655 ], [ 5.88049085152398, 51.746892089611116 ], [ 5.879560425950663, 51.749913597296484 ], [ 5.871166200148891, 51.755138243747069 ], [ 5.870798713938989, 51.755335539104173 ], [ 5.864468842426048, 51.757681722021992 ], [ 5.852149570736836, 51.759317376532508 ], [ 5.842415872445692, 51.758812089037306 ], [ 5.821495122602143, 51.757445283617578 ], [ 5.809467519159538, 51.756533932437826 ], [ 5.790534313506559, 51.753509054770596 ], [ 5.779665513837515, 51.752211958434508 ], [ 5.769298547539311, 51.752347156570202 ], [ 5.757958543871319, 51.75418822171423 ], [ 5.751709408315712, 51.756043169395419 ], [ 5.745238552925835, 51.759144493262497 ], [ 5.740779258930957, 51.763247942042454 ], [ 5.735681624094046, 51.768914117163064 ], [ 5.73202487397093, 51.771893849485849 ], [ 5.729745375124904, 51.772851048219209 ], [ 5.721904736575376, 51.774826467045614 ], [ 5.711229945490515, 51.775033862332911 ], [ 5.705976541168297, 51.776255096876362 ], [ 5.702309324211474, 51.778143603648019 ], [ 5.696500793723177, 51.785466669729125 ], [ 5.69371615596691, 51.787740958197446 ], [ 5.685789719929982, 51.791193146446489 ], [ 5.674103275372108, 51.792449658859297 ], [ 5.668406962210519, 51.792916972741622 ], [ 5.663350802349167, 51.794534424719323 ], [ 5.657493793705361, 51.798030097524112 ], [ 5.653913756206688, 51.801151832901347 ], [ 5.649901248303548, 51.806136939209374 ], [ 5.646574635367745, 51.813030358099063 ], [ 5.644215967266571, 51.816036794282276 ], [ 5.641304553355464, 51.817891908929155 ], [ 5.635214683589018, 51.819543678636343 ], [ 5.625896685384022, 51.819229716435103 ], [ 5.622159631106509, 51.819211027806681 ], [ 5.617812883383226, 51.820055577916257 ], [ 5.606235317806525, 51.82530003058379 ], [ 5.597976615211845, 51.828049441289046 ], [ 5.588848392526304, 51.829699571675647 ], [ 5.576791871920223, 51.828151805232693 ], [ 5.567879785489582, 51.827783278389695 ], [ 5.55815836948093, 51.82752670374353 ], [ 5.554824285565418, 51.82656016235002 ], [ 5.552147179923371, 51.82496722141326 ], [ 5.551264577702485, 51.824130818789733 ], [ 5.548628699456513, 51.81980272168763 ], [ 5.545284523634033, 51.817434346747184 ], [ 5.540929784076257, 51.816307602794218 ], [ 5.5356338752006, 51.8165743730952 ], [ 5.52788422813875, 51.818481198373959 ], [ 5.517734242069692, 51.819283919719162 ], [ 5.514213996394645, 51.820743904380848 ], [ 5.508078789949995, 51.826143414855423 ], [ 5.503255128253, 51.8287639049381 ], [ 5.496006274812846, 51.830604485028992 ], [ 5.490190299706195, 51.830508636262181 ], [ 5.485848612352557, 51.829409036463936 ], [ 5.481839802248524, 51.827066381013346 ], [ 5.479672859135429, 51.824371602499824 ], [ 5.478348818798375, 51.820054137049553 ], [ 5.476931542766655, 51.81718303973819 ], [ 5.47421458851921, 51.81464138011669 ], [ 5.467486000424002, 51.811802634717566 ], [ 5.464480380209881, 51.811186592895453 ], [ 5.449554205568748, 51.809677551038376 ], [ 5.439403921526384, 51.809709485668918 ], [ 5.429255146567062, 51.811367437585709 ], [ 5.422292288115642, 51.814558473051655 ], [ 5.418271550490205, 51.818557921776716 ], [ 5.414885448888102, 51.821290186438802 ], [ 5.41622292781237, 51.822639814640709 ], [ 5.414964973182289, 51.824937797451206 ], [ 5.40833137135651, 51.829280618959515 ], [ 5.40697064187125, 51.832800544067709 ], [ 5.405843280539788, 51.832705633363894 ], [ 5.40533860898151, 51.834653427414594 ], [ 5.40063321565599, 51.837658770487856 ], [ 5.393419546977249, 51.833793243583699 ], [ 5.384391410097796, 51.827291797808222 ], [ 5.370683523419813, 51.811952038752516 ], [ 5.365796306095346, 51.807953554409515 ], [ 5.361095867933307, 51.805719689156994 ], [ 5.354082559044399, 51.804206460491649 ], [ 5.347412137836948, 51.804186378014691 ], [ 5.347068309128082, 51.804234878634368 ], [ 5.343677405108738, 51.804859147067653 ], [ 5.339032094019697, 51.806594145045217 ], [ 5.333551008172002, 51.810348992773832 ], [ 5.328299181931772, 51.815250659288687 ], [ 5.326105155488768, 51.817008600534791 ], [ 5.324842666811741, 51.81780699789357 ], [ 5.316328372143325, 51.821796947209805 ], [ 5.311269551559325, 51.823144415759074 ], [ 5.304600300762133, 51.823963353177597 ], [ 5.297845703365956, 51.824057285732728 ], [ 5.29055341618485, 51.823235205825512 ], [ 5.281717973341229, 51.82120751418325 ], [ 5.279514787446026, 51.820740682523962 ], [ 5.247175454345989, 51.817122349615076 ], [ 5.237415982004504, 51.815020706146036 ], [ 5.235457174354424, 51.814482212845576 ], [ 5.220700683511052, 51.81090452439345 ], [ 5.212881999614107, 51.81004888317419 ], [ 5.203272348114647, 51.810240661578739 ], [ 5.195123006484557, 51.811509710068592 ], [ 5.176743395342202, 51.816349030492269 ], [ 5.170642981869229, 51.817032406193178 ], [ 5.159280339727086, 51.816479911226317 ], [ 5.148703597982212, 51.81501668818882 ], [ 5.140453697869694, 51.814093060857452 ], [ 5.134906381162292, 51.814218839069341 ], [ 5.127341683311996, 51.815163011878447 ], [ 5.121759413137803, 51.816607111830379 ], [ 5.118358310828507, 51.817904924443894 ], [ 5.10098155909307, 51.824457009431022 ], [ 5.089867742700475, 51.826642501167974 ], [ 5.0824542348251, 51.826847853010236 ], [ 5.07411030941068, 51.825820788886801 ], [ 5.050726760464155, 51.818533031211203 ], [ 5.039864455978506, 51.817315292970981 ], [ 5.035123693507219, 51.817500387461216 ], [ 5.026351766763361, 51.818856739916953 ], [ 5.027701160194713, 51.823549835946032 ], [ 5.028287572490509, 51.826160342755607 ], [ 5.031415001585676, 51.841084802418287 ], [ 5.021270351315135, 51.841925717993114 ], [ 5.009323008956305, 51.842716141354465 ], [ 5.00344786355021, 51.844768930315063 ], [ 5.002895104849438, 51.843661827806791 ], [ 4.999934089803546, 51.844391439043655 ], [ 4.999296319520619, 51.844599880833691 ], [ 4.999520386269443, 51.84513740053805 ], [ 4.998895068161421, 51.845246305687191 ], [ 5.000001849442091, 51.847575849542586 ], [ 4.998684582709652, 51.852277206987651 ], [ 4.998305130534676, 51.854861514160817 ], [ 4.993967838095062, 51.861222725681316 ], [ 4.995964976506216, 51.861848551960058 ], [ 5.001250053886862, 51.859058569343851 ], [ 5.005247918789366, 51.857933318261658 ], [ 5.009520465710118, 51.858045988241059 ], [ 5.015628107501588, 51.859178052113123 ], [ 5.026907960578829, 51.858607715033848 ], [ 5.043734655703735, 51.859229917033296 ], [ 5.046605036311028, 51.858869202334326 ], [ 5.052999413724211, 51.857360683930629 ], [ 5.059185483862137, 51.858154483554024 ], [ 5.062358152453462, 51.859362053627095 ], [ 5.063624061341797, 51.860598834273929 ], [ 5.062781648892416, 51.862027533020196 ], [ 5.054199740969438, 51.865099082786976 ], [ 5.052198839889445, 51.866643008844925 ], [ 5.052310581203278, 51.869984486887397 ], [ 5.055362254895168, 51.873040931805591 ], [ 5.063387690923341, 51.874409771667828 ], [ 5.071739141697975, 51.874103962685112 ], [ 5.073041267176885, 51.874048011303223 ], [ 5.081277245511439, 51.876005267931504 ], [ 5.08365973936872, 51.87836083527273 ], [ 5.085933410392492, 51.880299043503499 ], [ 5.086585882493342, 51.881124548785259 ], [ 5.087492250036513, 51.884301427599311 ], [ 5.088445949113864, 51.887550715035893 ], [ 5.090364595448436, 51.888654490017522 ], [ 5.094825398344789, 51.88874353829317 ], [ 5.097995195439043, 51.887836898313665 ], [ 5.105759335174851, 51.888810936839718 ], [ 5.112736806283509, 51.887776179926647 ], [ 5.113263439884967, 51.888255120400956 ], [ 5.114274585385849, 51.889265756695046 ], [ 5.115393503823391, 51.890437695212761 ], [ 5.117582198878412, 51.892366345875374 ], [ 5.118498764202481, 51.896377686206357 ], [ 5.116985546483251, 51.896910631561525 ], [ 5.117028798882866, 51.89817592688344 ], [ 5.119672750625911, 51.898245199205299 ], [ 5.132376937200629, 51.914860402888181 ], [ 5.135720816011935, 51.914195367132002 ], [ 5.136571766777253, 51.914693319737331 ], [ 5.135674745403974, 51.918222742415892 ], [ 5.14243287512569, 51.924936581628607 ], [ 5.148459847748601, 51.929485190584082 ], [ 5.149007036344456, 51.930540264633699 ], [ 5.147963229906769, 51.932154956248361 ], [ 5.149437441712099, 51.933526975351029 ], [ 5.151467134150006, 51.933615253480909 ], [ 5.154663180646226, 51.937934992248742 ], [ 5.163005347185106, 51.946551325641416 ], [ 5.173991368818868, 51.960341560776264 ], [ 5.180226656080335, 51.967448325528878 ], [ 5.189720663422397, 51.962914217159799 ], [ 5.198845475017989, 51.96019776986568 ], [ 5.205988819877732, 51.959432483018247 ], [ 5.213435454460688, 51.960653268021439 ], [ 5.213470228649492, 51.960666043969724 ], [ 5.219058412358938, 51.96342762199712 ], [ 5.223956865572223, 51.96781407986483 ], [ 5.229912519749953, 51.975648958906234 ], [ 5.233006667953751, 51.977550422971881 ], [ 5.236867077139562, 51.978757477242226 ], [ 5.242270383430723, 51.978729718402128 ], [ 5.24652374464524, 51.977498236021759 ], [ 5.256271137668384, 51.970941399161731 ], [ 5.262104259769673, 51.96820597995692 ], [ 5.27037360372902, 51.965426621311991 ], [ 5.282608034776488, 51.963162515299857 ], [ 5.30089413708028, 51.961568560012807 ], [ 5.31087099335263, 51.957013673976938 ], [ 5.316600706381483, 51.955220939621348 ], [ 5.323439143698773, 51.955097105622073 ], [ 5.333118383129909, 51.957200904359361 ], [ 5.339693523868541, 51.961028007185881 ], [ 5.339825067543235, 51.961137016832176 ], [ 5.34825522327628, 51.967686327858225 ], [ 5.355638266108868, 51.970353852448547 ], [ 5.363016120841857, 51.97095010533981 ], [ 5.376011287919481, 51.969210643114124 ], [ 5.382798343101973, 51.969263944042943 ], [ 5.390976067921979, 51.970730196704316 ], [ 5.399337609624783, 51.97310277910691 ], [ 5.418155579527131, 51.976605703762928 ], [ 5.423363655296438, 51.978755423428403 ], [ 5.430399878984731, 51.98326509845802 ], [ 5.436243938215127, 51.985348437729591 ], [ 5.442408233860953, 51.985947527843066 ], [ 5.457011991660738, 51.98368404978995 ] ] ] ] } },
{ "type": "Feature", "properties": { "fid": 15, "ck_zk": "ZK17", "jrstatcode": "2025ZK17", "statnaam": "Noord- en Midden-Limburg", "rubriek": "zorgkantoorregio", "id": 15 }, "geometry": { "type": "MultiPolygon", "coordinates": [ [ [ [ 6.036641611445066, 51.672760130135323 ], [ 6.072384235657354, 51.663839173608864 ], [ 6.075672115966713, 51.664803997549647 ], [ 6.078637964507407, 51.663402264604869 ], [ 6.079662627098291, 51.663461896228846 ], [ 6.078987004743646, 51.661949068233582 ], [ 6.079544991115934, 51.661593254658349 ], [ 6.083187062554332, 51.661849072079086 ], [ 6.085344840064591, 51.662914075632564 ], [ 6.086536909515441, 51.662539873289298 ], [ 6.087316443636245, 51.66026824437165 ], [ 6.088308977223122, 51.659856727063961 ], [ 6.095034608168958, 51.659702961740024 ], [ 6.099654449927058, 51.658115860691439 ], [ 6.101965501668972, 51.660608272854546 ], [ 6.116887756947027, 51.656533981208483 ], [ 6.118087483705689, 51.655972925347371 ], [ 6.115771025774329, 51.653227358136633 ], [ 6.116973623703583, 51.650595168765804 ], [ 6.116338421895567, 51.650171987259256 ], [ 6.11261989286331, 51.648464330749157 ], [ 6.109412075147766, 51.64686652292459 ], [ 6.111682561440218, 51.644729941924574 ], [ 6.10804039117841, 51.641932325763491 ], [ 6.099532935794059, 51.623533640232665 ], [ 6.097229090185054, 51.620883540244364 ], [ 6.093934017096336, 51.622154044629212 ], [ 6.094355340830934, 51.615195784091256 ], [ 6.091423792188668, 51.605848556850098 ], [ 6.117084570542011, 51.5938475477571 ], [ 6.119284143794158, 51.593667248028041 ], [ 6.121487189539437, 51.59273891140262 ], [ 6.130559913076642, 51.581087612280257 ], [ 6.146985707692292, 51.570590739387676 ], [ 6.157032466248391, 51.566575500111043 ], [ 6.16138491321328, 51.560440367790576 ], [ 6.176901936996361, 51.53855572415759 ], [ 6.188674010274688, 51.533479011562235 ], [ 6.199928916973485, 51.527381443653482 ], [ 6.207745123021712, 51.51904759693825 ], [ 6.212023629559243, 51.513390943222582 ], [ 6.21336126397044, 51.507817671019069 ], [ 6.214194826300123, 51.502912583063356 ], [ 6.212763623417338, 51.491308153901436 ], [ 6.217717093404189, 51.485353247537752 ], [ 6.219031988913274, 51.484983269551336 ], [ 6.223556679360955, 51.474964895401129 ], [ 6.223448054512438, 51.47281591210097 ], [ 6.222116491143154, 51.461526459096412 ], [ 6.220123044150177, 51.455519585566392 ], [ 6.220593393726127, 51.446646256551368 ], [ 6.214242444292783, 51.446736845686402 ], [ 6.214002852345454, 51.445448981014707 ], [ 6.214761418365544, 51.433880746517282 ], [ 6.206889186353862, 51.405418895029854 ], [ 6.205256959964405, 51.399520108647067 ], [ 6.211362527949151, 51.400925600252776 ], [ 6.22666802621865, 51.400268041235691 ], [ 6.226769269148492, 51.399374244130087 ], [ 6.224321967433, 51.397105062297619 ], [ 6.21444906607482, 51.389624214823712 ], [ 6.216305885584366, 51.384088772022579 ], [ 6.220331179840099, 51.374622338980913 ], [ 6.226389913927751, 51.360336159736548 ], [ 6.224612598484773, 51.359320917496589 ], [ 6.197184332343932, 51.343651470275852 ], [ 6.192424972401462, 51.340925584967195 ], [ 6.189881664517613, 51.339461424284451 ], [ 6.194127702602306, 51.334713096357923 ], [ 6.190911434756313, 51.334944219406459 ], [ 6.188303739352222, 51.335068170090913 ], [ 6.178905162980993, 51.333572329522156 ], [ 6.16891802872112, 51.333006595449753 ], [ 6.169286724333698, 51.329685838504389 ], [ 6.164187553487907, 51.32555205110625 ], [ 6.159589945969435, 51.319691289532784 ], [ 6.159157166045591, 51.315423798102557 ], [ 6.154239675489016, 51.311114587732526 ], [ 6.153823795561238, 51.307448164887646 ], [ 6.145144673853941, 51.298116006303026 ], [ 6.129010926149828, 51.285702420055692 ], [ 6.124757904013873, 51.277550001266263 ], [ 6.12450462848292, 51.274755247585233 ], [ 6.094802591340525, 51.254017422040391 ], [ 6.085617164786197, 51.247625705473482 ], [ 6.072663656101611, 51.242560091865933 ], [ 6.086024848880472, 51.222670212394299 ], [ 6.083593916041715, 51.222042200640622 ], [ 6.073259258399037, 51.222436256723505 ], [ 6.070694242742527, 51.222085566724395 ], [ 6.067987517163066, 51.220550805530664 ], [ 6.068467976954511, 51.213351115953337 ], [ 6.069494508269901, 51.213213989400366 ], [ 6.070977997713064, 51.200531356785561 ], [ 6.073141435233297, 51.182824751606859 ], [ 6.078515038721831, 51.177191820878399 ], [ 6.082190173345714, 51.171633522415448 ], [ 6.089996802932306, 51.170355130849003 ], [ 6.093702021349889, 51.170405141269846 ], [ 6.09583732097564, 51.171117677712687 ], [ 6.099685655259153, 51.169832744922815 ], [ 6.102103417805139, 51.171803735939051 ], [ 6.107491453260964, 51.172700327078161 ], [ 6.112700545552466, 51.174863618798113 ], [ 6.115553035389823, 51.177880429623094 ], [ 6.122405863210826, 51.181302816773346 ], [ 6.165170408442888, 51.194414120794754 ], [ 6.180724253072873, 51.186358500535825 ], [ 6.138801676023602, 51.173339229999208 ], [ 6.145890648161465, 51.170490839920355 ], [ 6.175421796944162, 51.158463994656429 ], [ 6.170113362790682, 51.15523639596617 ], [ 6.162848436249207, 51.152671197152195 ], [ 6.163339438475368, 51.148697471419858 ], [ 6.157371993858398, 51.148877137995612 ], [ 6.15535444025653, 51.148191894270063 ], [ 6.152542187830729, 51.148026987029837 ], [ 6.147686057382614, 51.14860762419994 ], [ 6.144775540724981, 51.147029409395458 ], [ 6.141794821034353, 51.146489596517597 ], [ 6.133483294570719, 51.145167575270683 ], [ 6.125972440985011, 51.144907406031855 ], [ 6.121617580597881, 51.142735355881513 ], [ 6.121474963590081, 51.141093554605803 ], [ 6.119851583121768, 51.140576859243282 ], [ 6.119698194813923, 51.140448465906879 ], [ 6.119214165202389, 51.140302059654807 ], [ 6.109697541178921, 51.137670802501852 ], [ 6.10343162933585, 51.136415558685137 ], [ 6.100448108883245, 51.136420658557853 ], [ 6.096303226896344, 51.134759006168565 ], [ 6.091752487790798, 51.134912182415071 ], [ 6.089190283620978, 51.130164368443651 ], [ 6.087275893299165, 51.129348485502646 ], [ 6.088839746293583, 51.128020455008851 ], [ 6.086855850940451, 51.127584703655131 ], [ 6.084424017677077, 51.126018687224615 ], [ 6.08644664113851, 51.125655138042973 ], [ 6.086992030874046, 51.124594916595498 ], [ 6.083639082910881, 51.123919966669838 ], [ 6.081077990893899, 51.125870920028653 ], [ 6.080009618312143, 51.124251952937605 ], [ 6.080550929473838, 51.122141711071556 ], [ 6.075614243549089, 51.12084084013253 ], [ 6.076204416501926, 51.119514123289434 ], [ 6.075713464134131, 51.119118154284585 ], [ 6.071270159060556, 51.117974348591019 ], [ 6.068894111930835, 51.118093176793593 ], [ 6.062400991068329, 51.116853266524068 ], [ 6.060293323604444, 51.115926440942658 ], [ 6.057575365712764, 51.113557317484528 ], [ 6.057372188763327, 51.113315100777726 ], [ 6.056646703968167, 51.112440237306075 ], [ 6.05523791694179, 51.110742254978618 ], [ 6.056832033417314, 51.109549560698142 ], [ 6.044686198725827, 51.101300397974356 ], [ 6.044400809115142, 51.101119450049147 ], [ 6.042943436274903, 51.101202524492393 ], [ 6.036463084435843, 51.096531422901066 ], [ 6.035078340162309, 51.095895872361943 ], [ 6.029905288561797, 51.09463488842546 ], [ 6.024487024127152, 51.093677583721899 ], [ 6.020675522653794, 51.092838297757183 ], [ 6.018877195738884, 51.093781684545448 ], [ 6.017574832107432, 51.094572610477222 ], [ 6.015713467153315, 51.092357513335507 ], [ 6.012672012949937, 51.090951779991734 ], [ 6.010882566936021, 51.091186938994277 ], [ 6.009523596629371, 51.090844195462246 ], [ 6.007822039049209, 51.089276269047502 ], [ 6.00382494234594, 51.086792022477709 ], [ 5.997793461859026, 51.084245707591386 ], [ 5.992194288769823, 51.079854819263929 ], [ 5.988401482364953, 51.074608288781874 ], [ 5.984981434215885, 51.073585812923127 ], [ 5.984641181323564, 51.073574258771025 ], [ 5.981764120335957, 51.073176703383247 ], [ 5.980190558442079, 51.072195295666418 ], [ 5.980052497183379, 51.071755109263087 ], [ 5.979581029215574, 51.071343593075881 ], [ 5.981729620021405, 51.069477899540715 ], [ 5.978663063570396, 51.067702343126641 ], [ 5.977630627498791, 51.065624853325282 ], [ 5.974782771168086, 51.063158176075262 ], [ 5.973161756232114, 51.062906416608143 ], [ 5.971654192009892, 51.061887065626983 ], [ 5.969995470694812, 51.060516200877757 ], [ 5.970779726037829, 51.058017541765707 ], [ 5.968113419769968, 51.055562194511417 ], [ 5.970311287162075, 51.054185465477566 ], [ 5.968228055698691, 51.051070811967101 ], [ 5.969241720692103, 51.049022640477212 ], [ 5.968450234242817, 51.048002467031608 ], [ 5.968474311020863, 51.047855388060519 ], [ 5.967837740434907, 51.044759172333244 ], [ 5.966900196283764, 51.044137062059292 ], [ 5.958177140183665, 51.04112589629807 ], [ 5.959467302573728, 51.038238655881607 ], [ 5.958185476443529, 51.036244598557388 ], [ 5.957622102527437, 51.034714002240548 ], [ 5.956336940566328, 51.035075617812346 ], [ 5.956212005309967, 51.034921566777626 ], [ 5.955701136808885, 51.035032120946077 ], [ 5.955060746727042, 51.035900539026549 ], [ 5.954006354583899, 51.036529264931993 ], [ 5.945485352079703, 51.03683956775096 ], [ 5.938129403998717, 51.03511723794773 ], [ 5.934607251315843, 51.041229522183798 ], [ 5.926305310829072, 51.048255257503882 ], [ 5.926261047730216, 51.048353726137151 ], [ 5.918731637912971, 51.063952835986377 ], [ 5.913205911873701, 51.066881802237155 ], [ 5.905644644858542, 51.06184586353961 ], [ 5.896372366344334, 51.057141326329536 ], [ 5.892000344679532, 51.05312782458622 ], [ 5.887198739270748, 51.052179182711143 ], [ 5.868690345262921, 51.05168572845534 ], [ 5.866387640463282, 51.051119678930299 ], [ 5.867285161712182, 51.046279871748503 ], [ 5.874180467961021, 51.039575034192204 ], [ 5.878028124192717, 51.037583488455127 ], [ 5.877000416848277, 51.032041790734695 ], [ 5.865313831485554, 51.029168332588597 ], [ 5.856735703556566, 51.028537149237593 ], [ 5.852614134032044, 51.029318094874149 ], [ 5.851080820821213, 51.032398300642939 ], [ 5.84911693763384, 51.036537744618663 ], [ 5.852740588618714, 51.03812321291791 ], [ 5.848580504006499, 51.046282894916729 ], [ 5.844230492275836, 51.045721904902557 ], [ 5.842390400668215, 51.04645542178578 ], [ 5.841284892458344, 51.045716356276507 ], [ 5.838152336044667, 51.046614971550511 ], [ 5.835275412631054, 51.048929552640807 ], [ 5.827253150516897, 51.047558180862211 ], [ 5.826772487358631, 51.055868523069009 ], [ 5.823677810494795, 51.066731571328887 ], [ 5.823960466277137, 51.072510550747388 ], [ 5.820541884428074, 51.072588842089864 ], [ 5.819623098636277, 51.072609862870948 ], [ 5.813518799836064, 51.065544339828421 ], [ 5.80934353649733, 51.059144168591764 ], [ 5.80785614713596, 51.059212065152103 ], [ 5.806934306930509, 51.057572047317784 ], [ 5.806261178607752, 51.058098480742764 ], [ 5.803233364586927, 51.057594734590886 ], [ 5.80294588034825, 51.058557559267129 ], [ 5.800536713787774, 51.059304008790569 ], [ 5.79933879672287, 51.060071806450487 ], [ 5.800886286507548, 51.062111780630573 ], [ 5.801058491937634, 51.064019597560232 ], [ 5.796620076048788, 51.071824405644321 ], [ 5.799248135674596, 51.075006872535695 ], [ 5.80419120411369, 51.076925412109475 ], [ 5.804879960019452, 51.077929330028766 ], [ 5.804506577393683, 51.080531699784103 ], [ 5.802824264484971, 51.082765202872466 ], [ 5.798847830078504, 51.085783454940035 ], [ 5.797130450327417, 51.08618064356304 ], [ 5.795107063891364, 51.089622699950972 ], [ 5.796022623027056, 51.091478468457161 ], [ 5.80005813347034, 51.094201562260849 ], [ 5.805336654292817, 51.095919040523142 ], [ 5.809745702239311, 51.096310082346655 ], [ 5.81398701003838, 51.095584703868269 ], [ 5.821329133700604, 51.092668788582209 ], [ 5.824142983615022, 51.092350084767581 ], [ 5.828986910730166, 51.094421595766605 ], [ 5.832391521744039, 51.097325138329005 ], [ 5.833507214988762, 51.099555313554347 ], [ 5.833405225421006, 51.103750872338409 ], [ 5.828886397018886, 51.107039762985714 ], [ 5.823591025310879, 51.108350056947359 ], [ 5.813761321906284, 51.107682748188331 ], [ 5.810862912923133, 51.108866897663646 ], [ 5.808358037553403, 51.111204498680152 ], [ 5.807835015649727, 51.114035289414502 ], [ 5.809850248142891, 51.1184221952212 ], [ 5.81596643499746, 51.122173835890337 ], [ 5.81899551658723, 51.12526682586649 ], [ 5.82374979825077, 51.128756243027183 ], [ 5.827523632393279, 51.130105334026126 ], [ 5.840115823388178, 51.130842602425645 ], [ 5.842329384228658, 51.132208428641469 ], [ 5.843668257831084, 51.13459227678166 ], [ 5.843506568834242, 51.137326862799533 ], [ 5.845840488050817, 51.140758798217696 ], [ 5.855619724301737, 51.144697313520979 ], [ 5.84654246381392, 51.14893285428596 ], [ 5.846005408247316, 51.14871629388788 ], [ 5.840288970238174, 51.152329089195753 ], [ 5.836354299935993, 51.153684980667251 ], [ 5.836948755996809, 51.155109650250196 ], [ 5.838610603413764, 51.157086619305943 ], [ 5.835818898894191, 51.157608187528538 ], [ 5.83515366637212, 51.158387486275785 ], [ 5.83288113161083, 51.159037408546645 ], [ 5.833389367196362, 51.161235039635798 ], [ 5.831408819826517, 51.163158435607684 ], [ 5.830074031854294, 51.16405819821005 ], [ 5.828181365581171, 51.164284280119624 ], [ 5.827540438150841, 51.166175278307939 ], [ 5.826417151632104, 51.166834336726396 ], [ 5.824310909284696, 51.167841209625699 ], [ 5.822295306330757, 51.166220639769158 ], [ 5.816079179679221, 51.16326028689091 ], [ 5.815709843241838, 51.161598706313605 ], [ 5.814689912952997, 51.161067626701083 ], [ 5.815027904862559, 51.158848284302785 ], [ 5.813857791288875, 51.158746161081474 ], [ 5.80897144051792, 51.161335623778221 ], [ 5.806319603901111, 51.162811248855377 ], [ 5.805790314114319, 51.162385098405274 ], [ 5.804943667150836, 51.162871461320762 ], [ 5.802733873383162, 51.161208654297667 ], [ 5.801990088556854, 51.160041625539428 ], [ 5.802579211968914, 51.159480096697983 ], [ 5.798704061204676, 51.157651803021878 ], [ 5.791814045210085, 51.156985850093264 ], [ 5.786508119625033, 51.154739650927098 ], [ 5.785086369222007, 51.153108287043629 ], [ 5.777646150485688, 51.151303860860125 ], [ 5.776667623693111, 51.154404595077636 ], [ 5.774759166531826, 51.154682202114351 ], [ 5.777161054772336, 51.157412079790021 ], [ 5.776448286152688, 51.157708766944559 ], [ 5.779482553844917, 51.159383069865044 ], [ 5.779402365175145, 51.163316330674768 ], [ 5.778442359543114, 51.163296737321517 ], [ 5.777819334337329, 51.162540354000548 ], [ 5.775963902958178, 51.16304977734783 ], [ 5.776785650165507, 51.163241740226439 ], [ 5.776366005238174, 51.165329760119107 ], [ 5.774037681432873, 51.165291741143946 ], [ 5.774460297306083, 51.16393660927158 ], [ 5.773018665734626, 51.164498447972754 ], [ 5.770188539018155, 51.164223858096456 ], [ 5.769564948400783, 51.169083315412252 ], [ 5.770447482708714, 51.170016416753406 ], [ 5.772611442901094, 51.169497699230703 ], [ 5.777377354976768, 51.170720542605693 ], [ 5.779735943826667, 51.171799167249148 ], [ 5.779372444971561, 51.172164354496857 ], [ 5.773864271356736, 51.172693121302906 ], [ 5.772952106163578, 51.173369780064711 ], [ 5.776728475428011, 51.178485503384529 ], [ 5.767160442435644, 51.183691095146955 ], [ 5.755963263399948, 51.184460672637442 ], [ 5.756868357690686, 51.185404322168353 ], [ 5.753140691851452, 51.186099457879884 ], [ 5.749089928042975, 51.188678375390182 ], [ 5.745641219355552, 51.189498963303578 ], [ 5.743282138648119, 51.188260364151816 ], [ 5.743075111479948, 51.187534699629879 ], [ 5.742180322243729, 51.187658653875808 ], [ 5.74009826426482, 51.186551412628283 ], [ 5.739634347510927, 51.184756040379888 ], [ 5.738507433592814, 51.186396691688927 ], [ 5.733859714979492, 51.186206958850434 ], [ 5.733480981623493, 51.185318282751425 ], [ 5.7299350137873, 51.184974549361662 ], [ 5.729535529446404, 51.185523673826069 ], [ 5.726543583500207, 51.185483657193458 ], [ 5.726761977197582, 51.184958304279377 ], [ 5.725429954836965, 51.184668659967784 ], [ 5.725190369005168, 51.185268364798553 ], [ 5.717783366448632, 51.184379022389599 ], [ 5.714478980199023, 51.18350882224567 ], [ 5.709339211192951, 51.180420694053019 ], [ 5.708003733979552, 51.182054695659566 ], [ 5.701288047367917, 51.182478357119741 ], [ 5.701611271400998, 51.183792998349951 ], [ 5.696436059732085, 51.183937050495672 ], [ 5.695294766367526, 51.18255894961424 ], [ 5.691764773236126, 51.183640717139347 ], [ 5.689695084275151, 51.185376655234244 ], [ 5.687871477447125, 51.185400266791632 ], [ 5.687216266831785, 51.184766810496519 ], [ 5.682835493905229, 51.183929291734621 ], [ 5.681156869951345, 51.184445133405156 ], [ 5.680494074656636, 51.183481577210557 ], [ 5.676541017969495, 51.182725566398986 ], [ 5.67635953347343, 51.184428771385598 ], [ 5.672469362297135, 51.185600106858196 ], [ 5.664495087980741, 51.186294389550099 ], [ 5.658043652622609, 51.184745019478122 ], [ 5.649739956411067, 51.193617710055484 ], [ 5.654083142887042, 51.194241704283243 ], [ 5.652733748802749, 51.19766099470511 ], [ 5.646467590546369, 51.199944105295664 ], [ 5.583143766487426, 51.216548009599471 ], [ 5.566045273703402, 51.220909406903353 ], [ 5.594320582981395, 51.226073689881481 ], [ 5.594414375191799, 51.22418039344111 ], [ 5.602195613602266, 51.225856021186338 ], [ 5.618781562639911, 51.229425278633393 ], [ 5.623467374666471, 51.248997916418851 ], [ 5.623480582311873, 51.249108782493948 ], [ 5.625972195056806, 51.273601601407861 ], [ 5.643996708349969, 51.290575489781972 ], [ 5.651876135387297, 51.297741651336217 ], [ 5.672110782048025, 51.315094012914564 ], [ 5.701730171613075, 51.320743654054674 ], [ 5.714363058712963, 51.323147371074491 ], [ 5.741052935506392, 51.32821478635735 ], [ 5.747064213848794, 51.329362482440914 ], [ 5.760092766843139, 51.331837902935575 ], [ 5.770448612871386, 51.333804588777625 ], [ 5.771061016896435, 51.333920917925404 ], [ 5.788251545437134, 51.337182550267272 ], [ 5.840193687883534, 51.346877063742774 ], [ 5.858466686004235, 51.350294748627327 ], [ 5.870359565007229, 51.352534966026532 ], [ 5.873531287067798, 51.35312764885068 ], [ 5.879440738913769, 51.355944382035226 ], [ 5.89527331567058, 51.364729312503236 ], [ 5.895778516839156, 51.365010445939923 ], [ 5.922450013010949, 51.379841888503897 ], [ 5.931287515808569, 51.384752676548686 ], [ 5.920002128435333, 51.397890143499801 ], [ 5.902907706993534, 51.416614971899321 ], [ 5.879916698507603, 51.44124748034632 ], [ 5.878737190596868, 51.442513282060197 ], [ 5.876591361997421, 51.444815805807664 ], [ 5.874965893378916, 51.446557721958577 ], [ 5.871695195927734, 51.450111965296045 ], [ 5.860696879236037, 51.49200652587578 ], [ 5.852573702735848, 51.50414442468248 ], [ 5.851018875655202, 51.510844068512661 ], [ 5.847686043728228, 51.525295242008859 ], [ 5.83823846425486, 51.566414616134992 ], [ 5.870892394786967, 51.562644194627474 ], [ 5.891466123277402, 51.560204679894213 ], [ 5.906662586880648, 51.552030867290334 ], [ 5.917840712120093, 51.552641206582891 ], [ 5.935444932667412, 51.553600194141005 ], [ 5.952381379079304, 51.556973320803031 ], [ 5.97338678481245, 51.561063333839975 ], [ 5.991269800591702, 51.566085350675806 ], [ 6.003052577992613, 51.569851482369465 ], [ 6.004252789993715, 51.570243518131818 ], [ 6.005098996061472, 51.569825000408414 ], [ 6.011519361575536, 51.566649136102143 ], [ 6.011519433203701, 51.566649100663057 ], [ 6.018211958185508, 51.563334680125173 ], [ 6.031668836577393, 51.552338826748148 ], [ 6.033687678777638, 51.555447476899772 ], [ 6.032735170031176, 51.55668521327506 ], [ 6.034320572153598, 51.55749726835549 ], [ 6.037307850416583, 51.558149275097463 ], [ 6.040912857158731, 51.556630449448349 ], [ 6.04432767141727, 51.557447526165689 ], [ 6.042866078491789, 51.558694626000154 ], [ 6.044581890330359, 51.559015298145191 ], [ 6.04642502264811, 51.557641016622433 ], [ 6.048120698761913, 51.558462546515464 ], [ 6.0414527814771, 51.563647448897264 ], [ 6.037870314639347, 51.569410972334893 ], [ 6.037818160499961, 51.574114762151702 ], [ 6.039409677199822, 51.579128686159351 ], [ 6.039717812377292, 51.581615960670831 ], [ 6.038660246784438, 51.584130894352704 ], [ 6.033478466554819, 51.589610642089546 ], [ 6.030723412403701, 51.591518370003115 ], [ 6.026281406785659, 51.595576853576212 ], [ 6.023783914992134, 51.603035441179628 ], [ 6.02385297855437, 51.616125363893509 ], [ 6.022659421225012, 51.618851503701983 ], [ 6.019979812639182, 51.62192114247128 ], [ 6.004470584958733, 51.631776621253238 ], [ 5.996016348758065, 51.636870311077011 ], [ 5.98212195519019, 51.642519693694759 ], [ 5.976606937639543, 51.64378311161331 ], [ 6.001517910798049, 51.655253687457432 ], [ 6.002015248330164, 51.654573359849998 ], [ 6.006842676730226, 51.65602732625652 ], [ 6.014235274376551, 51.66032688750321 ], [ 6.015375299298028, 51.662242280444879 ], [ 6.024672178652635, 51.66007172921514 ], [ 6.031757564930794, 51.663048116209168 ], [ 6.024277774399398, 51.669816409586765 ], [ 6.030090109249408, 51.674660524718291 ], [ 6.031944778109264, 51.676165202567184 ], [ 6.033261225754084, 51.676117530342971 ], [ 6.034672448997506, 51.67514586861288 ], [ 6.034283044783558, 51.674676831623366 ], [ 6.031540404061245, 51.674582748610376 ], [ 6.032349450737695, 51.674055686006156 ], [ 6.035031958663462, 51.673922352717973 ], [ 6.036641611445066, 51.672760130135323 ] ] ] ] } },
{ "type": "Feature", "properties": { "fid": 16, "ck_zk": "ZK18", "jrstatcode": "2025ZK18", "statnaam": "Noord-Holland Noord", "rubriek": "zorgkantoorregio", "id": 16 }, "geometry": { "type": "MultiPolygon", "coordinates": [ [ [ [ 5.146568304099243, 52.745594153849019 ], [ 5.14891167490341, 52.743645699601281 ], [ 5.142562889890357, 52.745852519478774 ], [ 5.141527363380303, 52.747654529558957 ], [ 5.146568304099243, 52.745594153849019 ] ] ], [ [ [ 5.235213900008099, 52.793428080764052 ], [ 5.234677688812815, 52.793427396447647 ], [ 5.232210664926078, 52.793923670169143 ], [ 5.229670725071482, 52.794677452976217 ], [ 5.220580670980645, 52.798205678508694 ], [ 5.221327248378926, 52.799661478860003 ], [ 5.218133621722917, 52.801888678469979 ], [ 5.221638929410506, 52.805449227642185 ], [ 5.222507113190905, 52.805108544134804 ], [ 5.23794066416106, 52.795370674188888 ], [ 5.236491849009684, 52.794512643692769 ], [ 5.235213900008099, 52.793428080764052 ] ] ], [ [ [ 4.681697135889153, 52.960122691981709 ], [ 4.674544853745163, 52.959886430325533 ], [ 4.66837065953071, 52.961917316351759 ], [ 4.662810119681329, 52.968574594183664 ], [ 4.6632419771848, 52.975767359785785 ], [ 4.666932633039629, 52.983165242876424 ], [ 4.671301104618514, 52.986320509653709 ], [ 4.676855444354322, 52.987736255528617 ], [ 4.685063260201229, 52.987700323319025 ], [ 4.689829073860167, 52.985469416399361 ], [ 4.689483375785721, 52.982086338126372 ], [ 4.692838260197498, 52.97965244689464 ], [ 4.710783059764983, 52.975071947454872 ], [ 4.702429149919201, 52.973435893684837 ], [ 4.690054168050456, 52.968812913068177 ], [ 4.685104921811783, 52.964573199065256 ], [ 4.681697135889153, 52.960122691981709 ] ] ], [ [ [ 5.054712489739772, 52.940347137765926 ], [ 5.053184865034543, 52.936341262967915 ], [ 5.050983782417485, 52.937831781870514 ], [ 5.049161039166044, 52.937785732469685 ], [ 5.04834075276262, 52.937374191966327 ], [ 5.048308769199322, 52.937062066950794 ], [ 5.047513829235664, 52.936742905191323 ], [ 5.047182767428096, 52.936813528674584 ], [ 5.046308770314981, 52.936423836964778 ], [ 5.046315703963207, 52.936198908515763 ], [ 5.045455502978367, 52.935792102869165 ], [ 5.045141230163426, 52.93587274450735 ], [ 5.044116074799483, 52.935306278209062 ], [ 5.044129515355632, 52.934482270653994 ], [ 5.049031127413792, 52.93023458581338 ], [ 5.049170100753146, 52.929705459545481 ], [ 5.048194338608031, 52.930334473887655 ], [ 5.046643968415547, 52.929724398009853 ], [ 5.04736074330503, 52.929132508908744 ], [ 5.047011812996062, 52.928623845053572 ], [ 5.042097999709822, 52.93244833040216 ], [ 5.039034503166419, 52.93125302589381 ], [ 5.038422667017636, 52.930188937749413 ], [ 5.039589240682237, 52.929064791305429 ], [ 5.038328344164708, 52.928407720914507 ], [ 5.038991563314953, 52.925715471719109 ], [ 5.038148560057194, 52.922809331063085 ], [ 5.037429924171356, 52.922661571192968 ], [ 5.037838863804271, 52.922054276659402 ], [ 5.037852665086342, 52.921520975002394 ], [ 5.039131966940427, 52.921464565171412 ], [ 5.039592557126798, 52.921816128843275 ], [ 5.042242050785711, 52.922596713232132 ], [ 5.042446687601195, 52.922406641516353 ], [ 5.046371333041583, 52.923597013428498 ], [ 5.045622420350091, 52.924243295573689 ], [ 5.041886279200892, 52.923099687529259 ], [ 5.041592246808738, 52.923436781845488 ], [ 5.045419103262099, 52.924643927345919 ], [ 5.047349974833242, 52.925178501193955 ], [ 5.048590785496835, 52.924068568687787 ], [ 5.073900758396152, 52.893819713301276 ], [ 5.076823666394401, 52.89291154181543 ], [ 5.07948371599732, 52.890035477546839 ], [ 5.079151200826096, 52.887527673816464 ], [ 5.102072162954089, 52.860179703468773 ], [ 5.104484608624132, 52.859861045287232 ], [ 5.104779286658324, 52.859608780076158 ], [ 5.103181746396025, 52.859094265419259 ], [ 5.105399254058754, 52.85693652446141 ], [ 5.106933346544664, 52.857310690186196 ], [ 5.109326449795146, 52.856702334344767 ], [ 5.110166966715212, 52.855405555251174 ], [ 5.111329916020055, 52.854286886187801 ], [ 5.10784542870203, 52.853264440290488 ], [ 5.110037182926708, 52.850661248917739 ], [ 5.11272570541516, 52.85157790213259 ], [ 5.111460620246627, 52.853916878441801 ], [ 5.113769955175477, 52.851608184236646 ], [ 5.110387496596888, 52.850228009903681 ], [ 5.11354479065777, 52.846474303068533 ], [ 5.113640574793464, 52.842691239127355 ], [ 5.104148290917491, 52.77445227409698 ], [ 5.112223899570435, 52.774643330616826 ], [ 5.112649606392511, 52.773893462072678 ], [ 5.108254962566524, 52.770957328217968 ], [ 5.108772634227783, 52.770654498797555 ], [ 5.111737851445295, 52.772339099123954 ], [ 5.112109293390853, 52.771582607433139 ], [ 5.108991706022983, 52.770060597001887 ], [ 5.109391066486376, 52.769479671373922 ], [ 5.112918670328904, 52.770923926679927 ], [ 5.112240234046427, 52.772670157062642 ], [ 5.112911101789507, 52.773519225952036 ], [ 5.11364285842877, 52.774109493973555 ], [ 5.116512998784464, 52.770749529899888 ], [ 5.11539839609092, 52.770673636388267 ], [ 5.117704199155768, 52.76967509480491 ], [ 5.118133283413433, 52.767922999003751 ], [ 5.120401807413856, 52.768021327929311 ], [ 5.118454515668171, 52.767302206941459 ], [ 5.119665827148013, 52.765535985193345 ], [ 5.119573256891161, 52.765530674683056 ], [ 5.118513696491421, 52.766160583114491 ], [ 5.117908865028912, 52.765825593684895 ], [ 5.118462098139756, 52.764563978672314 ], [ 5.119720528259663, 52.764665144607022 ], [ 5.120188170645863, 52.764688577420436 ], [ 5.123496376881477, 52.765174499577775 ], [ 5.123867173526513, 52.764867894920258 ], [ 5.12048536594888, 52.764125467499987 ], [ 5.120405339668869, 52.760792179809606 ], [ 5.121137313427147, 52.761232800362087 ], [ 5.12164630551983, 52.761212360922954 ], [ 5.120111356118577, 52.760133953847756 ], [ 5.118850977196356, 52.7600666208277 ], [ 5.118926755185736, 52.759939122272165 ], [ 5.119122738565586, 52.759938242200569 ], [ 5.119229693630791, 52.759786816124063 ], [ 5.120087261552871, 52.759772440949064 ], [ 5.121066073462436, 52.758624740010099 ], [ 5.123504280581913, 52.757576395210904 ], [ 5.123177793758419, 52.757303525924009 ], [ 5.123541494029669, 52.755687089036456 ], [ 5.130001907035282, 52.751688999653851 ], [ 5.132390637549701, 52.750864224049657 ], [ 5.145556817301026, 52.741895759942018 ], [ 5.14892484200019, 52.743107653991444 ], [ 5.147239567043937, 52.739698573367463 ], [ 5.147668436042445, 52.739262046929269 ], [ 5.149997621893673, 52.740491477469035 ], [ 5.152850103548478, 52.741019153442821 ], [ 5.15172084318866, 52.740044511269652 ], [ 5.154407412109613, 52.73850609548434 ], [ 5.155120684719878, 52.73943661614306 ], [ 5.161763682067209, 52.740159288045994 ], [ 5.163065371949672, 52.738907129635585 ], [ 5.165284515559915, 52.739634907496161 ], [ 5.165130469825339, 52.741102985906231 ], [ 5.169916216069436, 52.740767955418363 ], [ 5.168486319118429, 52.739710259635395 ], [ 5.169886075446927, 52.738637663022459 ], [ 5.171404943250404, 52.738663481785807 ], [ 5.172901401997537, 52.739470478697932 ], [ 5.172726287057775, 52.740092899715499 ], [ 5.170742506650386, 52.740457989249428 ], [ 5.17087416601923, 52.740896441352376 ], [ 5.174787717748607, 52.739542047275691 ], [ 5.176037224866102, 52.739583074065884 ], [ 5.1802828623622, 52.74137849590457 ], [ 5.18463063759468, 52.746582449815747 ], [ 5.182684236211549, 52.746960578892349 ], [ 5.183630219465776, 52.747199787261614 ], [ 5.185753051323895, 52.746602650335788 ], [ 5.186507944107664, 52.747551926252328 ], [ 5.192860618483155, 52.755030239654502 ], [ 5.20379833299643, 52.755010388831856 ], [ 5.213792032086203, 52.754620984743475 ], [ 5.222892325875917, 52.753659846443647 ], [ 5.225713998052676, 52.752457131482693 ], [ 5.22953739059998, 52.752572909788263 ], [ 5.258268351511215, 52.753463524435524 ], [ 5.261129191376196, 52.75263901669183 ], [ 5.269987484766542, 52.747529856484277 ], [ 5.25907787893145, 52.746485094659818 ], [ 5.258371770363627, 52.745679144647731 ], [ 5.266558198390811, 52.745416549915667 ], [ 5.271965728840722, 52.746327006890994 ], [ 5.278082634238874, 52.743060627189486 ], [ 5.282658071770829, 52.742329122839728 ], [ 5.282848865105784, 52.740493161716735 ], [ 5.28680425848505, 52.735933187097245 ], [ 5.287224469043927, 52.733103578770887 ], [ 5.284355651694653, 52.732233685832945 ], [ 5.283710675216415, 52.730828936020117 ], [ 5.28753882937542, 52.728413329286148 ], [ 5.284867114582387, 52.727230617568004 ], [ 5.284949005467457, 52.722216137273264 ], [ 5.283638189341293, 52.721982516074156 ], [ 5.285155659105548, 52.721719403568805 ], [ 5.286095262171649, 52.719794080842334 ], [ 5.288577666821791, 52.71900464198437 ], [ 5.287998478279928, 52.714803936507479 ], [ 5.289180857403774, 52.714109387692766 ], [ 5.289593542168337, 52.714224559564371 ], [ 5.290969717915054, 52.713369677398454 ], [ 5.290727301101976, 52.713200930964383 ], [ 5.295651297620907, 52.710279139421061 ], [ 5.301727418017665, 52.708309932426971 ], [ 5.304639332597549, 52.708238868736586 ], [ 5.307119630386728, 52.708947885856254 ], [ 5.307382481619724, 52.709960249370084 ], [ 5.307770447218356, 52.708382727503718 ], [ 5.307457880723541, 52.706824886853418 ], [ 5.306932763231465, 52.706207772008106 ], [ 5.306061029359474, 52.705857593163223 ], [ 5.305169991116577, 52.706528583178475 ], [ 5.300062492474465, 52.707938942376494 ], [ 5.297939070366538, 52.706628834899256 ], [ 5.298012924821068, 52.706301988697732 ], [ 5.298556376414169, 52.706038610086438 ], [ 5.299310219614244, 52.705978633438221 ], [ 5.299163748471723, 52.705842427995378 ], [ 5.298540768323084, 52.705886783942169 ], [ 5.298433771693106, 52.705291395077282 ], [ 5.29890670276749, 52.705261819929582 ], [ 5.299005338100489, 52.705678282297491 ], [ 5.29923062134574, 52.705681072906742 ], [ 5.299068830331034, 52.705147814523336 ], [ 5.298271433045858, 52.704852287163959 ], [ 5.297994528821419, 52.703823999168158 ], [ 5.299341673095581, 52.702741723392137 ], [ 5.293784190467566, 52.699565738504823 ], [ 5.293673222493577, 52.699624087902123 ], [ 5.294239582961843, 52.700023500711232 ], [ 5.294204981764243, 52.700073457951319 ], [ 5.293264637255273, 52.699993390575194 ], [ 5.29151700481919, 52.700202018034439 ], [ 5.289696076928892, 52.700616779534904 ], [ 5.289193297501387, 52.700109825162343 ], [ 5.292295759851346, 52.699392030420547 ], [ 5.293131324920484, 52.699460205056234 ], [ 5.293107145975493, 52.699268948336773 ], [ 5.291785727586118, 52.699229515733691 ], [ 5.289708104454738, 52.69944129132746 ], [ 5.289826474687194, 52.698695602025282 ], [ 5.291466087907546, 52.698801887362663 ], [ 5.291484383692021, 52.69862664758999 ], [ 5.2905789449171, 52.698538655126683 ], [ 5.290834642539624, 52.697983649487632 ], [ 5.28649658183974, 52.695580012623168 ], [ 5.285695008888847, 52.695782865420753 ], [ 5.289753679290041, 52.698009143581515 ], [ 5.289234862700516, 52.699442413096669 ], [ 5.285277090605765, 52.698952989189742 ], [ 5.28369035820648, 52.698782833241793 ], [ 5.283664453256571, 52.698317455428125 ], [ 5.285793384082441, 52.697987532566657 ], [ 5.288981639326328, 52.698590273424593 ], [ 5.284152733130156, 52.696830079420089 ], [ 5.279644284023064, 52.695960031809534 ], [ 5.279429324626855, 52.694742701643911 ], [ 5.28243118707313, 52.693288121019641 ], [ 5.283695810222146, 52.693530196779214 ], [ 5.284126819272205, 52.692726915475333 ], [ 5.286813598900846, 52.690802136192318 ], [ 5.287424934642896, 52.691164978836618 ], [ 5.286883434490551, 52.689895474883429 ], [ 5.276040531509532, 52.68412866844637 ], [ 5.275697725424763, 52.684360105905569 ], [ 5.286070095970441, 52.690355279978036 ], [ 5.282946745827515, 52.691940669625488 ], [ 5.281724207806802, 52.691230385676903 ], [ 5.280021378256126, 52.691518638643274 ], [ 5.279470299745108, 52.691952220650002 ], [ 5.27415330200373, 52.688743290573058 ], [ 5.271090693247324, 52.687638492157035 ], [ 5.269578386123268, 52.687404500610853 ], [ 5.266415727487587, 52.687885193247119 ], [ 5.261130142832994, 52.686625760414707 ], [ 5.259248403991115, 52.686905575250293 ], [ 5.256724298216976, 52.686713021500118 ], [ 5.25636376067152, 52.686011720652452 ], [ 5.254265208381751, 52.686656767313565 ], [ 5.24648003251127, 52.685512028935761 ], [ 5.245709135472632, 52.684987706440737 ], [ 5.245273932741886, 52.682156610047286 ], [ 5.243830092987975, 52.681658178426389 ], [ 5.243232959970286, 52.677651838101312 ], [ 5.242664975798242, 52.672631430529798 ], [ 5.238181048473203, 52.665351008141407 ], [ 5.23578218087617, 52.65706906467318 ], [ 5.230643691471153, 52.652768793149782 ], [ 5.207081175384844, 52.644574106989502 ], [ 5.201356553683459, 52.641045023198942 ], [ 5.198525384179043, 52.636312622774376 ], [ 5.19010565718315, 52.636712475606394 ], [ 5.18543332163634, 52.63588035284296 ], [ 5.177730205343326, 52.634202824997111 ], [ 5.174561035450983, 52.633019766091728 ], [ 5.170873808069774, 52.630690364828148 ], [ 5.164203399985479, 52.626893945322635 ], [ 5.159314023782977, 52.623182039616701 ], [ 5.149656398964841, 52.623639783411846 ], [ 5.147041272898465, 52.622670283028519 ], [ 5.145945132580689, 52.623127768902592 ], [ 5.142219693875403, 52.622382931280846 ], [ 5.127890253655136, 52.619879701983542 ], [ 5.125407936247548, 52.621903058011249 ], [ 5.126285706488135, 52.62338085769705 ], [ 5.128059882569768, 52.624310373538343 ], [ 5.128690045048375, 52.626093203776364 ], [ 5.127335184360444, 52.626829445990282 ], [ 5.125376749876917, 52.629600762268836 ], [ 5.121027068415452, 52.632617871353247 ], [ 5.117219462316092, 52.632889160503829 ], [ 5.111609405198175, 52.632281386832894 ], [ 5.109009026358749, 52.631384234872144 ], [ 5.106547928226329, 52.631574169048655 ], [ 5.101264274635087, 52.63367669986026 ], [ 5.10075439602889, 52.634737101552766 ], [ 5.093200525638562, 52.639892997932655 ], [ 5.092426231293014, 52.640787735826478 ], [ 5.089493004978289, 52.640166738725483 ], [ 5.088657334050373, 52.642510761178329 ], [ 5.083448336082621, 52.641586203465096 ], [ 5.08428611488651, 52.640864053273582 ], [ 5.088289899305625, 52.639751189174774 ], [ 5.088355505795525, 52.639429003596831 ], [ 5.086278265240558, 52.640075717082716 ], [ 5.085929316753718, 52.639813581973016 ], [ 5.088420658490508, 52.638344090250634 ], [ 5.087755933457305, 52.637815747544742 ], [ 5.08569601169148, 52.639660809842233 ], [ 5.084515374590847, 52.640492252738674 ], [ 5.081666524343647, 52.641290338039802 ], [ 5.081412422979882, 52.641544395972893 ], [ 5.079476587193471, 52.64063947757225 ], [ 5.078504817966652, 52.641482824502596 ], [ 5.076887454826436, 52.641327866626604 ], [ 5.075239861803206, 52.640474510145751 ], [ 5.075385781266601, 52.639541216398271 ], [ 5.068074811340109, 52.634837946397987 ], [ 5.064402038244261, 52.636983733713841 ], [ 5.06702827602456, 52.637282115212159 ], [ 5.066951890140997, 52.638402130953281 ], [ 5.065673207199663, 52.638350780750706 ], [ 5.063765455560587, 52.637393855876276 ], [ 5.063563810834683, 52.637639052266465 ], [ 5.06568424869904, 52.639042224423108 ], [ 5.06847945892477, 52.639254809779189 ], [ 5.068313100014951, 52.64020454806937 ], [ 5.066986749567605, 52.64005492643237 ], [ 5.066464603698108, 52.640768729053875 ], [ 5.066299407896748, 52.640721602739731 ], [ 5.066217815551072, 52.640601703329182 ], [ 5.066423173143051, 52.640609286153314 ], [ 5.066546421289485, 52.640379269546585 ], [ 5.06623696832476, 52.640308119895636 ], [ 5.066139232012112, 52.639265142552723 ], [ 5.064680047387665, 52.639035482037229 ], [ 5.062979267152957, 52.637888132734787 ], [ 5.062996522538054, 52.637220326246577 ], [ 5.063446103984512, 52.637506262125427 ], [ 5.063572369956108, 52.637310759888663 ], [ 5.063152248534235, 52.63696226737671 ], [ 5.062974527226767, 52.633487396032514 ], [ 5.061805801368806, 52.633587473003587 ], [ 5.061803560439142, 52.636483728339904 ], [ 5.058239728783791, 52.636846459217828 ], [ 5.057778476313354, 52.634593697001549 ], [ 5.060465803954981, 52.633840191250187 ], [ 5.060438150627462, 52.633099474444599 ], [ 5.05554475547078, 52.633950681248912 ], [ 5.055544645106845, 52.635834017585928 ], [ 5.0572104083809, 52.637505858872153 ], [ 5.05694071349534, 52.638008918854204 ], [ 5.052216648844214, 52.641422136610878 ], [ 5.045662105446962, 52.641636851547588 ], [ 5.039962857948099, 52.638039460778259 ], [ 5.038996716872528, 52.636613999668747 ], [ 5.034867211536972, 52.63645476408842 ], [ 5.029791161499068, 52.635537103552686 ], [ 5.027362317798552, 52.634032198465107 ], [ 5.023108135160844, 52.63278808778643 ], [ 5.018903751364419, 52.62991887167766 ], [ 5.016926235233951, 52.624529320174581 ], [ 5.017194480805386, 52.618687357026012 ], [ 5.019659333667352, 52.612453573800536 ], [ 5.018853049782741, 52.612437505799242 ], [ 5.018653721949044, 52.61206363381396 ], [ 5.006690144750671, 52.61051914337235 ], [ 5.007949379928123, 52.60779907056515 ], [ 5.004881212638093, 52.597573047469659 ], [ 4.94984990577973, 52.595285342969014 ], [ 4.949257774954328, 52.59953283881265 ], [ 4.952523240287815, 52.60117101192435 ], [ 4.956941108545458, 52.602222577533638 ], [ 4.958675776795309, 52.603263462218173 ], [ 4.959316112956325, 52.604680482687762 ], [ 4.956634644576948, 52.610668484339463 ], [ 4.95385656595381, 52.613142667736497 ], [ 4.95333533486536, 52.613391238745514 ], [ 4.950933269976725, 52.614106339046195 ], [ 4.948497817998455, 52.613550999027915 ], [ 4.937695237575264, 52.607379186217372 ], [ 4.928947566104004, 52.605165444452808 ], [ 4.926925470262382, 52.6066969991112 ], [ 4.921439906458744, 52.608313218937518 ], [ 4.915375830391878, 52.608642103890993 ], [ 4.901168606657583, 52.602924969483816 ], [ 4.893495071750681, 52.597837248973242 ], [ 4.890520011227657, 52.594617837066167 ], [ 4.884749809015174, 52.584235963314228 ], [ 4.876379533819174, 52.577830001131929 ], [ 4.868630992485035, 52.575945310345425 ], [ 4.865671951163444, 52.573750178427524 ], [ 4.86423782639196, 52.571621301921134 ], [ 4.863032770821134, 52.568725082522576 ], [ 4.862939661786734, 52.565047138538162 ], [ 4.861341487759513, 52.562277351040827 ], [ 4.858684553495798, 52.559455529303143 ], [ 4.853841983074025, 52.556769063298731 ], [ 4.851828283247722, 52.554831634163378 ], [ 4.848307047603496, 52.550072235394005 ], [ 4.844587520922921, 52.547309214821858 ], [ 4.84227802405846, 52.543493487103682 ], [ 4.83549585882946, 52.540666207349283 ], [ 4.833910385168199, 52.538960348882064 ], [ 4.828031738846206, 52.541668559905922 ], [ 4.824385242721314, 52.542599943835299 ], [ 4.820986505763584, 52.538246358555035 ], [ 4.819027469323631, 52.538725969140238 ], [ 4.816992994576942, 52.535648208335679 ], [ 4.824407186219339, 52.533804459133137 ], [ 4.820186920503515, 52.531231797740979 ], [ 4.811626572320728, 52.530190500630326 ], [ 4.804705940440539, 52.525360178511363 ], [ 4.798284275712428, 52.524360479131794 ], [ 4.792439650543623, 52.519725202105455 ], [ 4.789860919713963, 52.519235886408474 ], [ 4.784971552655801, 52.519419638124496 ], [ 4.784971284355945, 52.519419649345473 ], [ 4.784710816606668, 52.519436493735753 ], [ 4.782476457704385, 52.519580960110773 ], [ 4.777845625655472, 52.531770338615267 ], [ 4.777733441615291, 52.533744875698346 ], [ 4.778063466968282, 52.544177799460741 ], [ 4.781622845330618, 52.557102237740338 ], [ 4.771967106311651, 52.55989836525783 ], [ 4.756858647971307, 52.562071432621138 ], [ 4.752541231639932, 52.562781446783191 ], [ 4.745083762283701, 52.566851528580976 ], [ 4.74470158065072, 52.567941749001065 ], [ 4.747280972644329, 52.571354799328816 ], [ 4.748901579761566, 52.573984735497014 ], [ 4.751311821770333, 52.582276993575441 ], [ 4.756477862172606, 52.591568339366667 ], [ 4.752480426925204, 52.59257722918219 ], [ 4.752138624367172, 52.591890888507372 ], [ 4.750968465203071, 52.589118789870298 ], [ 4.744455866224832, 52.590288404447158 ], [ 4.739992728227226, 52.578928136877472 ], [ 4.726707784478335, 52.579637105832752 ], [ 4.724883310490663, 52.578737120689915 ], [ 4.723339119799554, 52.579765640280954 ], [ 4.718467987416679, 52.580061455935372 ], [ 4.718182420064186, 52.580080850677632 ], [ 4.71025774119176, 52.580587550869623 ], [ 4.703755882519198, 52.580338535523403 ], [ 4.703360083467566, 52.581550990387562 ], [ 4.698316328100628, 52.581854981769652 ], [ 4.696587492293703, 52.578977916277502 ], [ 4.691085643432442, 52.579578222067163 ], [ 4.691304903787201, 52.5800487503979 ], [ 4.685425437904851, 52.58095699852079 ], [ 4.686243702953873, 52.582956899292832 ], [ 4.685522144958145, 52.583131029431989 ], [ 4.679273805935061, 52.583873237991185 ], [ 4.677654099459087, 52.58433720070169 ], [ 4.677738416178998, 52.58548355899844 ], [ 4.671641318817335, 52.587298027626467 ], [ 4.670615392841841, 52.58872930522184 ], [ 4.673979694009885, 52.589947171657407 ], [ 4.672581364749544, 52.590904100941863 ], [ 4.659840611149946, 52.586139698356142 ], [ 4.655713659935413, 52.585512126524137 ], [ 4.654980505653309, 52.582869987975542 ], [ 4.60996515252002, 52.573744337739399 ], [ 4.615281654468226, 52.596229389705222 ], [ 4.616604259750411, 52.6058512376297 ], [ 4.616889297160363, 52.608845570262069 ], [ 4.618393010169627, 52.616590410977068 ], [ 4.619367643919748, 52.623843526673006 ], [ 4.620416267905545, 52.627295169164171 ], [ 4.621673474247766, 52.630521845672092 ], [ 4.622245226475048, 52.635787829852845 ], [ 4.623755889060741, 52.639786913540043 ], [ 4.625389454003224, 52.655697099729615 ], [ 4.62676923140758, 52.664769169160571 ], [ 4.627614562761352, 52.66662405355941 ], [ 4.630238171678095, 52.675667203041577 ], [ 4.632519736826628, 52.681795646557717 ], [ 4.634317779848002, 52.693988810742113 ], [ 4.637580327846402, 52.70753615720929 ], [ 4.637420278046323, 52.711996618095924 ], [ 4.636535071908843, 52.712857027500945 ], [ 4.635703264050852, 52.720291672930919 ], [ 4.636606794408256, 52.728667621421479 ], [ 4.642903088139863, 52.75066435352322 ], [ 4.64576213606816, 52.756638142749203 ], [ 4.654935268885395, 52.772014528454861 ], [ 4.660262969875788, 52.778188156705809 ], [ 4.667481254337337, 52.786718822990949 ], [ 4.675987263500518, 52.801047123086505 ], [ 4.680333655187581, 52.81024605865516 ], [ 4.686163631494257, 52.828522397475552 ], [ 4.691732946312145, 52.840831541347391 ], [ 4.702276006951747, 52.864732306237691 ], [ 4.70904227489082, 52.883621763764666 ], [ 4.711435950132765, 52.893408360886013 ], [ 4.71242196537065, 52.901542270105253 ], [ 4.713399599657667, 52.915827385671307 ], [ 4.713373481051107, 52.932292880685104 ], [ 4.714535928572439, 52.938300200431556 ], [ 4.717238608076029, 52.9474537794271 ], [ 4.719419001520015, 52.951134365312818 ], [ 4.729652690989816, 52.961527257990575 ], [ 4.730839133065414, 52.962573671338134 ], [ 4.739686748393299, 52.963801913582444 ], [ 4.748296848411412, 52.964376856665602 ], [ 4.755503760833288, 52.963826804045446 ], [ 4.759272937439322, 52.964604408813543 ], [ 4.763210167096824, 52.965383326729615 ], [ 4.779558903460881, 52.965228965019385 ], [ 4.777821567609513, 52.963962806048052 ], [ 4.777716327292516, 52.963005836253764 ], [ 4.778285708809745, 52.962749049497347 ], [ 4.781326297120004, 52.964758326133705 ], [ 4.782359695333333, 52.964446931825861 ], [ 4.78424155893745, 52.966096319529946 ], [ 4.784972589624478, 52.965795560179565 ], [ 4.783326963632222, 52.964048612621845 ], [ 4.784724046503102, 52.963011535767876 ], [ 4.783595718190475, 52.962303123879501 ], [ 4.781137505965763, 52.963341811185387 ], [ 4.779195997716193, 52.96167757927239 ], [ 4.777745840851026, 52.960916444284763 ], [ 4.774788982437242, 52.96060755822797 ], [ 4.779195846351283, 52.954536799024645 ], [ 4.78803847068627, 52.949179382027616 ], [ 4.790476763229241, 52.949692974339577 ], [ 4.780446242342236, 52.955569483822131 ], [ 4.778231286562839, 52.95939579480288 ], [ 4.778417161613244, 52.959431892270921 ], [ 4.779321319685555, 52.9583135551146 ], [ 4.781023310404335, 52.958769434556629 ], [ 4.782736867089328, 52.956337191955072 ], [ 4.785088094498158, 52.956906281979364 ], [ 4.785556998740625, 52.954305701827053 ], [ 4.787295326706354, 52.954409462745303 ], [ 4.786673700479327, 52.956997990544465 ], [ 4.787273114297262, 52.957050615019234 ], [ 4.787959532159934, 52.954473707842389 ], [ 4.792070497131624, 52.955016180678349 ], [ 4.79087157514353, 52.957542668165601 ], [ 4.791470370879371, 52.957646864327423 ], [ 4.792789874108986, 52.95516893971957 ], [ 4.79438823378104, 52.955495463231884 ], [ 4.79333558867651, 52.957222906099354 ], [ 4.793720827262153, 52.957252926533876 ], [ 4.794160385098723, 52.956623106144654 ], [ 4.796478078462205, 52.957093676291564 ], [ 4.795514602984778, 52.958809560431938 ], [ 4.793199390374136, 52.95837672854659 ], [ 4.792993097304369, 52.95860178139133 ], [ 4.798150605241543, 52.959621013430024 ], [ 4.796572490343912, 52.961877052362965 ], [ 4.794301101313221, 52.961449622965389 ], [ 4.794806050682037, 52.960203681158035 ], [ 4.793364849595278, 52.959912009288978 ], [ 4.791640184163382, 52.962200241405625 ], [ 4.789700353763956, 52.962763400737792 ], [ 4.795876402056921, 52.964477363083851 ], [ 4.801325182768598, 52.964522631125782 ], [ 4.803420611357485, 52.959182101927553 ], [ 4.801697454915851, 52.953094016529477 ], [ 4.792839411429133, 52.944123991823552 ], [ 4.791302689887032, 52.93623041064636 ], [ 4.792012380267186, 52.935161673415102 ], [ 4.792123612808219, 52.932952572687583 ], [ 4.79418133640561, 52.932813168727137 ], [ 4.79473497851251, 52.929342840567024 ], [ 4.803270180152939, 52.917389302520171 ], [ 4.805017207055015, 52.916083962114655 ], [ 4.807062369855545, 52.915943700292878 ], [ 4.808835680091534, 52.915256821538932 ], [ 4.809988607308968, 52.914353142003598 ], [ 4.808050971542344, 52.913572986274843 ], [ 4.806309679563385, 52.913978436249806 ], [ 4.806725049716558, 52.912714349311571 ], [ 4.808700569502625, 52.911246691090412 ], [ 4.84180313142491, 52.899175254160504 ], [ 4.846208821927831, 52.899536412093852 ], [ 4.849740959444457, 52.898924705543777 ], [ 4.850549314628656, 52.898098520916633 ], [ 4.850111741923317, 52.897231068262272 ], [ 4.848629169279674, 52.897279845310877 ], [ 4.873673581915541, 52.888508781154684 ], [ 4.874777504188487, 52.888347791291736 ], [ 4.886982697046981, 52.88970124770038 ], [ 4.907087297608065, 52.893803048879562 ], [ 4.919289898236975, 52.899434253593704 ], [ 4.935127773996563, 52.903482732957144 ], [ 4.936729323253569, 52.904583859031185 ], [ 4.936064954740323, 52.905285423981773 ], [ 4.935855187071637, 52.906485205598692 ], [ 4.936900817505474, 52.907766272240686 ], [ 4.938206479132479, 52.907608881151823 ], [ 4.943164184362682, 52.910298457216975 ], [ 4.943398434281717, 52.909521117827133 ], [ 4.945491099581994, 52.909688334110179 ], [ 4.950630255683021, 52.913521222286192 ], [ 4.955976348813305, 52.91854660296471 ], [ 4.958155362071322, 52.924911297212127 ], [ 4.96848803643347, 52.930334934834804 ], [ 4.970208979041964, 52.930687767545869 ], [ 4.972342348004817, 52.930981233581292 ], [ 4.985573814779864, 52.931841937600048 ], [ 4.990785836838447, 52.932938121736527 ], [ 4.99553590664459, 52.934345890185106 ], [ 5.005273872960219, 52.93567567922603 ], [ 5.012046586229903, 52.933960761227937 ], [ 5.017321544305456, 52.934436663396951 ], [ 5.022470480150283, 52.935396108229462 ], [ 5.026703201567787, 52.938165605264793 ], [ 5.027079527130017, 52.941450664060291 ], [ 5.024259768452668, 52.942531889274257 ], [ 5.025883771473885, 52.943999959760831 ], [ 5.026160752213398, 52.9438430417527 ], [ 5.025226944062518, 52.942544201411231 ], [ 5.028936417962761, 52.940969524011017 ], [ 5.030636776556697, 52.942849031688922 ], [ 5.03556326426572, 52.941013755440402 ], [ 5.038177764864304, 52.942835068005373 ], [ 5.038546088811581, 52.942737104127545 ], [ 5.035694224479269, 52.940684937995115 ], [ 5.037249037455737, 52.939821858029269 ], [ 5.036986282093971, 52.939657300720725 ], [ 5.03173332889542, 52.942190291049116 ], [ 5.030198613415942, 52.942022060395523 ], [ 5.029253952190968, 52.940883720851325 ], [ 5.033637960198933, 52.938617489915075 ], [ 5.035239148141967, 52.939319541784997 ], [ 5.035428571738349, 52.939224466331417 ], [ 5.033904352476917, 52.938521304661769 ], [ 5.034026444458295, 52.938313271125665 ], [ 5.033912918868906, 52.938199141826018 ], [ 5.033707409600933, 52.9381859334366 ], [ 5.033661640301632, 52.937965974745978 ], [ 5.033560437898593, 52.937974841449446 ], [ 5.033599294903096, 52.938170536242431 ], [ 5.032963775061828, 52.938469590516569 ], [ 5.031903702195292, 52.937639237396894 ], [ 5.031930618912233, 52.93755225993214 ], [ 5.031386743362607, 52.937124391192242 ], [ 5.032701634844399, 52.936518379506253 ], [ 5.033213665531345, 52.9367861102006 ], [ 5.033404902117952, 52.93774185283209 ], [ 5.033616032767531, 52.937733272000209 ], [ 5.033430177595012, 52.936688004306724 ], [ 5.0357199349049, 52.935035212086504 ], [ 5.038042155611353, 52.933417655759641 ], [ 5.039479430270776, 52.934077307240265 ], [ 5.034949097059088, 52.937454890218753 ], [ 5.035361511930581, 52.937603977939887 ], [ 5.039345639759654, 52.934727638264938 ], [ 5.041133773840079, 52.934341702117358 ], [ 5.041995062349751, 52.93475463511276 ], [ 5.041967144852321, 52.935663633481667 ], [ 5.039512934373651, 52.937934685906818 ], [ 5.03977849373901, 52.938009651596559 ], [ 5.042900272592471, 52.935750004903774 ], [ 5.04387204842839, 52.935723750255264 ], [ 5.044789594212067, 52.936150961821745 ], [ 5.044850761403035, 52.936472526348055 ], [ 5.045234832791668, 52.936654117578023 ], [ 5.045943339244102, 52.93668812711482 ], [ 5.046830258203155, 52.937101045844017 ], [ 5.046942284711132, 52.937419913415354 ], [ 5.047582538293033, 52.937658196001991 ], [ 5.048000876341014, 52.937646023077107 ], [ 5.048899170748761, 52.938064202992166 ], [ 5.049539445104753, 52.938896764360585 ], [ 5.048268662365045, 52.940261941524817 ], [ 5.049112070147054, 52.940783161520308 ], [ 5.054151633377695, 52.941141872484046 ], [ 5.165883070627195, 52.999867188925094 ], [ 5.166762437213253, 52.999259077018067 ], [ 5.054712489739772, 52.940347137765926 ] ], [ [ 5.103232336868752, 52.76998158729684 ], [ 5.108728095346334, 52.769644828232089 ], [ 5.107866921898716, 52.770396562199913 ], [ 5.10320458029528, 52.770977333550796 ], [ 5.103232336868752, 52.76998158729684 ] ] ], [ [ [ 4.878723658618549, 53.156968263042167 ], [ 4.881068103859287, 53.155083879232123 ], [ 4.886505987385283, 53.156057258470575 ], [ 4.893353366063587, 53.151622644883261 ], [ 4.907755071058012, 53.135373707928558 ], [ 4.908336927357627, 53.133027725313092 ], [ 4.905921810368855, 53.131264440993455 ], [ 4.904440565088643, 53.132161403239259 ], [ 4.905362154833482, 53.130287465289349 ], [ 4.90465651662979, 53.128970279999677 ], [ 4.902140386822504, 53.127818647305197 ], [ 4.9029641752699, 53.125810913224036 ], [ 4.900243736705829, 53.125014347883557 ], [ 4.898335701008392, 53.10014770929962 ], [ 4.900395200492679, 53.087856504120879 ], [ 4.899711317905496, 53.083403994951389 ], [ 4.897157169440039, 53.07856586536478 ], [ 4.887657871693101, 53.072588141817135 ], [ 4.880576943998192, 53.070885432385069 ], [ 4.878781132722299, 53.066902362899484 ], [ 4.87674894742909, 53.065637095236923 ], [ 4.873197076073553, 53.064864201615379 ], [ 4.873146513435966, 53.055362037751003 ], [ 4.861598969275133, 53.048108946278965 ], [ 4.861801464083206, 53.047061200453562 ], [ 4.860015345528062, 53.04431147901613 ], [ 4.856283901513362, 53.040904831927286 ], [ 4.853158533314788, 53.040102253154721 ], [ 4.852625746799593, 53.040244004797792 ], [ 4.854040993560881, 53.040742936108956 ], [ 4.855057405889276, 53.04194110331364 ], [ 4.856578835784151, 53.041665519661812 ], [ 4.858514640215161, 53.043306151565822 ], [ 4.860464471199197, 53.046753469712719 ], [ 4.859840383383073, 53.046894387013197 ], [ 4.856763969598264, 53.044766752518434 ], [ 4.857990387511168, 53.044089202342569 ], [ 4.856864452135053, 53.04361990112352 ], [ 4.856159231228059, 53.042625753997939 ], [ 4.855628812160063, 53.042770930753399 ], [ 4.855974631737021, 53.04331241939267 ], [ 4.853298595267919, 53.04335010024036 ], [ 4.851320713903525, 53.040061643939659 ], [ 4.850856346084316, 53.039858766950417 ], [ 4.850230446782541, 53.04034452350998 ], [ 4.849617834851531, 53.040061942776937 ], [ 4.850156906690792, 53.039524182966645 ], [ 4.849412652307205, 53.039124018703831 ], [ 4.850344252253379, 53.038827719489014 ], [ 4.851417998663039, 53.039339452528473 ], [ 4.853084112656451, 53.038910235999303 ], [ 4.847167840052188, 53.034001132053319 ], [ 4.838524870438821, 53.030812491175567 ], [ 4.830598149903066, 53.029724192610459 ], [ 4.819488991648908, 53.029015654121814 ], [ 4.792669932554462, 53.008408729927936 ], [ 4.793829287870388, 53.007249909562667 ], [ 4.796945287078375, 53.007384897343883 ], [ 4.796807534349899, 53.00696460554726 ], [ 4.793578230159985, 53.006821298424626 ], [ 4.793023369067091, 53.006029984270157 ], [ 4.797395024737625, 53.005031946557146 ], [ 4.793100537389195, 53.002385349536858 ], [ 4.792228895960602, 53.002061991412674 ], [ 4.78498896516329, 53.001753094346192 ], [ 4.782425622154154, 53.004145337548195 ], [ 4.780604367907685, 53.003178285798214 ], [ 4.782252149734022, 53.001370267872602 ], [ 4.772818687783975, 53.005958750617616 ], [ 4.769373242895735, 53.00589420495362 ], [ 4.75497981000062, 53.010171962762747 ], [ 4.749452846440629, 53.010572127819039 ], [ 4.746512261068726, 53.010171091274074 ], [ 4.75380136963577, 53.004346897704195 ], [ 4.76241402788312, 53.001206124244909 ], [ 4.762841149074029, 53.00162813109737 ], [ 4.76387166448115, 53.001544302431682 ], [ 4.76355018429815, 53.00227315055244 ], [ 4.768731286061382, 53.00006087625853 ], [ 4.770068231024925, 53.000117458479124 ], [ 4.77201511209732, 52.998516480418772 ], [ 4.772954121691198, 52.998531470021291 ], [ 4.773660151436878, 52.996327182991052 ], [ 4.75996515984323, 52.993497319298314 ], [ 4.752126299717944, 52.99077352695921 ], [ 4.736599902377415, 52.989020055623662 ], [ 4.730493496404321, 52.983743238290522 ], [ 4.720331581203449, 52.99126594304299 ], [ 4.713506054192599, 52.997338341516468 ], [ 4.709777572596876, 53.013112090605311 ], [ 4.708628083779922, 53.022383030754554 ], [ 4.710162869588958, 53.033284459800569 ], [ 4.716111706267242, 53.051589730500808 ], [ 4.723532094159654, 53.067628083678279 ], [ 4.735249569164765, 53.082322477254564 ], [ 4.747463683969529, 53.094986672882271 ], [ 4.758140787949137, 53.10589078395639 ], [ 4.761116697661789, 53.108371992502526 ], [ 4.775710906930791, 53.121999180808011 ], [ 4.797504111966813, 53.14090547188389 ], [ 4.81024054621264, 53.155011743431935 ], [ 4.820607889570116, 53.164298262532917 ], [ 4.83113766504885, 53.17181339277959 ], [ 4.837957921550613, 53.178818147217015 ], [ 4.84086120191161, 53.183319196558635 ], [ 4.844887234067854, 53.1848257740061 ], [ 4.854427187251703, 53.185340051982365 ], [ 4.859698805803737, 53.183499613846763 ], [ 4.86112278088931, 53.183020941332401 ], [ 4.873093154660319, 53.172325486178849 ], [ 4.874790863193237, 53.166842320354412 ], [ 4.879687232513321, 53.164009833306928 ], [ 4.87685270643285, 53.161592000557057 ], [ 4.877589575751368, 53.157829169197619 ], [ 4.878723658618549, 53.156968263042167 ] ] ] ] } },
{ "type": "Feature", "properties": { "fid": 17, "ck_zk": "ZK19", "jrstatcode": "2025ZK19", "statnaam": "Noordoost-Brabant", "rubriek": "zorgkantoorregio", "id": 17 }, "geometry": { "type": "MultiPolygon", "coordinates": [ [ [ [ 5.40533860898151, 51.834653427414594 ], [ 5.405843280539788, 51.832705633363894 ], [ 5.40697064187125, 51.832800544067709 ], [ 5.40833137135651, 51.829280618959515 ], [ 5.414964973182289, 51.824937797451206 ], [ 5.41622292781237, 51.822639814640709 ], [ 5.414885448888102, 51.821290186438802 ], [ 5.418271550490205, 51.818557921776716 ], [ 5.422292288115642, 51.814558473051655 ], [ 5.429255146567062, 51.811367437585709 ], [ 5.439403921526384, 51.809709485668918 ], [ 5.449554205568748, 51.809677551038376 ], [ 5.464480380209881, 51.811186592895453 ], [ 5.467486000424002, 51.811802634717566 ], [ 5.47421458851921, 51.81464138011669 ], [ 5.476931542766655, 51.81718303973819 ], [ 5.478348818798375, 51.820054137049553 ], [ 5.479672859135429, 51.824371602499824 ], [ 5.481839802248524, 51.827066381013346 ], [ 5.485848612352557, 51.829409036463936 ], [ 5.490190299706195, 51.830508636262181 ], [ 5.496006274812846, 51.830604485028992 ], [ 5.503255128253, 51.8287639049381 ], [ 5.508078789949995, 51.826143414855423 ], [ 5.514213996394645, 51.820743904380848 ], [ 5.517734242069692, 51.819283919719162 ], [ 5.52788422813875, 51.818481198373959 ], [ 5.5356338752006, 51.8165743730952 ], [ 5.540929784076257, 51.816307602794218 ], [ 5.545284523634033, 51.817434346747184 ], [ 5.548628699456513, 51.81980272168763 ], [ 5.551264577702485, 51.824130818789733 ], [ 5.552147179923371, 51.82496722141326 ], [ 5.554824285565418, 51.82656016235002 ], [ 5.55815836948093, 51.82752670374353 ], [ 5.567879785489582, 51.827783278389695 ], [ 5.576791871920223, 51.828151805232693 ], [ 5.588848392526304, 51.829699571675647 ], [ 5.597976615211845, 51.828049441289046 ], [ 5.606235317806525, 51.82530003058379 ], [ 5.617812883383226, 51.820055577916257 ], [ 5.622159631106509, 51.819211027806681 ], [ 5.625896685384022, 51.819229716435103 ], [ 5.635214683589018, 51.819543678636343 ], [ 5.641304553355464, 51.817891908929155 ], [ 5.644215967266571, 51.816036794282276 ], [ 5.646574635367745, 51.813030358099063 ], [ 5.649901248303548, 51.806136939209374 ], [ 5.653913756206688, 51.801151832901347 ], [ 5.657493793705361, 51.798030097524112 ], [ 5.663350802349167, 51.794534424719323 ], [ 5.668406962210519, 51.792916972741622 ], [ 5.674103275372108, 51.792449658859297 ], [ 5.685789719929982, 51.791193146446489 ], [ 5.69371615596691, 51.787740958197446 ], [ 5.696500793723177, 51.785466669729125 ], [ 5.702309324211474, 51.778143603648019 ], [ 5.705976541168297, 51.776255096876362 ], [ 5.711229945490515, 51.775033862332911 ], [ 5.721904736575376, 51.774826467045614 ], [ 5.729745375124904, 51.772851048219209 ], [ 5.73202487397093, 51.771893849485849 ], [ 5.735681624094046, 51.768914117163064 ], [ 5.740779258930957, 51.763247942042454 ], [ 5.745238552925835, 51.759144493262497 ], [ 5.751709408315712, 51.756043169395419 ], [ 5.757958543871319, 51.75418822171423 ], [ 5.769298547539311, 51.752347156570202 ], [ 5.779665513837515, 51.752211958434508 ], [ 5.790534313506559, 51.753509054770596 ], [ 5.809467519159538, 51.756533932437826 ], [ 5.821495122602143, 51.757445283617578 ], [ 5.842415872445692, 51.758812089037306 ], [ 5.852149570736836, 51.759317376532508 ], [ 5.864468842426048, 51.757681722021992 ], [ 5.870798713938989, 51.755335539104173 ], [ 5.871166200148891, 51.755138243747069 ], [ 5.879560425950663, 51.749913597296484 ], [ 5.88049085152398, 51.746892089611116 ], [ 5.881609338864048, 51.741545973686655 ], [ 5.883781778751189, 51.736529662701869 ], [ 5.883979077146598, 51.735437325797214 ], [ 5.885404037891201, 51.728314188021642 ], [ 5.887958944571685, 51.725192175110756 ], [ 5.893782580323307, 51.722063697639015 ], [ 5.899566718249766, 51.720189938415849 ], [ 5.912001825566462, 51.71787657662869 ], [ 5.919469547173511, 51.717671499055569 ], [ 5.933784829173395, 51.716140399079947 ], [ 5.946753514272231, 51.713432218027279 ], [ 5.951829637501735, 51.711700580287413 ], [ 5.955416550027128, 51.709131529587133 ], [ 5.956254744007542, 51.706605958612251 ], [ 5.956376290950637, 51.699633035084233 ], [ 5.961395202435734, 51.687099652206854 ], [ 5.961395223441899, 51.68709959817167 ], [ 5.96188828472468, 51.685857972712348 ], [ 5.963394977096826, 51.681657994228601 ], [ 5.964586608872366, 51.675573345744901 ], [ 5.964139014952934, 51.667497656248472 ], [ 5.963453992693417, 51.662988470520794 ], [ 5.963481984665129, 51.657323611604021 ], [ 5.964855670998495, 51.652732366442109 ], [ 5.967469521421061, 51.649284831817717 ], [ 5.972127860838861, 51.645771791204851 ], [ 5.976606937639543, 51.64378311161331 ], [ 5.98212195519019, 51.642519693694759 ], [ 5.996016348758065, 51.636870311077011 ], [ 6.004470584958733, 51.631776621253238 ], [ 6.019979812639182, 51.62192114247128 ], [ 6.022659421225012, 51.618851503701983 ], [ 6.02385297855437, 51.616125363893509 ], [ 6.023783914992134, 51.603035441179628 ], [ 6.026281406785659, 51.595576853576212 ], [ 6.030723412403701, 51.591518370003115 ], [ 6.033478466554819, 51.589610642089546 ], [ 6.038660246784438, 51.584130894352704 ], [ 6.039717812377292, 51.581615960670831 ], [ 6.039409677199822, 51.579128686159351 ], [ 6.037818160499961, 51.574114762151702 ], [ 6.037870314639347, 51.569410972334893 ], [ 6.0414527814771, 51.563647448897264 ], [ 6.048120698761913, 51.558462546515464 ], [ 6.04642502264811, 51.557641016622433 ], [ 6.044581890330359, 51.559015298145191 ], [ 6.042866078491789, 51.558694626000154 ], [ 6.04432767141727, 51.557447526165689 ], [ 6.040912857158731, 51.556630449448349 ], [ 6.037307850416583, 51.558149275097463 ], [ 6.034320572153598, 51.55749726835549 ], [ 6.032735170031176, 51.55668521327506 ], [ 6.033687678777638, 51.555447476899772 ], [ 6.031668836577393, 51.552338826748148 ], [ 6.018211958185508, 51.563334680125173 ], [ 6.011519433203701, 51.566649100663057 ], [ 6.011519361575536, 51.566649136102143 ], [ 6.005098996061472, 51.569825000408414 ], [ 6.004252789993715, 51.570243518131818 ], [ 6.003052577992613, 51.569851482369465 ], [ 5.991269800591702, 51.566085350675806 ], [ 5.97338678481245, 51.561063333839975 ], [ 5.952381379079304, 51.556973320803031 ], [ 5.935444932667412, 51.553600194141005 ], [ 5.917840712120093, 51.552641206582891 ], [ 5.906662586880648, 51.552030867290334 ], [ 5.891466123277402, 51.560204679894213 ], [ 5.870892394786967, 51.562644194627474 ], [ 5.83823846425486, 51.566414616134992 ], [ 5.822785417199333, 51.568291351174693 ], [ 5.820216135396957, 51.568673685910518 ], [ 5.809580725511416, 51.574081129481947 ], [ 5.800586009598337, 51.578621772437423 ], [ 5.78834239990127, 51.594191261204543 ], [ 5.786678405436075, 51.598208266926086 ], [ 5.75861458742041, 51.593946506959611 ], [ 5.732620655418486, 51.590375334304547 ], [ 5.729478996775775, 51.589811526995142 ], [ 5.709972702067733, 51.586348268707262 ], [ 5.709393237320106, 51.586258545872894 ], [ 5.709788213285681, 51.585835754167299 ], [ 5.709050945120604, 51.585552325795881 ], [ 5.706138282410856, 51.587086774693226 ], [ 5.699385896218431, 51.58411653453674 ], [ 5.687102538532955, 51.583806709885231 ], [ 5.685529466159073, 51.583736232513893 ], [ 5.660201953845103, 51.582977932314158 ], [ 5.658053963960359, 51.583151369082721 ], [ 5.65135725139028, 51.582360196537209 ], [ 5.652673049796828, 51.578317186932949 ], [ 5.6542438402921, 51.576400521605308 ], [ 5.656517496308913, 51.574794841071856 ], [ 5.656486087752632, 51.574268743305119 ], [ 5.656094470206154, 51.573678019922603 ], [ 5.654379974627852, 51.571255143453214 ], [ 5.652485789161545, 51.56967852338115 ], [ 5.640335143880971, 51.564418255153157 ], [ 5.625670014311785, 51.555099320918117 ], [ 5.621795352719483, 51.553268543232484 ], [ 5.619234008827287, 51.553996077119031 ], [ 5.618192415511262, 51.555841531035455 ], [ 5.614225132454341, 51.554604721351382 ], [ 5.607416138837899, 51.559693023129604 ], [ 5.584340985611722, 51.562731391317882 ], [ 5.5553372244439, 51.558524631338358 ], [ 5.545239651813644, 51.558096407254183 ], [ 5.533083050327249, 51.557803641870393 ], [ 5.537947252783092, 51.55131873916396 ], [ 5.545207344740525, 51.54168695904746 ], [ 5.543042784155194, 51.540000690526483 ], [ 5.547437344072707, 51.53773203260991 ], [ 5.530863591734274, 51.525048675319766 ], [ 5.525047826071297, 51.521869004292157 ], [ 5.522613573418311, 51.523430817089086 ], [ 5.521603313183823, 51.522448583652441 ], [ 5.521064775352412, 51.522902441283712 ], [ 5.519781761859638, 51.522464713586047 ], [ 5.514551348098417, 51.523249103687419 ], [ 5.51303045482648, 51.524296374832282 ], [ 5.508931407757442, 51.522687030864255 ], [ 5.508341081680088, 51.523827718685588 ], [ 5.506564941943957, 51.52303670730879 ], [ 5.505453341388338, 51.521667279659226 ], [ 5.500108861965664, 51.521377103001512 ], [ 5.499923882317765, 51.525203542986503 ], [ 5.503342825601314, 51.525789177928708 ], [ 5.503725146865265, 51.526496453545434 ], [ 5.50257155912085, 51.527293174826994 ], [ 5.501858418684686, 51.526726866219647 ], [ 5.501898241891133, 51.527437135547913 ], [ 5.498271528741384, 51.52852964457805 ], [ 5.496452520420048, 51.527048715185643 ], [ 5.494253692437788, 51.527206374153536 ], [ 5.493449072240688, 51.526685553696694 ], [ 5.488815413741941, 51.533285212956777 ], [ 5.487944593958292, 51.541362621684968 ], [ 5.487145717790996, 51.541848370654783 ], [ 5.482749516757661, 51.541571135998801 ], [ 5.468283847222851, 51.540646795118136 ], [ 5.457009874674745, 51.538011740467539 ], [ 5.437412300973904, 51.533972806019868 ], [ 5.434424361682381, 51.534328054934775 ], [ 5.431572648864797, 51.53334689160662 ], [ 5.429834783780996, 51.534970139544967 ], [ 5.423842807511351, 51.534055099195804 ], [ 5.422977942821118, 51.533940664707309 ], [ 5.422158155797316, 51.536910744060151 ], [ 5.420303506887189, 51.538565174079793 ], [ 5.416343266651474, 51.540389404075185 ], [ 5.414583390895463, 51.540621540703462 ], [ 5.412045088306289, 51.542699937128774 ], [ 5.410935744501103, 51.54226908446843 ], [ 5.405360289030632, 51.548353268089983 ], [ 5.40423333534287, 51.548291669653807 ], [ 5.388166034881616, 51.544332332787363 ], [ 5.382674972278291, 51.543728446905781 ], [ 5.36852003914678, 51.543523190343024 ], [ 5.365170911839069, 51.545003026698026 ], [ 5.356910779416933, 51.544716573592098 ], [ 5.350846246038111, 51.544235723681638 ], [ 5.343931944375863, 51.54447086559005 ], [ 5.337193398382031, 51.546402723137355 ], [ 5.333135885658849, 51.551108364031322 ], [ 5.324943136863709, 51.551208370661826 ], [ 5.308395626189729, 51.545979832035776 ], [ 5.298993751411897, 51.547848798789751 ], [ 5.273270948237091, 51.552820793855645 ], [ 5.268900065394559, 51.553726625817369 ], [ 5.264412407728961, 51.557969383980144 ], [ 5.261454601893912, 51.561130432760145 ], [ 5.246177657263301, 51.579478142367364 ], [ 5.247207483205688, 51.586779848289353 ], [ 5.247241353485094, 51.587040488693638 ], [ 5.247942213343855, 51.589798142759058 ], [ 5.255452315189974, 51.593472794061952 ], [ 5.262196617590353, 51.599350172461058 ], [ 5.268813378183743, 51.60096715460184 ], [ 5.275664517964696, 51.604405492641327 ], [ 5.278743577595759, 51.604790478562499 ], [ 5.275221139491266, 51.607841786842606 ], [ 5.269239503057126, 51.609608730918254 ], [ 5.268820716569324, 51.612537754647171 ], [ 5.264000366523645, 51.618229736221672 ], [ 5.260420132030065, 51.621102301574815 ], [ 5.255499564397095, 51.624928425061363 ], [ 5.246171410863266, 51.622654685733558 ], [ 5.246668939302036, 51.620834093054526 ], [ 5.244372340147932, 51.6185497392675 ], [ 5.242374575544214, 51.617988618497421 ], [ 5.241984406642074, 51.617923894048772 ], [ 5.23991553554414, 51.618825128699321 ], [ 5.237586212781114, 51.618966595271083 ], [ 5.236940296765541, 51.618137112268037 ], [ 5.228192406329291, 51.615889150386465 ], [ 5.225928672411199, 51.615958466362102 ], [ 5.224114612860295, 51.616439152411466 ], [ 5.2239541654091, 51.618306978488334 ], [ 5.222010221916581, 51.619748113101473 ], [ 5.222395311324376, 51.621843908904417 ], [ 5.210711377326612, 51.615588417134553 ], [ 5.207809957315866, 51.620201446619255 ], [ 5.207876385652375, 51.620404744019154 ], [ 5.202768109966964, 51.622621813019727 ], [ 5.201219346510413, 51.623962012062023 ], [ 5.195884188446538, 51.627979747974052 ], [ 5.193660949647803, 51.630613654600275 ], [ 5.192978597489153, 51.634261724799529 ], [ 5.192229867215516, 51.634446233767761 ], [ 5.191292370621025, 51.636886654828658 ], [ 5.191991292744604, 51.638090145320426 ], [ 5.191821269008258, 51.63947733137514 ], [ 5.184009279456192, 51.640677709358485 ], [ 5.17957727386827, 51.63989306345902 ], [ 5.178968092265905, 51.641661425045356 ], [ 5.17792862399795, 51.641623959504976 ], [ 5.178393654934187, 51.639680842394256 ], [ 5.1720596470891, 51.638896540486201 ], [ 5.16006567337184, 51.639535655940378 ], [ 5.154451888102577, 51.654919099908874 ], [ 5.156958128979915, 51.657759843196047 ], [ 5.157672727480564, 51.663274741258711 ], [ 5.161767291604871, 51.663447623371816 ], [ 5.166798144411885, 51.669047440944404 ], [ 5.174878084482025, 51.669193437166747 ], [ 5.204776630989626, 51.66982208547573 ], [ 5.202264399965075, 51.670610764980907 ], [ 5.20794839846266, 51.673955995592578 ], [ 5.223227611657627, 51.673781971291227 ], [ 5.225743784501255, 51.683861135321536 ], [ 5.226157761729874, 51.690030807516294 ], [ 5.226818914031245, 51.690850881577731 ], [ 5.228740668927187, 51.691352491953317 ], [ 5.248383629701087, 51.695002592518421 ], [ 5.248484530166996, 51.695096462882049 ], [ 5.248916016184846, 51.697130800147072 ], [ 5.251569345928822, 51.699371792099356 ], [ 5.251334184432371, 51.699782861271622 ], [ 5.248929100060427, 51.701244373746349 ], [ 5.248174049193329, 51.701102918936748 ], [ 5.247012610663293, 51.702735383685585 ], [ 5.241120328261439, 51.701025536854729 ], [ 5.238987423092563, 51.702043867937881 ], [ 5.237273972947852, 51.704761261834484 ], [ 5.23575644719895, 51.704653067753391 ], [ 5.236208129686323, 51.70616654832795 ], [ 5.241204243149667, 51.71398888587288 ], [ 5.229977435330912, 51.710569560407876 ], [ 5.229313520324697, 51.712287589979432 ], [ 5.228535670681968, 51.714767758700361 ], [ 5.231063303453556, 51.724016234581015 ], [ 5.227517414759227, 51.727150811394871 ], [ 5.224884043128653, 51.726655437317866 ], [ 5.221743798535968, 51.729386197161524 ], [ 5.219346146689772, 51.728150668474981 ], [ 5.215156202836088, 51.731331971118841 ], [ 5.210015473845987, 51.733946104173555 ], [ 5.210531280142979, 51.734385564505061 ], [ 5.210068757198246, 51.73541417255057 ], [ 5.210440983245238, 51.735480170117569 ], [ 5.209495331514108, 51.737368027404344 ], [ 5.210374931730597, 51.737711098178906 ], [ 5.20649417355845, 51.741477184571579 ], [ 5.195524362743061, 51.740273186983856 ], [ 5.185699795362008, 51.741917556211433 ], [ 5.17726006915511, 51.742917749808456 ], [ 5.168836828788012, 51.743073866135454 ], [ 5.163496630013301, 51.74270234088003 ], [ 5.128054699486863, 51.737607142346228 ], [ 5.126608001626233, 51.737928969100714 ], [ 5.12598449022953, 51.739629192430215 ], [ 5.125591438734124, 51.743226604570545 ], [ 5.126335921961405, 51.745021483112829 ], [ 5.138112603266311, 51.750726292466389 ], [ 5.142713817062305, 51.755210226423642 ], [ 5.137652478001221, 51.757628251852012 ], [ 5.135890658785915, 51.760319744706933 ], [ 5.136350157314343, 51.763916454324388 ], [ 5.138687566992999, 51.767452845479724 ], [ 5.139649074170331, 51.770219389493924 ], [ 5.137580795151412, 51.772905259969555 ], [ 5.118645301248375, 51.777812653890805 ], [ 5.116087977850806, 51.778923630234566 ], [ 5.108970222586282, 51.783578115268988 ], [ 5.104858127900155, 51.785725087590521 ], [ 5.100277636024242, 51.787150529087839 ], [ 5.095890395173819, 51.78764758538891 ], [ 5.09143788935883, 51.78693304408425 ], [ 5.087201835146672, 51.785095481325705 ], [ 5.081953429155902, 51.780712647219438 ], [ 5.078539165220532, 51.779563744456425 ], [ 5.074248653527929, 51.779070066887805 ], [ 5.069854877758615, 51.779548783604447 ], [ 5.066966171072742, 51.780553179938906 ], [ 5.061043559413441, 51.785282721625151 ], [ 5.057119317734001, 51.790695359136762 ], [ 5.052579438917634, 51.795290644942419 ], [ 5.048146340110459, 51.798113901082559 ], [ 5.044479707553497, 51.799326112183365 ], [ 5.038597533065808, 51.800965739222917 ], [ 5.026178724197704, 51.80396497031137 ], [ 5.024246902379331, 51.804770672543931 ], [ 5.015970383753096, 51.808221860838842 ], [ 5.012426725510013, 51.810648083994103 ], [ 5.010307524648761, 51.813010445251322 ], [ 5.010102677687023, 51.816608377694251 ], [ 5.009344103960625, 51.817512037203635 ], [ 5.000363907649196, 51.820933382773724 ], [ 5.012996075252313, 51.820725753288229 ], [ 5.026351766763361, 51.818856739916953 ], [ 5.035123693507219, 51.817500387461216 ], [ 5.039864455978506, 51.817315292970981 ], [ 5.050726760464155, 51.818533031211203 ], [ 5.07411030941068, 51.825820788886801 ], [ 5.0824542348251, 51.826847853010236 ], [ 5.089867742700475, 51.826642501167974 ], [ 5.10098155909307, 51.824457009431022 ], [ 5.118358310828507, 51.817904924443894 ], [ 5.121759413137803, 51.816607111830379 ], [ 5.127341683311996, 51.815163011878447 ], [ 5.134906381162292, 51.814218839069341 ], [ 5.140453697869694, 51.814093060857452 ], [ 5.148703597982212, 51.81501668818882 ], [ 5.159280339727086, 51.816479911226317 ], [ 5.170642981869229, 51.817032406193178 ], [ 5.176743395342202, 51.816349030492269 ], [ 5.195123006484557, 51.811509710068592 ], [ 5.203272348114647, 51.810240661578739 ], [ 5.212881999614107, 51.81004888317419 ], [ 5.220700683511052, 51.81090452439345 ], [ 5.235457174354424, 51.814482212845576 ], [ 5.237415982004504, 51.815020706146036 ], [ 5.247175454345989, 51.817122349615076 ], [ 5.279514787446026, 51.820740682523962 ], [ 5.281717973341229, 51.82120751418325 ], [ 5.29055341618485, 51.823235205825512 ], [ 5.297845703365956, 51.824057285732728 ], [ 5.304600300762133, 51.823963353177597 ], [ 5.311269551559325, 51.823144415759074 ], [ 5.316328372143325, 51.821796947209805 ], [ 5.324842666811741, 51.81780699789357 ], [ 5.326105155488768, 51.817008600534791 ], [ 5.328299181931772, 51.815250659288687 ], [ 5.333551008172002, 51.810348992773832 ], [ 5.339032094019697, 51.806594145045217 ], [ 5.343677405108738, 51.804859147067653 ], [ 5.347068309128082, 51.804234878634368 ], [ 5.347412137836948, 51.804186378014691 ], [ 5.354082559044399, 51.804206460491649 ], [ 5.361095867933307, 51.805719689156994 ], [ 5.365796306095346, 51.807953554409515 ], [ 5.370683523419813, 51.811952038752516 ], [ 5.384391410097796, 51.827291797808222 ], [ 5.393419546977249, 51.833793243583699 ], [ 5.40063321565599, 51.837658770487856 ], [ 5.40533860898151, 51.834653427414594 ] ] ] ] } },
{ "type": "Feature", "properties": { "fid": 18, "ck_zk": "ZK20", "jrstatcode": "2025ZK20", "statnaam": "Rotterdam", "rubriek": "zorgkantoorregio", "id": 18 }, "geometry": { "type": "MultiPolygon", "coordinates": [ [ [ [ 4.150957937031071, 51.987618444527591 ], [ 4.148942117977594, 51.985094086969433 ], [ 4.149954712930318, 51.984810508119203 ], [ 4.147280704750779, 51.981393283853414 ], [ 4.15530332084326, 51.979599943551747 ], [ 4.155062571378719, 51.977838057864005 ], [ 4.169605429373052, 51.973973308404311 ], [ 4.175898189133519, 51.97169378915175 ], [ 4.187474597752582, 51.96681771872781 ], [ 4.186580094350163, 51.965869082927185 ], [ 4.187917965618646, 51.965391777903356 ], [ 4.19060881590732, 51.965981620677226 ], [ 4.19119613300483, 51.965444845279563 ], [ 4.189369477250389, 51.964757857552648 ], [ 4.186723852234215, 51.962675914600851 ], [ 4.192396037367463, 51.954805939411209 ], [ 4.217823717603746, 51.941636672420955 ], [ 4.219528776329471, 51.94139967883217 ], [ 4.212717692054358, 51.933727463540748 ], [ 4.219932479983811, 51.93046814565735 ], [ 4.222905247072749, 51.928764097605921 ], [ 4.22938975332296, 51.923305506319096 ], [ 4.232166657004711, 51.920709447636035 ], [ 4.236464810485525, 51.917303297470426 ], [ 4.244198147955053, 51.913742817767869 ], [ 4.255428780082287, 51.910170615160752 ], [ 4.266183407751917, 51.905904043515356 ], [ 4.267571210650752, 51.905335042626433 ], [ 4.281886347797498, 51.900152151467267 ], [ 4.296372644642978, 51.897052940019378 ], [ 4.319448016850891, 51.894589206476866 ], [ 4.319596767028284, 51.894574630732826 ], [ 4.330956988724404, 51.894102531519692 ], [ 4.341071031122672, 51.895341917087912 ], [ 4.34979757355402, 51.897670262970593 ], [ 4.360034665560923, 51.899431383513857 ], [ 4.370622684571089, 51.899355527535334 ], [ 4.372137426845995, 51.899188322322587 ], [ 4.380173412760717, 51.897925302082584 ], [ 4.388344082557973, 51.896779114730755 ], [ 4.393419953490678, 51.896735899723886 ], [ 4.399034080804062, 51.897416839034847 ], [ 4.409712775142862, 51.899857878402685 ], [ 4.409757400682799, 51.899867921625749 ], [ 4.413710315534412, 51.900754623262479 ], [ 4.412338317473845, 51.902421113047559 ], [ 4.415676954514744, 51.905024782168496 ], [ 4.413297725760001, 51.907284411408902 ], [ 4.413445571231238, 51.907678798821394 ], [ 4.411346263709198, 51.91027274648502 ], [ 4.409999308331459, 51.90985247246315 ], [ 4.40954194695666, 51.910417011310521 ], [ 4.409075321291521, 51.912049735682494 ], [ 4.412209998218534, 51.913239123741 ], [ 4.412739207969259, 51.913914170468949 ], [ 4.413506286020285, 51.913952672166502 ], [ 4.413601162791426, 51.914585138303785 ], [ 4.415265713156399, 51.914484774824082 ], [ 4.415697051130478, 51.915938138785258 ], [ 4.415827290217769, 51.915930479044455 ], [ 4.416345884083881, 51.91756982065052 ], [ 4.417076716808975, 51.919947525208812 ], [ 4.417064331020424, 51.920423702056716 ], [ 4.417054445118012, 51.920823998037058 ], [ 4.416861452623069, 51.923121643962872 ], [ 4.415234985114908, 51.922970371591802 ], [ 4.410496281519597, 51.92929156196157 ], [ 4.409874638119642, 51.929112515948653 ], [ 4.408172588344192, 51.931414201550197 ], [ 4.408808613920595, 51.934748951790091 ], [ 4.408978508461493, 51.935784692967367 ], [ 4.409810608896985, 51.936339113039494 ], [ 4.413262652764885, 51.936815733354756 ], [ 4.414762317201452, 51.937374171899926 ], [ 4.416414513710168, 51.938154797660012 ], [ 4.417712926994255, 51.938476592663505 ], [ 4.41549216955057, 51.940758543251967 ], [ 4.413207302406361, 51.939057745762966 ], [ 4.40931718024313, 51.937981496367129 ], [ 4.408517596210978, 51.938636598155917 ], [ 4.403920167593328, 51.937252615118936 ], [ 4.394977049171374, 51.942908743097668 ], [ 4.394215967120449, 51.943999491464076 ], [ 4.393447922441628, 51.944259520757861 ], [ 4.393478281405655, 51.944465081622852 ], [ 4.393668899765799, 51.944612670623918 ], [ 4.39492064198247, 51.946457531505771 ], [ 4.395187814940512, 51.94692704158961 ], [ 4.394351937421914, 51.947109668398255 ], [ 4.389671904661457, 51.945472280716984 ], [ 4.389420745519233, 51.945669810900888 ], [ 4.388933356561257, 51.945535046890384 ], [ 4.384001230673727, 51.954692994121729 ], [ 4.379309465356386, 51.963406626852823 ], [ 4.389779413198665, 51.965126401825586 ], [ 4.38994741435789, 51.964601712912753 ], [ 4.391751956632881, 51.964921044798437 ], [ 4.393564126948403, 51.962471635381029 ], [ 4.393987500801391, 51.962631503815864 ], [ 4.402933412547201, 51.966316314442864 ], [ 4.407910876301374, 51.968198605790896 ], [ 4.42789835738201, 51.976466463106291 ], [ 4.428968373161806, 51.975876112192545 ], [ 4.446682075558126, 51.962785953933306 ], [ 4.45088308090214, 51.965884893036659 ], [ 4.456824517679169, 51.967310986883327 ], [ 4.460374671390906, 51.969101427780707 ], [ 4.460161339566186, 51.97160876137962 ], [ 4.462220536279353, 51.972681412207415 ], [ 4.461346480515528, 51.974837215063488 ], [ 4.461676332903194, 51.975121952964955 ], [ 4.464023131808533, 51.977147668453192 ], [ 4.463240984034006, 51.977526513496599 ], [ 4.46412460088469, 51.978307015902999 ], [ 4.465802683599121, 51.978929712617393 ], [ 4.466680222353719, 51.978498317527588 ], [ 4.468186663606151, 51.979266745539547 ], [ 4.469451168156174, 51.980187499916887 ], [ 4.468874874103436, 51.980479734416015 ], [ 4.468971629120852, 51.980528674284336 ], [ 4.469012149879079, 51.980549160214323 ], [ 4.469515818573157, 51.980300652065239 ], [ 4.470558121874793, 51.9797795658653 ], [ 4.483251765326537, 51.973362328986902 ], [ 4.491006869641896, 51.969549670446604 ], [ 4.495234071650266, 51.967414991863826 ], [ 4.495799687562483, 51.97184448688553 ], [ 4.496857183189615, 51.971305838731766 ], [ 4.506584479066738, 51.966375765034329 ], [ 4.505844165986531, 51.965652026957819 ], [ 4.512246845668069, 51.962420409241133 ], [ 4.513103275781196, 51.96292169203074 ], [ 4.513900700195697, 51.962653758281135 ], [ 4.518586476868772, 51.960286285429085 ], [ 4.52094659590086, 51.963407937250309 ], [ 4.523653751039617, 51.96392492612069 ], [ 4.527821685843151, 51.965658696961647 ], [ 4.528759909217327, 51.96702363980642 ], [ 4.534985106983377, 51.968272302566234 ], [ 4.535782340945393, 51.970447838081768 ], [ 4.539951359985163, 51.969885139818054 ], [ 4.545651914286335, 51.972319551643935 ], [ 4.547686282475619, 51.972806611772029 ], [ 4.554215334525766, 51.968920692526972 ], [ 4.556401746004576, 51.96885466589589 ], [ 4.556585946963042, 51.968466041333947 ], [ 4.560547644268938, 51.969622159173348 ], [ 4.5613988971597, 51.970275226811523 ], [ 4.561104694552362, 51.970525021457831 ], [ 4.561651900526621, 51.970761757304196 ], [ 4.561544493743846, 51.970851073661812 ], [ 4.561151941207294, 51.971177503336918 ], [ 4.562413739012375, 51.971926719083342 ], [ 4.562897532482689, 51.97152076978324 ], [ 4.563367733059003, 51.971727924761069 ], [ 4.565382353347639, 51.971275688304758 ], [ 4.566936032165548, 51.971189814924259 ], [ 4.570275663387738, 51.972024093807946 ], [ 4.571378950127825, 51.971919177268951 ], [ 4.571908917480722, 51.971868776094468 ], [ 4.574363305164762, 51.97287621169545 ], [ 4.574112344539846, 51.973086525994233 ], [ 4.578543975900878, 51.975535393671045 ], [ 4.57899981884374, 51.975787194802962 ], [ 4.578524470852409, 51.976188009350217 ], [ 4.577921191417467, 51.975854430005811 ], [ 4.577446931380006, 51.976249225387534 ], [ 4.574303882403634, 51.974509474431521 ], [ 4.57352940212839, 51.974576118836396 ], [ 4.570229901065462, 51.979030101058846 ], [ 4.578918486813049, 51.981134202140439 ], [ 4.57731222779994, 51.986404833207757 ], [ 4.579687158051776, 51.987267158297875 ], [ 4.578727661254709, 51.988548539219067 ], [ 4.579736358708388, 51.988836447408396 ], [ 4.578942894191762, 51.989860656226774 ], [ 4.594367517497419, 51.994281553453384 ], [ 4.598773041128196, 51.987968593373161 ], [ 4.594128269019564, 51.977629441447256 ], [ 4.59442854264025, 51.977117614940134 ], [ 4.593840759269788, 51.976777314626005 ], [ 4.593740613130939, 51.97608859255697 ], [ 4.594181566469593, 51.975440365736631 ], [ 4.601808262598599, 51.972140100960928 ], [ 4.590690596333325, 51.968231845445999 ], [ 4.590021946536619, 51.968580962146007 ], [ 4.583992414024661, 51.965368966697184 ], [ 4.588460073493366, 51.961602589377165 ], [ 4.590188742099619, 51.960142839268897 ], [ 4.595049461126701, 51.95603700612066 ], [ 4.595332502691564, 51.955797899670983 ], [ 4.59939236642667, 51.951984186409064 ], [ 4.602068262792452, 51.949475598345721 ], [ 4.599742538563236, 51.94766615360458 ], [ 4.603699192593064, 51.944807875079611 ], [ 4.605905465549378, 51.943232343426068 ], [ 4.610497085360787, 51.939908946713146 ], [ 4.614245806600324, 51.93723101454399 ], [ 4.618924069931186, 51.933895042566924 ], [ 4.619488624484371, 51.933492268470182 ], [ 4.61770393282102, 51.931050141757787 ], [ 4.623664845769215, 51.92628526246407 ], [ 4.630587080973748, 51.921433715093521 ], [ 4.643018854951964, 51.912569406466481 ], [ 4.642782955449651, 51.912457752069486 ], [ 4.635151674349967, 51.910070418543064 ], [ 4.623217754783024, 51.908536175081572 ], [ 4.601463716333021, 51.906997697556442 ], [ 4.596826281267663, 51.907811452957056 ], [ 4.596768988757145, 51.907805020079863 ], [ 4.595173304550954, 51.907082121755906 ], [ 4.59673298720624, 51.9057575875552 ], [ 4.593510900543097, 51.904101590148592 ], [ 4.593083546265007, 51.904679854660266 ], [ 4.592520039348824, 51.904406385261353 ], [ 4.592212981832892, 51.90560117389122 ], [ 4.588747706695679, 51.904187425120185 ], [ 4.589098556136356, 51.902367495226606 ], [ 4.58419110319559, 51.903905422944142 ], [ 4.582034793074745, 51.904086495255946 ], [ 4.57632845404583, 51.903031720417992 ], [ 4.575905610971698, 51.901252660639855 ], [ 4.576095529979914, 51.899373849201034 ], [ 4.575599416293247, 51.898057602225734 ], [ 4.575407535838377, 51.898082712407309 ], [ 4.573467546655688, 51.892085046507169 ], [ 4.573463601902354, 51.891639161154288 ], [ 4.573148668375642, 51.891220172854823 ], [ 4.568906052254884, 51.878325175652584 ], [ 4.569146146904448, 51.878180356496514 ], [ 4.568911738282622, 51.878052037145061 ], [ 4.567737373740171, 51.878176991043176 ], [ 4.561525615225948, 51.878218615700092 ], [ 4.557845640441976, 51.876919297354213 ], [ 4.554872629324308, 51.875559903681406 ], [ 4.551912147299504, 51.874690686374173 ], [ 4.549253301815452, 51.874200892452969 ], [ 4.549383136969257, 51.874027230743685 ], [ 4.548184853395662, 51.873835505271913 ], [ 4.544942842958526, 51.872307474097326 ], [ 4.544250032255637, 51.872302458137561 ], [ 4.543984758618985, 51.871855870056692 ], [ 4.543398017577948, 51.871312182567145 ], [ 4.542970938001779, 51.871129635647058 ], [ 4.54263357132726, 51.870844973138595 ], [ 4.539971591555808, 51.870178649550319 ], [ 4.536396887285781, 51.869764170309388 ], [ 4.535295404828659, 51.869338896481416 ], [ 4.532026633344496, 51.868776712979631 ], [ 4.529503859505104, 51.868948491676051 ], [ 4.526848944824149, 51.869414801944153 ], [ 4.526018496643912, 51.869730572177382 ], [ 4.5226310389282, 51.8690780457394 ], [ 4.515239464451644, 51.869036622250164 ], [ 4.515233805286385, 51.869036578437246 ], [ 4.496455519854449, 51.868970892797435 ], [ 4.494389816512613, 51.868968904955899 ], [ 4.488752724729896, 51.867348161429881 ], [ 4.487175195830216, 51.867171497942962 ], [ 4.485694028790092, 51.866570525970751 ], [ 4.48354337784474, 51.865905492791093 ], [ 4.48170318218863, 51.865437025017741 ], [ 4.48152564236557, 51.865432504525401 ], [ 4.48072831548206, 51.865266357751047 ], [ 4.480087902478355, 51.865275921718172 ], [ 4.48040261540678, 51.862327561558033 ], [ 4.47186278678081, 51.861667237871522 ], [ 4.465228559251217, 51.862018487985473 ], [ 4.446475413973209, 51.866050916243353 ], [ 4.442149506899566, 51.866245320236388 ], [ 4.440240799870203, 51.866418271291259 ], [ 4.44024071291452, 51.866418332613136 ], [ 4.436530165603116, 51.868573550907783 ], [ 4.431736339636821, 51.869808557191668 ], [ 4.430227634954077, 51.869409249743661 ], [ 4.428368704063298, 51.87037810747097 ], [ 4.417618767301462, 51.872421057661754 ], [ 4.415823703510466, 51.872436283991362 ], [ 4.415001337811079, 51.871736267472535 ], [ 4.414629548252655, 51.871892130458988 ], [ 4.413698930750074, 51.871743052634031 ], [ 4.411500991230752, 51.871632671745729 ], [ 4.406300481491421, 51.872991093858296 ], [ 4.394846160952357, 51.872332708461748 ], [ 4.390431611163763, 51.870579678767292 ], [ 4.388355558409976, 51.868624941387068 ], [ 4.388021634781203, 51.868247004890762 ], [ 4.386368657589366, 51.86638099924842 ], [ 4.384436620481974, 51.861561619029544 ], [ 4.384349983266147, 51.861244648349327 ], [ 4.384347890576439, 51.861236987205459 ], [ 4.384347880105453, 51.861236935879226 ], [ 4.383512466592058, 51.857369764837834 ], [ 4.385021891659074, 51.855531798872235 ], [ 4.385162228545387, 51.853759222251526 ], [ 4.384909350795645, 51.853598867877167 ], [ 4.385067352680309, 51.853431511577782 ], [ 4.383228670734808, 51.852402151042369 ], [ 4.383664524768482, 51.842118255154816 ], [ 4.372089009900396, 51.843348141827526 ], [ 4.360778874073875, 51.846459565333681 ], [ 4.353630211018931, 51.849052940958408 ], [ 4.346271913259289, 51.853288897628254 ], [ 4.341555236790271, 51.85709709434434 ], [ 4.339718875591644, 51.859383503071157 ], [ 4.339651997714201, 51.859460618794458 ], [ 4.335539757588365, 51.864301790802955 ], [ 4.283792337774493, 51.864476320498895 ], [ 4.265031130894074, 51.86476725304076 ], [ 4.25975840251041, 51.865803319577367 ], [ 4.252577767114453, 51.868259550314036 ], [ 4.239383150979978, 51.872985910997912 ], [ 4.2329696161244, 51.87748579976936 ], [ 4.23002952991842, 51.883063135908124 ], [ 4.228998350640212, 51.885684610037032 ], [ 4.220067070282497, 51.896066955000428 ], [ 4.215907411590821, 51.898937717190684 ], [ 4.210704539746001, 51.901338676991507 ], [ 4.197099116192784, 51.90830135980692 ], [ 4.185370770790075, 51.912885510146992 ], [ 4.176772602697362, 51.917789308374275 ], [ 4.172712276141577, 51.918550082709402 ], [ 4.172385344114656, 51.91858599078094 ], [ 4.168186804762118, 51.919057017385718 ], [ 4.167018188438662, 51.923125487489742 ], [ 4.162668514566888, 51.926651947050168 ], [ 4.144889679494005, 51.931409461202044 ], [ 4.11305569233852, 51.935740710273841 ], [ 4.112674942931381, 51.934798479755024 ], [ 4.107723826765164, 51.936141607768711 ], [ 4.101719639983708, 51.927009279077751 ], [ 4.102002703544944, 51.92353049084641 ], [ 4.102002503278962, 51.923530376291282 ], [ 4.092893892431784, 51.932527941077218 ], [ 4.08283753682446, 51.93367142864404 ], [ 4.073716311081518, 51.933628500899104 ], [ 4.063935341602892, 51.932227117090598 ], [ 3.993527780788627, 51.915848094271745 ], [ 3.989990453130285, 51.917349106651784 ], [ 3.986751074001237, 51.916123170424335 ], [ 3.985221077792964, 51.916247879662308 ], [ 3.983794079643662, 51.91809545778694 ], [ 3.976075137400669, 51.934320474339401 ], [ 3.9635003786769, 51.954198431306239 ], [ 3.962386773672418, 51.96154270742575 ], [ 3.964821408819637, 51.966881450352595 ], [ 3.97726601117977, 51.980569672983471 ], [ 3.980748663333631, 51.983587375975766 ], [ 3.984075251972037, 51.985143349570031 ], [ 3.996621586719472, 51.988002625441041 ], [ 4.004095375978255, 51.989037734049113 ], [ 4.010626645958872, 51.988555589656976 ], [ 4.023864898065568, 51.985768120874916 ], [ 4.028523746508012, 51.98709204586347 ], [ 4.032728627744961, 51.987496968157927 ], [ 4.04168549512258, 51.985970759932144 ], [ 4.045601975636749, 51.991917876691893 ], [ 4.047148100779457, 51.994336741374106 ], [ 4.048176947509807, 51.994246905981854 ], [ 4.093336386289677, 51.984979617658219 ], [ 4.097016966263733, 51.98504835845705 ], [ 4.110139138075267, 51.9920032094888 ], [ 4.125302909748147, 52.001640581222311 ], [ 4.132517232658635, 51.998542767535987 ], [ 4.130987262819898, 51.997179317206815 ], [ 4.132363284267339, 51.995460031477869 ], [ 4.135567118724703, 51.992702927157566 ], [ 4.138613383043041, 51.991647224459918 ], [ 4.150957937031071, 51.987618444527591 ] ] ] ] } },
{ "type": "Feature", "properties": { "fid": 19, "ck_zk": "ZK21", "jrstatcode": "2025ZK21", "statnaam": "'t Gooi", "rubriek": "zorgkantoorregio", "id": 19 }, "geometry": { "type": "MultiPolygon", "coordinates": [ [ [ [ 5.32633196617425, 52.290790865663311 ], [ 5.327100387576876, 52.290325664736443 ], [ 5.315650456057234, 52.292703544444961 ], [ 5.315468929287546, 52.294919459497962 ], [ 5.324202529593698, 52.294877572103168 ], [ 5.3286660750065, 52.292444351404676 ], [ 5.32633196617425, 52.290790865663311 ] ] ], [ [ [ 5.040005747654829, 52.334977639403363 ], [ 5.037667496899091, 52.334603640589563 ], [ 5.037201288876994, 52.337428710758545 ], [ 5.036279344048733, 52.337798025727274 ], [ 5.032820792964432, 52.33809642845484 ], [ 5.032787078668775, 52.338276836466747 ], [ 5.034560656861153, 52.338307392196377 ], [ 5.038945485728482, 52.337582242702567 ], [ 5.041975660692551, 52.336516263185295 ], [ 5.040005747654829, 52.334977639403363 ] ] ], [ [ [ 5.106933994932636, 52.345592699422063 ], [ 5.109798516093584, 52.34368298789618 ], [ 5.109700651963808, 52.343632756580121 ], [ 5.109216719183161, 52.343982811356689 ], [ 5.108007143803461, 52.343366481477162 ], [ 5.103626422564352, 52.345997746427209 ], [ 5.102564104108498, 52.346275081720357 ], [ 5.102200136229548, 52.346868811565656 ], [ 5.100370408562883, 52.347158734790455 ], [ 5.100337088739392, 52.347214810741555 ], [ 5.102715995362429, 52.346868887506119 ], [ 5.106933994932636, 52.345592699422063 ] ] ], [ [ [ 5.081052404462953, 52.345462558412081 ], [ 5.079636028726245, 52.344464572116074 ], [ 5.080819734196396, 52.345689191660881 ], [ 5.086751404573955, 52.346661967606437 ], [ 5.088320377347785, 52.347386408171083 ], [ 5.088377253004547, 52.347289284576945 ], [ 5.086948537761057, 52.346575934531579 ], [ 5.081052404462953, 52.345462558412081 ] ] ], [ [ [ 5.070009727494535, 52.364233726990165 ], [ 5.069259699883951, 52.364077092181844 ], [ 5.068032320430738, 52.364262180153446 ], [ 5.067671048007506, 52.365249630314402 ], [ 5.0685241946698, 52.365531624634833 ], [ 5.069879549983155, 52.36538711220701 ], [ 5.070009727494535, 52.364233726990165 ] ] ], [ [ [ 5.267984044295544, 52.427365348037945 ], [ 5.275812367200888, 52.42331691905683 ], [ 5.318862570269009, 52.410709703722645 ], [ 5.334836650608485, 52.405734339784566 ], [ 5.343710279279663, 52.401242187980436 ], [ 5.34951417600784, 52.401467949322388 ], [ 5.350772403621867, 52.400208678682574 ], [ 5.348168362396805, 52.397028321133206 ], [ 5.346371308480501, 52.396113596975638 ], [ 5.339353278149382, 52.395812772786662 ], [ 5.332369857429784, 52.393246332915759 ], [ 5.332933997846977, 52.39277276062532 ], [ 5.313516994501001, 52.385741413191624 ], [ 5.313039483138419, 52.386252776432585 ], [ 5.301244499218823, 52.381986436512229 ], [ 5.337490240707668, 52.350373844202778 ], [ 5.350545192002868, 52.339038370903658 ], [ 5.379156126093411, 52.314108646571228 ], [ 5.354006256122254, 52.309407294464975 ], [ 5.350497021675355, 52.309231721424901 ], [ 5.344923444652446, 52.309939004330474 ], [ 5.333504844682798, 52.314273709047995 ], [ 5.332929871835805, 52.313887666057944 ], [ 5.317162081619427, 52.303558737422264 ], [ 5.315988482751921, 52.304147103675504 ], [ 5.313903230914413, 52.303100865160282 ], [ 5.317183610008848, 52.30058869845481 ], [ 5.314437293814445, 52.301022397040128 ], [ 5.311073105290625, 52.299919661133906 ], [ 5.308255657411718, 52.299805402803315 ], [ 5.304318090601039, 52.29734277325732 ], [ 5.303115413288402, 52.295219444710021 ], [ 5.299720227403052, 52.294523096318741 ], [ 5.297231901544973, 52.293160551816023 ], [ 5.295532522503772, 52.289955909740293 ], [ 5.295883193004606, 52.288584894425036 ], [ 5.296553497442504, 52.286688225328959 ], [ 5.30646538613894, 52.277605656769609 ], [ 5.308873577859773, 52.276385764441514 ], [ 5.310669386943262, 52.274300209689393 ], [ 5.315450102204617, 52.274101462586358 ], [ 5.321053367307199, 52.272396628200049 ], [ 5.327448303277161, 52.273693499949587 ], [ 5.331240842385961, 52.273610670719748 ], [ 5.32853425022131, 52.268705831767342 ], [ 5.326728403840277, 52.266144930714276 ], [ 5.322621472966591, 52.263881408477815 ], [ 5.322032116499222, 52.26232601502641 ], [ 5.323177420931448, 52.2605434770459 ], [ 5.328368274934138, 52.257170175823049 ], [ 5.328583077027327, 52.25531745393684 ], [ 5.32423155873815, 52.252983334447073 ], [ 5.314128992722151, 52.251954165711034 ], [ 5.310662023903749, 52.246325902846571 ], [ 5.310893089382911, 52.242119559915857 ], [ 5.313410085201856, 52.235252392667448 ], [ 5.312277974175209, 52.232828829673672 ], [ 5.309767574008744, 52.232186039820476 ], [ 5.307682822734308, 52.231596523932069 ], [ 5.30661149162584, 52.230267904002488 ], [ 5.307400682424208, 52.229190018045578 ], [ 5.31064244715519, 52.227591276898977 ], [ 5.311593698345193, 52.226507822843701 ], [ 5.310649309630883, 52.226227218225908 ], [ 5.310079476734296, 52.225964071384723 ], [ 5.311206982548162, 52.224567473348905 ], [ 5.313403701752963, 52.224701928237351 ], [ 5.312617312374194, 52.225288996063114 ], [ 5.313128565237514, 52.225649018685061 ], [ 5.314613031814174, 52.224535295930394 ], [ 5.313157882423337, 52.221951285073736 ], [ 5.306444023795209, 52.219459272221329 ], [ 5.302654194088878, 52.221481498950808 ], [ 5.302721495763617, 52.222371377803178 ], [ 5.300969551581312, 52.223524294401138 ], [ 5.294168253797277, 52.223545125172471 ], [ 5.288803376964319, 52.222992546487255 ], [ 5.287574555559977, 52.222882506299129 ], [ 5.283106987486509, 52.223540294030656 ], [ 5.27057248704696, 52.2240064437404 ], [ 5.255725549095026, 52.22441055414366 ], [ 5.255589311299292, 52.224413248117926 ], [ 5.254167259398308, 52.22444523874595 ], [ 5.23263310804912, 52.224988485005731 ], [ 5.224730241326966, 52.225197094375261 ], [ 5.22057749947732, 52.21597137070281 ], [ 5.21896032236997, 52.212128714433277 ], [ 5.21648657446883, 52.206366806758638 ], [ 5.217214078318181, 52.206232785894024 ], [ 5.216529301202584, 52.205450735358184 ], [ 5.215500726657339, 52.204273425512241 ], [ 5.19258596492611, 52.177832945608294 ], [ 5.184185568068265, 52.177954666073923 ], [ 5.179431666389857, 52.178213386877083 ], [ 5.169704815136731, 52.178802697958282 ], [ 5.166740206642757, 52.17897579151645 ], [ 5.143344316089706, 52.180298838633689 ], [ 5.14322521144519, 52.179999079924741 ], [ 5.124110587860274, 52.180827391938287 ], [ 5.121412578349918, 52.180952754200263 ], [ 5.115311140794645, 52.179816286945425 ], [ 5.078655973936567, 52.172985689602463 ], [ 5.046463540806306, 52.165929111117187 ], [ 5.041591768114565, 52.183751521255957 ], [ 5.032503227235234, 52.184113407909216 ], [ 5.033764727818623, 52.186163712438429 ], [ 5.034977237777944, 52.186802954778052 ], [ 5.035584478152012, 52.19097460661613 ], [ 5.036646304663575, 52.193733305175193 ], [ 5.038134078369397, 52.195163172595507 ], [ 5.0372042124292, 52.196847585433936 ], [ 5.037124708899609, 52.198052709089211 ], [ 5.03097211656894, 52.198764076535241 ], [ 5.027942336311307, 52.19995886379602 ], [ 5.02606126206141, 52.201373961511081 ], [ 5.022769094872558, 52.201534187645215 ], [ 5.021292959948611, 52.201885743249953 ], [ 5.021384346759376, 52.202036610207173 ], [ 5.022935402401035, 52.201709482784423 ], [ 5.02245201851737, 52.20222550257094 ], [ 5.022031667328018, 52.202383210898191 ], [ 5.021586742478815, 52.202475227948945 ], [ 5.021603895174345, 52.202541989488367 ], [ 5.022686429252025, 52.202235970130516 ], [ 5.023025933654335, 52.202038978304238 ], [ 5.023101083559321, 52.202753555618834 ], [ 5.022473496648429, 52.20267384205183 ], [ 5.022621035919692, 52.203941462902755 ], [ 5.023432856489143, 52.203828390383563 ], [ 5.023315078621092, 52.203050841176939 ], [ 5.024996261625613, 52.202843893985452 ], [ 5.025034699847247, 52.203277612112672 ], [ 5.025455058876333, 52.203279300381297 ], [ 5.025599861709452, 52.203981824255756 ], [ 5.036649899088371, 52.20213798678062 ], [ 5.037421020948798, 52.204964512734378 ], [ 5.035316237293976, 52.205232595331644 ], [ 5.036444743340167, 52.20956397308381 ], [ 5.036443697987681, 52.209564066150186 ], [ 5.033400586871716, 52.209836231866745 ], [ 5.034353826644375, 52.213117460650182 ], [ 5.033729681766694, 52.213123036579134 ], [ 5.03378795620158, 52.213713995285858 ], [ 5.036742066341113, 52.213663359719519 ], [ 5.037242932273548, 52.214188615018926 ], [ 5.035329562331759, 52.214462266119924 ], [ 5.035683425542503, 52.215124658897842 ], [ 5.036909314691437, 52.215155722623571 ], [ 5.037118902671438, 52.216596475977823 ], [ 5.035848998815417, 52.217529137417934 ], [ 5.036665603760619, 52.224360154144847 ], [ 5.039211791959226, 52.223944518844348 ], [ 5.039362948744495, 52.224407089861693 ], [ 5.041907180101372, 52.223993057985815 ], [ 5.041922574671635, 52.224062218053724 ], [ 5.042632502235691, 52.22386555048864 ], [ 5.042795657596923, 52.224039510469424 ], [ 5.041983940668938, 52.224326650323896 ], [ 5.041928838430628, 52.224088678731391 ], [ 5.039873206791377, 52.224387324810017 ], [ 5.036964891735808, 52.224788950763283 ], [ 5.037101783319567, 52.225341648868032 ], [ 5.038730558437262, 52.22517941526975 ], [ 5.041685795058564, 52.228234512565173 ], [ 5.042484454907703, 52.228779883387496 ], [ 5.041144619292125, 52.229323445601523 ], [ 5.041256315838631, 52.229506102653978 ], [ 5.040696513245002, 52.229567457431358 ], [ 5.040545488647117, 52.229841962706068 ], [ 5.041428705863142, 52.230077863489896 ], [ 5.041585570519996, 52.230888222961525 ], [ 5.042313433398877, 52.230531677676296 ], [ 5.056224256550338, 52.234978666800934 ], [ 5.055789549384007, 52.235213595612791 ], [ 5.05676173400347, 52.235592837862079 ], [ 5.057408411316008, 52.23524752679058 ], [ 5.05771279285552, 52.235342588496302 ], [ 5.056901999339825, 52.236522344186746 ], [ 5.045996318642128, 52.243220549815277 ], [ 5.046442988444181, 52.24872509055249 ], [ 5.045258112641387, 52.249868472821554 ], [ 5.044191584607674, 52.25160426353716 ], [ 5.043427851260152, 52.25544854127034 ], [ 5.04187884641245, 52.256559965864533 ], [ 5.040253175588553, 52.256576380796389 ], [ 5.037196398051242, 52.253441191323255 ], [ 5.035255369373886, 52.252644866687596 ], [ 5.032122534785752, 52.254618493109248 ], [ 5.030709873684419, 52.256890262844024 ], [ 5.032505038272917, 52.258743792006442 ], [ 5.032572530684435, 52.259974915452396 ], [ 5.03145378168343, 52.261305698999017 ], [ 5.026551005935262, 52.264198613391862 ], [ 5.027854682123514, 52.266246433437786 ], [ 5.027626835030745, 52.267777643510819 ], [ 5.026339209767423, 52.268661386414102 ], [ 5.023310111439562, 52.271471993071806 ], [ 5.022886886924665, 52.272483437106402 ], [ 5.023710261362141, 52.273208170300265 ], [ 5.028295396218105, 52.272032135254683 ], [ 5.029813730182406, 52.272043503310094 ], [ 5.030933101842481, 52.272502869404597 ], [ 5.033069984466158, 52.275289884161289 ], [ 5.042521969057626, 52.277930300020074 ], [ 5.048237536848301, 52.276960437629604 ], [ 5.049679801922665, 52.277988858607031 ], [ 5.049666116638086, 52.280205874986017 ], [ 5.050753455708156, 52.281817806389391 ], [ 5.060398073868885, 52.285143109123901 ], [ 5.062858837717778, 52.284778292781212 ], [ 5.062872994348557, 52.282199646865514 ], [ 5.064412425143185, 52.280737600508765 ], [ 5.063885585612035, 52.279975659609228 ], [ 5.06532548811819, 52.279659343819134 ], [ 5.0638125343283, 52.278577067660969 ], [ 5.06487595987539, 52.278265340932698 ], [ 5.077081952593318, 52.277976609132836 ], [ 5.084615517147124, 52.279407504610802 ], [ 5.087704173164079, 52.281684925197624 ], [ 5.10206580657742, 52.279890836735582 ], [ 5.102087730569409, 52.281703723414026 ], [ 5.102816374449492, 52.282383551170312 ], [ 5.104298008702268, 52.28325521528793 ], [ 5.104646015309711, 52.285384664830715 ], [ 5.098714997441801, 52.290573703524686 ], [ 5.09847354166339, 52.291636150273639 ], [ 5.099353981602083, 52.292803504604322 ], [ 5.102918680347972, 52.29446770528974 ], [ 5.106065060379813, 52.29466848868185 ], [ 5.10767436076005, 52.297291610096089 ], [ 5.106266326915499, 52.298336056601478 ], [ 5.101971819684586, 52.297804194103833 ], [ 5.098943531111088, 52.298696625613644 ], [ 5.096793692691504, 52.300436661221404 ], [ 5.095771002367263, 52.303761748619088 ], [ 5.096482747496969, 52.307292595885329 ], [ 5.100566918376804, 52.310296400368756 ], [ 5.094618645234988, 52.312426355303671 ], [ 5.092106899148019, 52.313023337483457 ], [ 5.093076658405978, 52.314150286614286 ], [ 5.091653149908785, 52.314643949110945 ], [ 5.075393751289575, 52.319145205720318 ], [ 5.069325673857213, 52.321676241820832 ], [ 5.064686905836961, 52.322005933848146 ], [ 5.06572087746508, 52.320481616671479 ], [ 5.065259455980709, 52.319181519922516 ], [ 5.063298171667404, 52.318210544561069 ], [ 5.062536173000015, 52.317642022903918 ], [ 5.058340030709305, 52.316317291901726 ], [ 5.058034855056381, 52.316683259425474 ], [ 5.05909286284176, 52.317052313103318 ], [ 5.056741791050078, 52.319599434482456 ], [ 5.060125868949205, 52.321071498674243 ], [ 5.061519118618724, 52.321800695325237 ], [ 5.061108700203338, 52.322105506902489 ], [ 5.061513566027878, 52.32367471757081 ], [ 5.058211049068097, 52.324816881263025 ], [ 5.049066403512274, 52.3269916025247 ], [ 5.045594794516783, 52.326767787261758 ], [ 5.044395028764473, 52.32714885717126 ], [ 5.044801360776557, 52.327473231750602 ], [ 5.043952290589877, 52.327960188970103 ], [ 5.039794730825712, 52.32902691492432 ], [ 5.028952847757568, 52.330769655021044 ], [ 5.021587363576097, 52.330862333285296 ], [ 5.017273290575492, 52.33018671111445 ], [ 5.018424004815159, 52.324338906972528 ], [ 5.017932845893998, 52.323192338207868 ], [ 5.016653253607835, 52.322986895907377 ], [ 5.016133679578445, 52.324512121649747 ], [ 5.012793853433807, 52.330207424063452 ], [ 5.014450117039145, 52.331431318398252 ], [ 5.014992314308908, 52.331776460099498 ], [ 5.018462551026608, 52.334074428595684 ], [ 5.025343573555785, 52.337049010739854 ], [ 5.027486445218185, 52.337719079101404 ], [ 5.027923054180904, 52.336694888517044 ], [ 5.029971692642945, 52.336606796120584 ], [ 5.030094622048377, 52.336265989357862 ], [ 5.028773675355116, 52.335674407957754 ], [ 5.029598371094845, 52.334665150261308 ], [ 5.032149440824965, 52.333536291383474 ], [ 5.036615252372661, 52.333522295679444 ], [ 5.040819202436681, 52.334486193628159 ], [ 5.042924053065242, 52.336043001225441 ], [ 5.044578609191201, 52.335276332576761 ], [ 5.056181653618006, 52.337732356355609 ], [ 5.061882448233321, 52.337564296881375 ], [ 5.067094484636735, 52.336683846138335 ], [ 5.068589872007352, 52.337185264118084 ], [ 5.068108449139343, 52.33643499531081 ], [ 5.06773900125315, 52.336366332205422 ], [ 5.068552678257193, 52.334052167610736 ], [ 5.069319810763256, 52.334078456803624 ], [ 5.069817656606197, 52.333354343161396 ], [ 5.070041266894704, 52.332794558978165 ], [ 5.069229316817614, 52.330588123470804 ], [ 5.069654403553397, 52.330461188299871 ], [ 5.070594023488566, 52.331774613465818 ], [ 5.071267756629766, 52.333687476257971 ], [ 5.071038389194636, 52.33374898400276 ], [ 5.070573893353099, 52.333629834538364 ], [ 5.069854896031051, 52.334598606580265 ], [ 5.070191948980693, 52.335492385640187 ], [ 5.069797448757048, 52.33708709691313 ], [ 5.077350943503419, 52.339811949010667 ], [ 5.082603737293369, 52.339469888043517 ], [ 5.09357310491504, 52.338762593156993 ], [ 5.107069516044711, 52.331478810398472 ], [ 5.108903777224683, 52.332029338737648 ], [ 5.110039113408558, 52.331116283768218 ], [ 5.11046787427298, 52.330143905580108 ], [ 5.123559316031947, 52.329408040043944 ], [ 5.129031362248377, 52.325188325962706 ], [ 5.133435246120887, 52.327645305522189 ], [ 5.137184983541305, 52.325322516181046 ], [ 5.138324338341371, 52.325901702102158 ], [ 5.140055158669021, 52.326775444429373 ], [ 5.136961713810592, 52.329344027244751 ], [ 5.137242359623014, 52.329435585427987 ], [ 5.139326486790631, 52.328024948254637 ], [ 5.141412174808974, 52.328202582893248 ], [ 5.143610099679816, 52.329638980358936 ], [ 5.144874783091421, 52.331405557252474 ], [ 5.140495566832206, 52.334073003457235 ], [ 5.135991412382906, 52.337594152831649 ], [ 5.134170794829292, 52.337889669666673 ], [ 5.134447910761399, 52.33806751007296 ], [ 5.134763855088409, 52.338243492189925 ], [ 5.135155209602525, 52.338661135211545 ], [ 5.135932876378178, 52.338725940207489 ], [ 5.136075054710702, 52.338943224716871 ], [ 5.135527449407081, 52.339223792610085 ], [ 5.134685391741533, 52.338612842698659 ], [ 5.132650985701629, 52.337933317975647 ], [ 5.132873789125119, 52.33773927864889 ], [ 5.132795788195584, 52.337689213328538 ], [ 5.132423620928348, 52.337735575687304 ], [ 5.132119687060942, 52.337473277656194 ], [ 5.132159478198997, 52.337103955073651 ], [ 5.13093917179353, 52.337698409787535 ], [ 5.130992086243898, 52.338229467900135 ], [ 5.132155535579439, 52.338109471219575 ], [ 5.134618739125349, 52.341061764133769 ], [ 5.134569388207297, 52.341381892660436 ], [ 5.131750025115453, 52.342459264214355 ], [ 5.129713018152468, 52.339888835071307 ], [ 5.131168933725364, 52.342012423372267 ], [ 5.130976363402987, 52.343459940572956 ], [ 5.132353005596987, 52.343739338983227 ], [ 5.133919105608746, 52.34399079862694 ], [ 5.133630173404735, 52.34420473068301 ], [ 5.134197911119418, 52.344735284751621 ], [ 5.133460996543964, 52.34527303323727 ], [ 5.133468031232357, 52.345993815597112 ], [ 5.133943217393137, 52.346502530924838 ], [ 5.133140523011532, 52.347130024705812 ], [ 5.134198806842328, 52.347957714543405 ], [ 5.132816389068863, 52.357083221083094 ], [ 5.131245188420881, 52.365457329468249 ], [ 5.122665879305941, 52.374801258085149 ], [ 5.122746256098696, 52.378863010787853 ], [ 5.124299394586904, 52.380537971315526 ], [ 5.12875150641471, 52.382913930388938 ], [ 5.156757002046374, 52.393107661241984 ], [ 5.1583849633514, 52.394893069840087 ], [ 5.161924457180242, 52.399448679877551 ], [ 5.161557764704775, 52.399794396304991 ], [ 5.169643972103879, 52.402770572952619 ], [ 5.205981338352306, 52.416045644447998 ], [ 5.227127452843134, 52.423634457632218 ], [ 5.227146064639029, 52.423355148171702 ], [ 5.208256258003074, 52.416368034885835 ], [ 5.216968010626081, 52.416433241722885 ], [ 5.220508690541117, 52.417718128875549 ], [ 5.22010641085235, 52.418356157428477 ], [ 5.222115058274632, 52.417899900639668 ], [ 5.222685938717379, 52.418369386546949 ], [ 5.223967927672502, 52.41780127030367 ], [ 5.224587504833889, 52.418057183130273 ], [ 5.224500509883376, 52.419108895296986 ], [ 5.228455522375706, 52.420658443492272 ], [ 5.231767231509025, 52.424291869049291 ], [ 5.233252660239121, 52.42561597545555 ], [ 5.229867384630149, 52.424692708390829 ], [ 5.258424194477879, 52.435425481693883 ], [ 5.267984044295544, 52.427365348037945 ] ], [ [ 5.152723337806975, 52.329097650477898 ], [ 5.151267171083152, 52.328220291247256 ], [ 5.14865738884053, 52.328415376005701 ], [ 5.145536765804279, 52.32631127751884 ], [ 5.144764005093388, 52.324016458450984 ], [ 5.140932877032176, 52.326070676775032 ], [ 5.139212363149626, 52.325218684794656 ], [ 5.138098216177165, 52.324658575646239 ], [ 5.147909343516567, 52.314584277169928 ], [ 5.151385784906158, 52.3123268618792 ], [ 5.149436226974772, 52.311943669790125 ], [ 5.14676607431919, 52.312611595706073 ], [ 5.147762752027443, 52.313882112200112 ], [ 5.147141061098954, 52.31373836792924 ], [ 5.145353125930946, 52.312039356068674 ], [ 5.143629582240788, 52.310875804546114 ], [ 5.146294881997165, 52.309313766604589 ], [ 5.149993541993187, 52.310127744626577 ], [ 5.151243983037495, 52.308765729854819 ], [ 5.149948859940369, 52.308414482636401 ], [ 5.149538960242332, 52.308751777729192 ], [ 5.148849125630521, 52.308460903217352 ], [ 5.149037896939867, 52.308005822061403 ], [ 5.150028114240363, 52.308036426956193 ], [ 5.150112799476995, 52.308238839940138 ], [ 5.151729759131266, 52.308222593250797 ], [ 5.151941864891674, 52.307702152136358 ], [ 5.152596362532414, 52.30776305630485 ], [ 5.152558038045012, 52.308002321256254 ], [ 5.154243667023136, 52.308645437437562 ], [ 5.15414118762137, 52.308805535024881 ], [ 5.152194532115487, 52.308401216842306 ], [ 5.151275452880724, 52.30935041881871 ], [ 5.153091477814203, 52.30996872642924 ], [ 5.152603145533487, 52.310189685556743 ], [ 5.152082239428051, 52.311011345880615 ], [ 5.151314156369344, 52.310862102525633 ], [ 5.151970710766557, 52.310418530613724 ], [ 5.15219439530829, 52.310024832655628 ], [ 5.15191016360362, 52.309813621132065 ], [ 5.151053052701797, 52.309600539021716 ], [ 5.149961880817174, 52.310801402374551 ], [ 5.150100287595363, 52.311467361406073 ], [ 5.152408996352578, 52.311946879526793 ], [ 5.161504741175078, 52.306417951471616 ], [ 5.165580476221783, 52.304957748943792 ], [ 5.173568804396741, 52.304023284596745 ], [ 5.181539139270101, 52.30521062348155 ], [ 5.187205514200102, 52.307428648872303 ], [ 5.196994634094345, 52.308944472841006 ], [ 5.228488450933167, 52.31125397490765 ], [ 5.230944505260226, 52.311833069097069 ], [ 5.240183726864542, 52.311711730680507 ], [ 5.24250370810583, 52.31128450677226 ], [ 5.243742947293636, 52.31210922025884 ], [ 5.244244551257193, 52.311863192413725 ], [ 5.242829048839573, 52.310599841944487 ], [ 5.244023363136682, 52.310090134840912 ], [ 5.244957483260953, 52.310839600768844 ], [ 5.245191199186349, 52.310752727770037 ], [ 5.245365904464133, 52.310094776182751 ], [ 5.2452409070782, 52.309721152934813 ], [ 5.244008376913236, 52.308977974889935 ], [ 5.242793825753074, 52.308355624606243 ], [ 5.241296966069612, 52.305796361162002 ], [ 5.242188090692116, 52.305730858261335 ], [ 5.243482386580706, 52.308100582124645 ], [ 5.244226921497962, 52.308638479240862 ], [ 5.245243092010378, 52.30829741589065 ], [ 5.245296627544966, 52.308404598950332 ], [ 5.24545148277585, 52.308513774581961 ], [ 5.245133010503383, 52.308629615320832 ], [ 5.245403330633915, 52.308907564617776 ], [ 5.244978055420134, 52.309166704280216 ], [ 5.247009212803253, 52.312269522349361 ], [ 5.247420091391636, 52.31203452011291 ], [ 5.246311022631578, 52.310323653584938 ], [ 5.251621193897036, 52.309041141061982 ], [ 5.251307941736442, 52.31010169286948 ], [ 5.248460280745548, 52.311733336000842 ], [ 5.24787039096992, 52.313853114025818 ], [ 5.249118747488711, 52.315833846411032 ], [ 5.249956395881951, 52.315913546979978 ], [ 5.249607929286275, 52.313678988429537 ], [ 5.252121624675636, 52.312063685303528 ], [ 5.252722123591985, 52.310136588145291 ], [ 5.256358016677329, 52.306833027889269 ], [ 5.259881182524398, 52.306113675535371 ], [ 5.26427406671928, 52.30676576240117 ], [ 5.264733320382062, 52.306453626719218 ], [ 5.27406446660331, 52.304144942706614 ], [ 5.278001970456805, 52.302359261521168 ], [ 5.278819748839502, 52.302387065806592 ], [ 5.281126625790984, 52.300593565018687 ], [ 5.287809914844219, 52.297603052853795 ], [ 5.291361548286409, 52.296593394445381 ], [ 5.298719135937922, 52.298055038421502 ], [ 5.302321055792666, 52.302105776516477 ], [ 5.307331122093373, 52.302729234706348 ], [ 5.309012482999492, 52.304926932947929 ], [ 5.312273997402874, 52.303470796872951 ], [ 5.313412756438995, 52.30337330477473 ], [ 5.315454310289102, 52.304408748301476 ], [ 5.298845609086761, 52.31187111151575 ], [ 5.285177699406842, 52.317090141204943 ], [ 5.263336097089056, 52.323866805400215 ], [ 5.239828097771985, 52.329257814805977 ], [ 5.232636424526109, 52.330587223049577 ], [ 5.223670873325673, 52.332162517788817 ], [ 5.223461119476457, 52.332084652804475 ], [ 5.223481828609156, 52.332052442733641 ], [ 5.223416574516216, 52.331924236212224 ], [ 5.223019965674963, 52.33199567624726 ], [ 5.221160196968087, 52.331307501190963 ], [ 5.220778281548283, 52.331324366908831 ], [ 5.221208343758131, 52.331767945043474 ], [ 5.220811851876105, 52.331869866656881 ], [ 5.22023559997168, 52.332541554747941 ], [ 5.221271366285201, 52.332370630279812 ], [ 5.221602758513023, 52.333070968867439 ], [ 5.220923326890307, 52.333804558451369 ], [ 5.220127368587469, 52.333948891467408 ], [ 5.21939224716231, 52.333700581043509 ], [ 5.219074074483791, 52.333074678232322 ], [ 5.220194462566895, 52.331890814996669 ], [ 5.219175592318408, 52.331343921853929 ], [ 5.21829920715337, 52.332233587748455 ], [ 5.215804351671411, 52.331295453802142 ], [ 5.21682948068045, 52.330198756884272 ], [ 5.217920130882947, 52.330585773922621 ], [ 5.218716504771747, 52.330317819421346 ], [ 5.219711453692315, 52.33049140394791 ], [ 5.216373015146449, 52.329390817937401 ], [ 5.212559025377216, 52.329982535572221 ], [ 5.212839542019906, 52.331454390998765 ], [ 5.213522516066585, 52.332057444498098 ], [ 5.212811171323467, 52.332912138531597 ], [ 5.210295655763771, 52.333796036322887 ], [ 5.209450106893271, 52.333043739300933 ], [ 5.208484509265397, 52.332461231260915 ], [ 5.206162618213177, 52.333394034800023 ], [ 5.206012938685164, 52.334346905890278 ], [ 5.204769362155992, 52.335510249703496 ], [ 5.195176418570049, 52.336494819825781 ], [ 5.184233008804209, 52.335317957936681 ], [ 5.166863386557658, 52.331838000113024 ], [ 5.157482369571667, 52.329236518642901 ], [ 5.152723337806975, 52.329097650477898 ] ] ] ] } },
{ "type": "Feature", "properties": { "fid": 20, "ck_zk": "ZK22", "jrstatcode": "2025ZK22", "statnaam": "Twente", "rubriek": "zorgkantoorregio", "id": 20 }, "geometry": { "type": "MultiPolygon", "coordinates": [ [ [ [ 6.673404531472954, 52.493513703963323 ], [ 6.693485356756647, 52.486327108808766 ], [ 6.697584620905226, 52.486298238587104 ], [ 6.717706685885537, 52.478131550248541 ], [ 6.726932881107769, 52.475602066952817 ], [ 6.752734435075178, 52.464110841345658 ], [ 6.756615081992654, 52.463310506928117 ], [ 6.774586592321228, 52.459600689779734 ], [ 6.822445345215776, 52.45982325784712 ], [ 6.831788023722416, 52.459961220454545 ], [ 6.844733448760588, 52.459188418486839 ], [ 6.854297587608971, 52.459706256434259 ], [ 6.852541581298988, 52.449913762723789 ], [ 6.853669096274339, 52.450089222067042 ], [ 6.861816040462378, 52.451357971957535 ], [ 6.888678000610795, 52.446612925835268 ], [ 6.906079586162075, 52.44224300075534 ], [ 6.941657490692286, 52.43542573669729 ], [ 6.942156003134448, 52.43554935300152 ], [ 6.942089862675255, 52.435588244243803 ], [ 6.942176304917411, 52.435641582252693 ], [ 6.942305949609324, 52.435563156480413 ], [ 6.947300372756311, 52.436621414542671 ], [ 6.95350628561904, 52.43993176398557 ], [ 6.961061603799651, 52.443988302070757 ], [ 6.961785386533216, 52.443624395274362 ], [ 6.962188169272242, 52.443983119407307 ], [ 6.962036787538025, 52.444705458804542 ], [ 6.96444064929352, 52.447280248845793 ], [ 6.970957251718518, 52.455691108591516 ], [ 6.972408547067299, 52.457368343408895 ], [ 6.974429117688722, 52.459703636283827 ], [ 6.977533755945545, 52.465680753632469 ], [ 6.987623215354184, 52.46976679447156 ], [ 6.991798930879492, 52.467376241674522 ], [ 6.993907084222128, 52.46548540590728 ], [ 6.994573882690287, 52.462127020543242 ], [ 7.000025524486569, 52.45471091638138 ], [ 7.005063235902843, 52.445358328506053 ], [ 7.00838116348132, 52.436141342686184 ], [ 7.010808537078598, 52.429131441202877 ], [ 7.021989735781498, 52.422984151619119 ], [ 7.028107315436731, 52.413612894584716 ], [ 7.034943755828357, 52.403550575513108 ], [ 7.036195377193849, 52.402610746808243 ], [ 7.041364709030495, 52.402568180435651 ], [ 7.042616241433577, 52.402107270332202 ], [ 7.051387554859268, 52.400231229231359 ], [ 7.055346868697408, 52.401016865888664 ], [ 7.058728205557236, 52.399410240412941 ], [ 7.058770127417594, 52.396258118434901 ], [ 7.063923684105784, 52.390456178526527 ], [ 7.072204707644945, 52.372802526017495 ], [ 7.072763277819077, 52.366804812883657 ], [ 7.072113946753101, 52.351890791089929 ], [ 7.057226687596489, 52.338838367412933 ], [ 7.056230750089127, 52.337953882746319 ], [ 7.05614759285131, 52.334955804619618 ], [ 7.054917984195634, 52.333177286900529 ], [ 7.055492720652514, 52.332168734109764 ], [ 7.047179747040124, 52.323744440618881 ], [ 7.047260369809319, 52.321263160245721 ], [ 7.048110018577947, 52.319948677364962 ], [ 7.045810491440152, 52.316451396581414 ], [ 7.046360021112891, 52.316621674311762 ], [ 7.04742072684893, 52.315206428732822 ], [ 7.043417048496374, 52.313915590208168 ], [ 7.043570225953767, 52.31347138589566 ], [ 7.038683274216038, 52.312380134511734 ], [ 7.041237501872581, 52.311052571846083 ], [ 7.039492917622814, 52.30762678154295 ], [ 7.033836858105594, 52.30250450967533 ], [ 7.026453498748319, 52.291967763367801 ], [ 7.026239182730545, 52.287324374082694 ], [ 7.029547508942422, 52.281526114750108 ], [ 7.029614338299143, 52.280179715777585 ], [ 7.027519781321746, 52.277986153171398 ], [ 7.028584212332812, 52.273627135981442 ], [ 7.032062686788471, 52.271664044534965 ], [ 7.039243661579492, 52.260899396778214 ], [ 7.042394720868616, 52.256144029575459 ], [ 7.065789503425256, 52.241235028171722 ], [ 7.06128354225165, 52.234711061561008 ], [ 7.048460754798714, 52.230655869246036 ], [ 7.046694836597229, 52.230073625110208 ], [ 7.042747579094494, 52.22877254857287 ], [ 7.040310722914893, 52.227973867490498 ], [ 7.037945679209942, 52.227406357889116 ], [ 7.02639777053355, 52.225714448133857 ], [ 7.020449817702247, 52.225938916684896 ], [ 7.019297234724753, 52.225102732403251 ], [ 7.012938923897653, 52.227261359332715 ], [ 7.012652583425413, 52.226806131982322 ], [ 7.011220879457942, 52.227591461265753 ], [ 7.007379162586332, 52.228094613233559 ], [ 7.005851119469632, 52.228294604329065 ], [ 7.003476096164245, 52.228589676818018 ], [ 6.996999098545539, 52.227059292746183 ], [ 6.989114206198242, 52.226843061066234 ], [ 6.987087388831463, 52.225437598449666 ], [ 6.985004527828582, 52.22502104082956 ], [ 6.985390685595941, 52.223563810208091 ], [ 6.982874671512463, 52.22240575017365 ], [ 6.981100052502816, 52.220736986274758 ], [ 6.979698927919227, 52.218134154950398 ], [ 6.979675921292827, 52.215135800727708 ], [ 6.978493460508897, 52.212191500827011 ], [ 6.975976484527155, 52.209485831999295 ], [ 6.974084860300094, 52.205402788328946 ], [ 6.970903135113018, 52.202979659470373 ], [ 6.967396605692966, 52.197893655278769 ], [ 6.962391624341565, 52.194298580615296 ], [ 6.962281646792217, 52.193413290942139 ], [ 6.962478723322477, 52.191378846002031 ], [ 6.951245281299877, 52.181057861192464 ], [ 6.949505446226892, 52.180504607225195 ], [ 6.937883520727069, 52.179467125044816 ], [ 6.933741491885864, 52.178448262358266 ], [ 6.915628954400469, 52.177613963572497 ], [ 6.909551845358657, 52.176449685486986 ], [ 6.906746209018938, 52.175067980469123 ], [ 6.905880768660861, 52.173870158050065 ], [ 6.905720061742722, 52.169915237473724 ], [ 6.889750259896988, 52.161205917850467 ], [ 6.880458175808478, 52.156009541725268 ], [ 6.88196032512932, 52.155976488341494 ], [ 6.873301049079414, 52.132973876493665 ], [ 6.873458517318546, 52.130283683634055 ], [ 6.867088297628722, 52.128071311419845 ], [ 6.855473945823034, 52.120462093059743 ], [ 6.843198563335625, 52.119197074062605 ], [ 6.822710322138186, 52.118404259403981 ], [ 6.763625944299235, 52.118763108623781 ], [ 6.760572330352168, 52.118779933641186 ], [ 6.739505820765104, 52.118556415745253 ], [ 6.73949303711963, 52.118104771700516 ], [ 6.7162723611826, 52.118270405476494 ], [ 6.711289866346881, 52.119708238593766 ], [ 6.697810020440575, 52.12355366983163 ], [ 6.677690595253182, 52.125958951666334 ], [ 6.672556203694622, 52.12737029568558 ], [ 6.663003451994667, 52.130001055591954 ], [ 6.668409059049566, 52.136614688980217 ], [ 6.672613019218743, 52.13930996138776 ], [ 6.674394814787772, 52.142774462735694 ], [ 6.673748235859685, 52.148286599767744 ], [ 6.671309218977704, 52.150458112122244 ], [ 6.672678818539619, 52.150507352921871 ], [ 6.673819391025086, 52.152103624949987 ], [ 6.672428703150343, 52.153031695007243 ], [ 6.673094993042832, 52.154753296468257 ], [ 6.670610185793815, 52.156420318562525 ], [ 6.673914084347462, 52.158814397643837 ], [ 6.673640332377302, 52.159862326453762 ], [ 6.673146905768826, 52.160118884490011 ], [ 6.674066686628217, 52.161243458865819 ], [ 6.672784386176579, 52.16137906286265 ], [ 6.673397353201004, 52.163239698496319 ], [ 6.671973457404456, 52.16492723049695 ], [ 6.671338904567617, 52.165683196966796 ], [ 6.649211789900651, 52.172878482929057 ], [ 6.645040700493845, 52.174194255133031 ], [ 6.640280130439691, 52.167405140730722 ], [ 6.634841499141317, 52.172177291060756 ], [ 6.631041018242752, 52.173142267618609 ], [ 6.629101012197396, 52.17203266884875 ], [ 6.625839650660656, 52.172499258026313 ], [ 6.625285831710263, 52.172171946429664 ], [ 6.626563832683666, 52.171456922091792 ], [ 6.624952229628867, 52.168649826472056 ], [ 6.621989512212277, 52.168372956925253 ], [ 6.617356748193449, 52.165290921782507 ], [ 6.612147207678886, 52.163166303383655 ], [ 6.609270338647148, 52.165143291902162 ], [ 6.607354759181883, 52.164630923544635 ], [ 6.60285133734484, 52.169121311189969 ], [ 6.603184833151556, 52.170721823765696 ], [ 6.606207438179587, 52.172369139253249 ], [ 6.606326834794967, 52.173082441981322 ], [ 6.596115189283665, 52.17983524686791 ], [ 6.591077336781758, 52.182263635855165 ], [ 6.589953710921534, 52.182487836102943 ], [ 6.587982379078458, 52.18201063340419 ], [ 6.584948797089735, 52.181529844359609 ], [ 6.555349472159152, 52.177255563922763 ], [ 6.517641996071343, 52.181267036768638 ], [ 6.513240991168123, 52.181230540756687 ], [ 6.49583936320073, 52.177145368765672 ], [ 6.49240114007014, 52.177371863954001 ], [ 6.490646945014629, 52.179862976629565 ], [ 6.479031684028356, 52.182599595105678 ], [ 6.478356972029017, 52.183827236815269 ], [ 6.472699992490094, 52.189040469988385 ], [ 6.469998978379989, 52.192690467611847 ], [ 6.469464453868264, 52.198282032966908 ], [ 6.470269541998202, 52.199379789435561 ], [ 6.467118312341301, 52.20039534175605 ], [ 6.45728705923815, 52.200964656567955 ], [ 6.456133276765448, 52.201709227816359 ], [ 6.453491243327994, 52.204172458737411 ], [ 6.452745778180853, 52.206477188969565 ], [ 6.446310979561898, 52.212800916416441 ], [ 6.439967782771839, 52.217067151919004 ], [ 6.431573657612679, 52.221244234126708 ], [ 6.42934228186543, 52.223135801611008 ], [ 6.421974923832512, 52.232925750260868 ], [ 6.416807354524148, 52.237126338991899 ], [ 6.416395241612498, 52.239525150787941 ], [ 6.416422228279953, 52.242166351854735 ], [ 6.402618864400438, 52.243271709943791 ], [ 6.389863307871805, 52.242559183372244 ], [ 6.3859627215158, 52.243109265649565 ], [ 6.383410827445524, 52.244015806648896 ], [ 6.381851467515696, 52.246112806137582 ], [ 6.381133398056231, 52.246603565636747 ], [ 6.381224610911762, 52.247396850486041 ], [ 6.377205602646789, 52.250017638721218 ], [ 6.376542143111078, 52.251349430516314 ], [ 6.376342977284229, 52.252192939223697 ], [ 6.37728670191326, 52.254396473562032 ], [ 6.374880243525781, 52.255135949130334 ], [ 6.374809754495722, 52.256297905186941 ], [ 6.377222494131542, 52.256648603092351 ], [ 6.377162479294068, 52.258681335864402 ], [ 6.37294478155215, 52.260911200388165 ], [ 6.370775291365169, 52.260006451309103 ], [ 6.364833972638578, 52.26343331502958 ], [ 6.364543306648871, 52.263156695521339 ], [ 6.363062084355025, 52.264010292526116 ], [ 6.363488306227443, 52.264208585763662 ], [ 6.356718040344522, 52.26812823677362 ], [ 6.355376253978833, 52.267265675607739 ], [ 6.352842966155375, 52.268350480092586 ], [ 6.354883856505827, 52.269201242703943 ], [ 6.353489014429268, 52.270018489031585 ], [ 6.352126664844828, 52.270826937601171 ], [ 6.350831523319944, 52.269253913695664 ], [ 6.348856789769507, 52.269891831969822 ], [ 6.350537705824776, 52.271448780125141 ], [ 6.328842017542068, 52.281102973840078 ], [ 6.327823667369143, 52.290142679189117 ], [ 6.327817554839064, 52.290182765044207 ], [ 6.326529854159441, 52.301631538748147 ], [ 6.341193785958088, 52.309078486349918 ], [ 6.355471849373225, 52.317927418900219 ], [ 6.356015671871734, 52.318218784544172 ], [ 6.350177263797337, 52.324062655521708 ], [ 6.342387949062181, 52.333169266962905 ], [ 6.336206238850824, 52.346516100181439 ], [ 6.333501865496546, 52.35139833687704 ], [ 6.335939378395434, 52.356208723614607 ], [ 6.343082139489049, 52.370031990503968 ], [ 6.357262196417719, 52.377030583049091 ], [ 6.382474658364679, 52.380649318822528 ], [ 6.388649109389382, 52.380312599162259 ], [ 6.3944704052178, 52.392206881497465 ], [ 6.401364350000167, 52.406327526859648 ], [ 6.405169501316328, 52.415541601676402 ], [ 6.390315132103749, 52.428144518025022 ], [ 6.428777161179853, 52.438687450001467 ], [ 6.438408355518782, 52.444025024642869 ], [ 6.438619367577152, 52.445798003665161 ], [ 6.438379463185208, 52.447563163792729 ], [ 6.442515760796065, 52.450070679789221 ], [ 6.444381940010968, 52.454615478890517 ], [ 6.441781763160535, 52.455249981152598 ], [ 6.442959848393643, 52.456929779337507 ], [ 6.445628045635755, 52.460918954673261 ], [ 6.447423634286914, 52.461698150816986 ], [ 6.450098300749774, 52.461256417645565 ], [ 6.451244575849588, 52.461583498696982 ], [ 6.447465170249764, 52.465324581130353 ], [ 6.448375183023087, 52.466468661387523 ], [ 6.450492141764782, 52.466898713783742 ], [ 6.451545327202552, 52.464741813391456 ], [ 6.45235536839072, 52.464516656121575 ], [ 6.453273315275438, 52.466489283430441 ], [ 6.451100593981367, 52.468826621917593 ], [ 6.453005979468811, 52.471206734418992 ], [ 6.452912438930019, 52.470047811924758 ], [ 6.454222080571851, 52.469334088379775 ], [ 6.458472921826719, 52.469938157059026 ], [ 6.46137007904152, 52.471290913080637 ], [ 6.461700531322365, 52.473406513423612 ], [ 6.46430935262861, 52.474663024196538 ], [ 6.472442446026532, 52.475688325263071 ], [ 6.47840512492063, 52.477604500518289 ], [ 6.488721367287992, 52.476895667453093 ], [ 6.496031776180835, 52.481194865839839 ], [ 6.503773163427531, 52.481721681768917 ], [ 6.505468751316482, 52.49096261412965 ], [ 6.510015803978149, 52.490650796018002 ], [ 6.510017273871759, 52.490650694913491 ], [ 6.534402524701936, 52.48897537207359 ], [ 6.554463460120806, 52.487593288491439 ], [ 6.565289076124336, 52.485654092924534 ], [ 6.572990616939872, 52.484271540403093 ], [ 6.595188119720464, 52.480303296289563 ], [ 6.601035022487896, 52.479470231660919 ], [ 6.611421202507752, 52.466864917936974 ], [ 6.613001383776306, 52.46560324783502 ], [ 6.616570462711909, 52.469368533915848 ], [ 6.62260703990185, 52.471475266138548 ], [ 6.626820825612096, 52.473831259871304 ], [ 6.631216804852325, 52.47197258753183 ], [ 6.635620649250807, 52.471647225033607 ], [ 6.640584449524852, 52.473105145973086 ], [ 6.641541226493295, 52.471243853269876 ], [ 6.649555602188943, 52.473089884524732 ], [ 6.651100231411975, 52.475156775430598 ], [ 6.647459617032291, 52.478614039207137 ], [ 6.654578210321505, 52.482715243467723 ], [ 6.653659030798507, 52.487832163353403 ], [ 6.662972057560196, 52.492335895610559 ], [ 6.669301277978281, 52.494980733280094 ], [ 6.673404531472954, 52.493513703963323 ] ] ] ] } },
{ "type": "Feature", "properties": { "fid": 21, "ck_zk": "ZK23", "jrstatcode": "2025ZK23", "statnaam": "Utrecht", "rubriek": "zorgkantoorregio", "id": 21 }, "geometry": { "type": "MultiPolygon", "coordinates": [ [ [ [ 5.021543196394508, 52.302456850009563 ], [ 5.021867208979982, 52.28265326889607 ], [ 5.022826485026242, 52.282150431189478 ], [ 5.024381632669321, 52.281357446748565 ], [ 5.030528417835409, 52.288487181288033 ], [ 5.033212457394684, 52.286258104354353 ], [ 5.039521331519451, 52.283263304484528 ], [ 5.040742248446493, 52.283875028731572 ], [ 5.04277865748143, 52.282488139333573 ], [ 5.050420246005387, 52.287862682239215 ], [ 5.052738048042331, 52.286508238498577 ], [ 5.059540299286015, 52.289320133136577 ], [ 5.063425822102571, 52.287055111509567 ], [ 5.064791874263108, 52.285080543725357 ], [ 5.065471486614254, 52.285198157139021 ], [ 5.065863351754013, 52.281139880868892 ], [ 5.065858514844543, 52.280537327445479 ], [ 5.064412425143185, 52.280737600508765 ], [ 5.062872994348557, 52.282199646865514 ], [ 5.062858837717778, 52.284778292781212 ], [ 5.060398073868885, 52.285143109123901 ], [ 5.050753455708156, 52.281817806389391 ], [ 5.049666116638086, 52.280205874986017 ], [ 5.049679801922665, 52.277988858607031 ], [ 5.048237536848301, 52.276960437629604 ], [ 5.042521969057626, 52.277930300020074 ], [ 5.033069984466158, 52.275289884161289 ], [ 5.030933101842481, 52.272502869404597 ], [ 5.029813730182406, 52.272043503310094 ], [ 5.028295396218105, 52.272032135254683 ], [ 5.023710261362141, 52.273208170300265 ], [ 5.022886886924665, 52.272483437106402 ], [ 5.023310111439562, 52.271471993071806 ], [ 5.026339209767423, 52.268661386414102 ], [ 5.027626835030745, 52.267777643510819 ], [ 5.027854682123514, 52.266246433437786 ], [ 5.026551005935262, 52.264198613391862 ], [ 5.03145378168343, 52.261305698999017 ], [ 5.032572530684435, 52.259974915452396 ], [ 5.032505038272917, 52.258743792006442 ], [ 5.030709873684419, 52.256890262844024 ], [ 5.032122534785752, 52.254618493109248 ], [ 5.035255369373886, 52.252644866687596 ], [ 5.037196398051242, 52.253441191323255 ], [ 5.040253175588553, 52.256576380796389 ], [ 5.04187884641245, 52.256559965864533 ], [ 5.043427851260152, 52.25544854127034 ], [ 5.044191584607674, 52.25160426353716 ], [ 5.045258112641387, 52.249868472821554 ], [ 5.046442988444181, 52.24872509055249 ], [ 5.045996318642128, 52.243220549815277 ], [ 5.056901999339825, 52.236522344186746 ], [ 5.05771279285552, 52.235342588496302 ], [ 5.057408411316008, 52.23524752679058 ], [ 5.05676173400347, 52.235592837862079 ], [ 5.055789549384007, 52.235213595612791 ], [ 5.056224256550338, 52.234978666800934 ], [ 5.042313433398877, 52.230531677676296 ], [ 5.041585570519996, 52.230888222961525 ], [ 5.041428705863142, 52.230077863489896 ], [ 5.040545488647117, 52.229841962706068 ], [ 5.040696513245002, 52.229567457431358 ], [ 5.041256315838631, 52.229506102653978 ], [ 5.041144619292125, 52.229323445601523 ], [ 5.042484454907703, 52.228779883387496 ], [ 5.041685795058564, 52.228234512565173 ], [ 5.038730558437262, 52.22517941526975 ], [ 5.037101783319567, 52.225341648868032 ], [ 5.036964891735808, 52.224788950763283 ], [ 5.039873206791377, 52.224387324810017 ], [ 5.041928838430628, 52.224088678731391 ], [ 5.041983940668938, 52.224326650323896 ], [ 5.042795657596923, 52.224039510469424 ], [ 5.042632502235691, 52.22386555048864 ], [ 5.041922574671635, 52.224062218053724 ], [ 5.041907180101372, 52.223993057985815 ], [ 5.039362948744495, 52.224407089861693 ], [ 5.039211791959226, 52.223944518844348 ], [ 5.036665603760619, 52.224360154144847 ], [ 5.035848998815417, 52.217529137417934 ], [ 5.037118902671438, 52.216596475977823 ], [ 5.036909314691437, 52.215155722623571 ], [ 5.035683425542503, 52.215124658897842 ], [ 5.035329562331759, 52.214462266119924 ], [ 5.037242932273548, 52.214188615018926 ], [ 5.036742066341113, 52.213663359719519 ], [ 5.03378795620158, 52.213713995285858 ], [ 5.033729681766694, 52.213123036579134 ], [ 5.034353826644375, 52.213117460650182 ], [ 5.033400586871716, 52.209836231866745 ], [ 5.036443697987681, 52.209564066150186 ], [ 5.036444743340167, 52.20956397308381 ], [ 5.035316237293976, 52.205232595331644 ], [ 5.037421020948798, 52.204964512734378 ], [ 5.036649899088371, 52.20213798678062 ], [ 5.025599861709452, 52.203981824255756 ], [ 5.025455058876333, 52.203279300381297 ], [ 5.025034699847247, 52.203277612112672 ], [ 5.024996261625613, 52.202843893985452 ], [ 5.023315078621092, 52.203050841176939 ], [ 5.023432856489143, 52.203828390383563 ], [ 5.022621035919692, 52.203941462902755 ], [ 5.022473496648429, 52.20267384205183 ], [ 5.023101083559321, 52.202753555618834 ], [ 5.023025933654335, 52.202038978304238 ], [ 5.022686429252025, 52.202235970130516 ], [ 5.021603895174345, 52.202541989488367 ], [ 5.021586742478815, 52.202475227948945 ], [ 5.022031667328018, 52.202383210898191 ], [ 5.02245201851737, 52.20222550257094 ], [ 5.022935402401035, 52.201709482784423 ], [ 5.021384346759376, 52.202036610207173 ], [ 5.021292959948611, 52.201885743249953 ], [ 5.022769094872558, 52.201534187645215 ], [ 5.02606126206141, 52.201373961511081 ], [ 5.027942336311307, 52.19995886379602 ], [ 5.03097211656894, 52.198764076535241 ], [ 5.037124708899609, 52.198052709089211 ], [ 5.0372042124292, 52.196847585433936 ], [ 5.038134078369397, 52.195163172595507 ], [ 5.036646304663575, 52.193733305175193 ], [ 5.035584478152012, 52.19097460661613 ], [ 5.034977237777944, 52.186802954778052 ], [ 5.033764727818623, 52.186163712438429 ], [ 5.032503227235234, 52.184113407909216 ], [ 5.041591768114565, 52.183751521255957 ], [ 5.046463540806306, 52.165929111117187 ], [ 5.078655973936567, 52.172985689602463 ], [ 5.115311140794645, 52.179816286945425 ], [ 5.121412578349918, 52.180952754200263 ], [ 5.124110587860274, 52.180827391938287 ], [ 5.14322521144519, 52.179999079924741 ], [ 5.143344316089706, 52.180298838633689 ], [ 5.166740206642757, 52.17897579151645 ], [ 5.169704815136731, 52.178802697958282 ], [ 5.179431666389857, 52.178213386877083 ], [ 5.184185568068265, 52.177954666073923 ], [ 5.19258596492611, 52.177832945608294 ], [ 5.215500726657339, 52.204273425512241 ], [ 5.216529301202584, 52.205450735358184 ], [ 5.217214078318181, 52.206232785894024 ], [ 5.21648657446883, 52.206366806758638 ], [ 5.21896032236997, 52.212128714433277 ], [ 5.22057749947732, 52.21597137070281 ], [ 5.224730241326966, 52.225197094375261 ], [ 5.23263310804912, 52.224988485005731 ], [ 5.254167259398308, 52.22444523874595 ], [ 5.255589311299292, 52.224413248117926 ], [ 5.255725549095026, 52.22441055414366 ], [ 5.27057248704696, 52.2240064437404 ], [ 5.283106987486509, 52.223540294030656 ], [ 5.287574555559977, 52.222882506299129 ], [ 5.288803376964319, 52.222992546487255 ], [ 5.294168253797277, 52.223545125172471 ], [ 5.300969551581312, 52.223524294401138 ], [ 5.302721495763617, 52.222371377803178 ], [ 5.302654194088878, 52.221481498950808 ], [ 5.306444023795209, 52.219459272221329 ], [ 5.313157882423337, 52.221951285073736 ], [ 5.314613031814174, 52.224535295930394 ], [ 5.313128565237514, 52.225649018685061 ], [ 5.312617312374194, 52.225288996063114 ], [ 5.313403701752963, 52.224701928237351 ], [ 5.311206982548162, 52.224567473348905 ], [ 5.310079476734296, 52.225964071384723 ], [ 5.310649309630883, 52.226227218225908 ], [ 5.311593698345193, 52.226507822843701 ], [ 5.31064244715519, 52.227591276898977 ], [ 5.307400682424208, 52.229190018045578 ], [ 5.30661149162584, 52.230267904002488 ], [ 5.307682822734308, 52.231596523932069 ], [ 5.309767574008744, 52.232186039820476 ], [ 5.312277974175209, 52.232828829673672 ], [ 5.313410085201856, 52.235252392667448 ], [ 5.310893089382911, 52.242119559915857 ], [ 5.310662023903749, 52.246325902846571 ], [ 5.314128992722151, 52.251954165711034 ], [ 5.32423155873815, 52.252983334447073 ], [ 5.328583077027327, 52.25531745393684 ], [ 5.328368274934138, 52.257170175823049 ], [ 5.323177420931448, 52.2605434770459 ], [ 5.322032116499222, 52.26232601502641 ], [ 5.322621472966591, 52.263881408477815 ], [ 5.326728403840277, 52.266144930714276 ], [ 5.32853425022131, 52.268705831767342 ], [ 5.331240842385961, 52.273610670719748 ], [ 5.339673202122389, 52.270204044490704 ], [ 5.34088052325929, 52.270698517360628 ], [ 5.350021820181647, 52.268817708999748 ], [ 5.356926506690418, 52.269834942831977 ], [ 5.36110023721954, 52.268290861117372 ], [ 5.363313129137587, 52.268476495260423 ], [ 5.366687408945801, 52.266953274526621 ], [ 5.371425806325168, 52.263187932771778 ], [ 5.370060894757088, 52.263166512768038 ], [ 5.370290990677606, 52.262263564710992 ], [ 5.372413974211283, 52.260843240754049 ], [ 5.373252100359461, 52.261291487308199 ], [ 5.371289906087189, 52.26268326848038 ], [ 5.371408679427433, 52.262742980921303 ], [ 5.374225043708281, 52.261667902536281 ], [ 5.374199174873518, 52.261651989600814 ], [ 5.374724354471458, 52.26002466626003 ], [ 5.377459474541302, 52.259019481368369 ], [ 5.381695807161821, 52.258018915734816 ], [ 5.382113441853329, 52.259275813961885 ], [ 5.382522886613622, 52.259184742958759 ], [ 5.384045913535173, 52.257160859547476 ], [ 5.388770195850542, 52.253956506749304 ], [ 5.388973892463126, 52.252826489162324 ], [ 5.400851768752737, 52.247455736756237 ], [ 5.403641431671612, 52.247098606766698 ], [ 5.411863022592837, 52.246316753369648 ], [ 5.41464201317879, 52.245797601824492 ], [ 5.425032457042339, 52.249527947273542 ], [ 5.430274129745271, 52.250240667254509 ], [ 5.435309592876403, 52.252333683987253 ], [ 5.452585887725117, 52.253749070317845 ], [ 5.454339672282063, 52.253513583412655 ], [ 5.459958954162516, 52.255289789889467 ], [ 5.46242180233679, 52.255395254357921 ], [ 5.463390412563983, 52.256457948469432 ], [ 5.464169634121262, 52.259265463346992 ], [ 5.464325356863555, 52.259272956250534 ], [ 5.465191088923357, 52.255649067187925 ], [ 5.464745017338396, 52.255608988346424 ], [ 5.464812678775592, 52.255181063015911 ], [ 5.466057051016429, 52.255458669482294 ], [ 5.465961539980309, 52.255850681010024 ], [ 5.466530505874121, 52.255924700335761 ], [ 5.466095776473091, 52.257990785661995 ], [ 5.465555339956992, 52.257948651875786 ], [ 5.465131372773684, 52.259333909776316 ], [ 5.46530108997486, 52.259371671023118 ], [ 5.465462256965093, 52.258882792437269 ], [ 5.466115487045549, 52.258803883082081 ], [ 5.466598303639393, 52.258348405920422 ], [ 5.471284838221307, 52.259341386385742 ], [ 5.470861609077859, 52.259667147834534 ], [ 5.468471163281781, 52.259278620197648 ], [ 5.468283754583924, 52.259569563611372 ], [ 5.470760186436034, 52.260080337822103 ], [ 5.469855342132909, 52.261224141608011 ], [ 5.471161059175907, 52.261802921742664 ], [ 5.470857320107875, 52.261949534734917 ], [ 5.467585020486998, 52.261650579590956 ], [ 5.470843386892546, 52.262632039159911 ], [ 5.470533633607789, 52.263245146302758 ], [ 5.469813419671076, 52.263247289689026 ], [ 5.471447185412245, 52.26354072297142 ], [ 5.47069250436847, 52.263296923860253 ], [ 5.47095080509607, 52.262658955863806 ], [ 5.476136735930248, 52.263109254155189 ], [ 5.472907302792122, 52.262223025326492 ], [ 5.472994398262452, 52.262025930518391 ], [ 5.474323051450092, 52.26202714593898 ], [ 5.474291526864435, 52.261719517262833 ], [ 5.472221162133028, 52.261268500447521 ], [ 5.473657186299708, 52.257615035478921 ], [ 5.474810005267478, 52.257058363121452 ], [ 5.478619572754936, 52.257819679198576 ], [ 5.478542890613271, 52.257431534415801 ], [ 5.474192020158945, 52.25646992395297 ], [ 5.481325042940306, 52.243392167874013 ], [ 5.483690292626931, 52.239243547756978 ], [ 5.487881236114133, 52.236594727168104 ], [ 5.490012967884455, 52.235828780634911 ], [ 5.496081783908344, 52.23627908016568 ], [ 5.497391884118923, 52.236372269509545 ], [ 5.499382209866829, 52.233884050804988 ], [ 5.500994386142935, 52.234119856400731 ], [ 5.501705333840608, 52.232960261950403 ], [ 5.506443027190484, 52.231593419042071 ], [ 5.508152144411423, 52.232506054045281 ], [ 5.510333315638734, 52.23283800004176 ], [ 5.510998771527339, 52.233808652366882 ], [ 5.510246938001279, 52.235330158670756 ], [ 5.512974437169173, 52.235731931113179 ], [ 5.512765143978324, 52.2346903141041 ], [ 5.515015182575516, 52.234345274948375 ], [ 5.515573269994932, 52.23412794400199 ], [ 5.514878603960341, 52.231141741564443 ], [ 5.517681208997223, 52.231412128969843 ], [ 5.517510435794504, 52.230958828436826 ], [ 5.5193971517135, 52.230620980096724 ], [ 5.523485770915264, 52.22750081553319 ], [ 5.523014948323614, 52.227303869114998 ], [ 5.526941412094557, 52.223043626849119 ], [ 5.533144806892784, 52.219103828193916 ], [ 5.534592309612901, 52.219296372309444 ], [ 5.53622373140152, 52.217602389157385 ], [ 5.540414714474423, 52.213254055206605 ], [ 5.539610663084491, 52.213173361453798 ], [ 5.539845980070644, 52.212127221780406 ], [ 5.54135448547485, 52.212278863957231 ], [ 5.549551284477806, 52.203649306785302 ], [ 5.549917344083392, 52.202336240026597 ], [ 5.607726033596117, 52.205063357205049 ], [ 5.607968502787256, 52.205093082286318 ], [ 5.633267391437077, 52.20816659764845 ], [ 5.634862021861964, 52.203805754833397 ], [ 5.625742951946151, 52.192825457980014 ], [ 5.624283207302526, 52.193326250023752 ], [ 5.619633804550517, 52.193119236963277 ], [ 5.618579341375276, 52.191182862439092 ], [ 5.617796743157459, 52.191181564821754 ], [ 5.616918091077969, 52.192135331960905 ], [ 5.617444271633187, 52.194358756365943 ], [ 5.607762228617561, 52.194197510092899 ], [ 5.607749262021233, 52.195161701789118 ], [ 5.601948570887691, 52.196491747455383 ], [ 5.600248999441654, 52.19765144514372 ], [ 5.595557460474009, 52.196341320847949 ], [ 5.589922080705882, 52.195959853825997 ], [ 5.589553632239485, 52.195430767346252 ], [ 5.587951907543645, 52.19542580196336 ], [ 5.588160321426573, 52.19484144992915 ], [ 5.583197705679586, 52.19541061880448 ], [ 5.580270281252113, 52.194500552424884 ], [ 5.577666731656278, 52.19479700016273 ], [ 5.575173827427549, 52.192665962965222 ], [ 5.576926593576966, 52.191667019116863 ], [ 5.577930269255628, 52.186183223474337 ], [ 5.575272594468976, 52.187007665107259 ], [ 5.574837099883564, 52.186169653025487 ], [ 5.566493490778203, 52.186521487774655 ], [ 5.564527963444498, 52.185340592096203 ], [ 5.565229001635416, 52.180724570947419 ], [ 5.566989005328654, 52.1808122197179 ], [ 5.568180882667201, 52.179916360003389 ], [ 5.56889137718112, 52.177908698250896 ], [ 5.565276485651907, 52.178111453468958 ], [ 5.554641456742027, 52.175684123818733 ], [ 5.54892265143892, 52.175320519091471 ], [ 5.546607675611123, 52.176781000907489 ], [ 5.544536089725935, 52.177132465495077 ], [ 5.54219331104011, 52.17784566328281 ], [ 5.537698363232133, 52.182072476538551 ], [ 5.534396119470022, 52.185834269720424 ], [ 5.530807868275514, 52.191539263288064 ], [ 5.52920645334726, 52.191002460377192 ], [ 5.521209091773446, 52.191834573235255 ], [ 5.512084482925085, 52.188573821752904 ], [ 5.504934539064577, 52.188574763243963 ], [ 5.504176785526496, 52.18913479777958 ], [ 5.500823501748752, 52.188576856883415 ], [ 5.496309210310735, 52.186617872225462 ], [ 5.495933866637572, 52.186856065564548 ], [ 5.49536574579305, 52.186114269912864 ], [ 5.485609593197766, 52.181974290980065 ], [ 5.485182295868539, 52.174695270820465 ], [ 5.485099082281438, 52.171780462539459 ], [ 5.480846389636952, 52.16795494291668 ], [ 5.479922362585093, 52.165814554991137 ], [ 5.478948270008007, 52.164741153923394 ], [ 5.475507958073319, 52.164377571193377 ], [ 5.47326568312158, 52.163264198235034 ], [ 5.472433304005097, 52.162850865932846 ], [ 5.472865765703495, 52.161848398934353 ], [ 5.475519830714223, 52.162161680568197 ], [ 5.479196697128446, 52.161360738073512 ], [ 5.482116095322874, 52.159795681924713 ], [ 5.482013260815053, 52.159547389717844 ], [ 5.481495536102809, 52.158297308814312 ], [ 5.484317295704738, 52.158063855116751 ], [ 5.484073550634441, 52.155346096625578 ], [ 5.483767058155547, 52.15398109917831 ], [ 5.48134176553574, 52.150500974372392 ], [ 5.483794674888673, 52.149465140851639 ], [ 5.489475634529395, 52.148219216732997 ], [ 5.498984666916545, 52.147361429640888 ], [ 5.497306242821561, 52.141443501204648 ], [ 5.500002497957512, 52.141042980688646 ], [ 5.502603094681563, 52.139535616187672 ], [ 5.507591871817094, 52.138865800553646 ], [ 5.507450244309839, 52.138531638032504 ], [ 5.511690226245354, 52.137493580907879 ], [ 5.514079390291934, 52.135923062822464 ], [ 5.512443866953157, 52.134329735074402 ], [ 5.512366677652127, 52.13422384179821 ], [ 5.51188089319955, 52.134115009469056 ], [ 5.511998728992399, 52.133998056343593 ], [ 5.512039448990189, 52.13363677681923 ], [ 5.511667584301197, 52.132050509605264 ], [ 5.509203092156143, 52.131945268914762 ], [ 5.507676859282936, 52.131124809322174 ], [ 5.504988367064083, 52.131087604672025 ], [ 5.501488339510826, 52.129938894555522 ], [ 5.499097924386456, 52.130541569123487 ], [ 5.497913059059924, 52.130282891862336 ], [ 5.496759075113313, 52.12481428434797 ], [ 5.494704700674303, 52.124717634021586 ], [ 5.495060038840908, 52.121993464978473 ], [ 5.496917681310252, 52.119557487006105 ], [ 5.50004229840903, 52.119200011168964 ], [ 5.50337164276195, 52.119659192367344 ], [ 5.505353945037485, 52.119750446668121 ], [ 5.503755992024413, 52.116585633088008 ], [ 5.507551426419967, 52.115616009269594 ], [ 5.507702067276892, 52.113896963690216 ], [ 5.50630154119999, 52.1143104616527 ], [ 5.50386780290434, 52.113745333660297 ], [ 5.502610294876358, 52.115092417861355 ], [ 5.498916518954085, 52.116017637180079 ], [ 5.495625918978629, 52.115585794085064 ], [ 5.488082222938113, 52.116101122861451 ], [ 5.486447088276168, 52.115359736324962 ], [ 5.491873257606836, 52.114485123746697 ], [ 5.493921916558556, 52.112764078045615 ], [ 5.493861741262752, 52.111097263206148 ], [ 5.484301742753559, 52.105542117718599 ], [ 5.485267150522, 52.099100175926658 ], [ 5.484739537947653, 52.096624423449278 ], [ 5.486082696439794, 52.093656769437722 ], [ 5.483115024558683, 52.092747130456033 ], [ 5.476784635093106, 52.090379893585613 ], [ 5.474720981665574, 52.090221001885283 ], [ 5.472945196363718, 52.089110042122897 ], [ 5.471835257730521, 52.08930221830073 ], [ 5.471491699751454, 52.088200650246058 ], [ 5.467903598478706, 52.085955490401432 ], [ 5.46405356642964, 52.083056177185561 ], [ 5.463367709863102, 52.083442165355642 ], [ 5.461299134114952, 52.082646024498395 ], [ 5.45967809855976, 52.082003409672474 ], [ 5.46014778376926, 52.080952102744199 ], [ 5.459242922467761, 52.080225752928747 ], [ 5.461328347129281, 52.079311415171333 ], [ 5.465653332424219, 52.078288187080759 ], [ 5.466439739172214, 52.076100481535804 ], [ 5.467373875825762, 52.075492049459413 ], [ 5.470904425365748, 52.074686282144441 ], [ 5.473661482211768, 52.073134801013062 ], [ 5.476359272246957, 52.072647197884066 ], [ 5.484358761825482, 52.069452115977391 ], [ 5.4858903923857, 52.070263296489308 ], [ 5.488282002186399, 52.070392589859011 ], [ 5.490696483004868, 52.071410535748782 ], [ 5.494067152228348, 52.071908291244007 ], [ 5.496128045290448, 52.071677933424141 ], [ 5.499882446522591, 52.071335205614368 ], [ 5.502092373150258, 52.073345206462569 ], [ 5.504584378402764, 52.073349622226779 ], [ 5.504922798757212, 52.075988969633443 ], [ 5.505003289736722, 52.076742310739313 ], [ 5.506836656922079, 52.076748334302295 ], [ 5.509112976397574, 52.076977035543358 ], [ 5.510360777463597, 52.078055003241417 ], [ 5.509922651325361, 52.079050177476873 ], [ 5.514453323177307, 52.078795326346764 ], [ 5.519413929384975, 52.079206848876268 ], [ 5.520357237133712, 52.0783076991897 ], [ 5.52265441322459, 52.077542117545811 ], [ 5.526896257269579, 52.080679902612211 ], [ 5.53114218791944, 52.082279530298116 ], [ 5.531306078118361, 52.08393924218872 ], [ 5.526634174081151, 52.08490339975986 ], [ 5.530856074381418, 52.089774388213051 ], [ 5.537118480633666, 52.088643810940781 ], [ 5.538293934641315, 52.092689728891699 ], [ 5.535079190075906, 52.092874623505153 ], [ 5.538830674046427, 52.096436185011228 ], [ 5.539160181441284, 52.097813705696353 ], [ 5.532816949823165, 52.099983881705768 ], [ 5.531543293471545, 52.102266960379659 ], [ 5.541539925291246, 52.103737096566029 ], [ 5.544012636740613, 52.101948898339501 ], [ 5.546302197375958, 52.102443637308468 ], [ 5.545291792114641, 52.104390041736018 ], [ 5.550342587549018, 52.105419542474216 ], [ 5.553063469065193, 52.100954006512474 ], [ 5.554235791800082, 52.100151219574158 ], [ 5.550542421320212, 52.096676362621579 ], [ 5.55442927028402, 52.095391918009973 ], [ 5.554434925244029, 52.093468632359404 ], [ 5.555869540371862, 52.09181954590386 ], [ 5.554718115012507, 52.091498393488472 ], [ 5.554927352548169, 52.086510280243211 ], [ 5.555909594867083, 52.087117699905029 ], [ 5.557053037986815, 52.086867293507972 ], [ 5.557418320731711, 52.086178137718754 ], [ 5.556687259441548, 52.085482762665656 ], [ 5.560753881642206, 52.084210689140285 ], [ 5.560710779551274, 52.081412863583871 ], [ 5.562746193632108, 52.078277984195061 ], [ 5.561443513198635, 52.073286295887037 ], [ 5.560313863073514, 52.072152693577593 ], [ 5.55921055927358, 52.071033701329888 ], [ 5.560729348082988, 52.067501496460153 ], [ 5.557903285826308, 52.048865119387372 ], [ 5.570852936752805, 52.047996988686997 ], [ 5.569975358936193, 52.045636562511739 ], [ 5.570010907048403, 52.044495087717287 ], [ 5.570152222838201, 52.04443978802194 ], [ 5.570044984714821, 52.043400833132409 ], [ 5.569754359186343, 52.043414871778253 ], [ 5.568657150195652, 52.042396508555072 ], [ 5.567400900535961, 52.040624906133395 ], [ 5.568314562313293, 52.040269151179572 ], [ 5.577288644739638, 52.038326797607482 ], [ 5.589960903929206, 52.034411442370804 ], [ 5.590022802850485, 52.0343032399606 ], [ 5.589907112418986, 52.032692725462333 ], [ 5.589756380599586, 52.032697622970765 ], [ 5.589588678144562, 52.031176589689295 ], [ 5.586711623441599, 52.031290422569505 ], [ 5.587347617029915, 52.027263838646462 ], [ 5.587445958913838, 52.026641153844501 ], [ 5.587199848846056, 52.020448656253251 ], [ 5.590242100595251, 52.02026673945759 ], [ 5.589621609857192, 52.015594816331181 ], [ 5.586922245868601, 52.015713176485825 ], [ 5.586750695154486, 52.012285916173624 ], [ 5.586014621817013, 52.011776280584535 ], [ 5.587422092089005, 52.010921682323378 ], [ 5.58948874276898, 52.009455522979593 ], [ 5.591112700389702, 52.007301473511248 ], [ 5.590808130664798, 52.003024802492547 ], [ 5.591997672005076, 52.001392291517718 ], [ 5.596556305538543, 51.999201539061616 ], [ 5.602515013823605, 51.994997828439168 ], [ 5.606017013649979, 51.994164351289946 ], [ 5.609972265310212, 51.993691533437371 ], [ 5.613812804988989, 51.990342780587213 ], [ 5.615059958046436, 51.982716940852818 ], [ 5.619888313179841, 51.977710345701489 ], [ 5.626064193314598, 51.974070063653443 ], [ 5.624855689070761, 51.970448364777056 ], [ 5.620258227663947, 51.966582325899083 ], [ 5.623213553760383, 51.962564739737779 ], [ 5.626495188147675, 51.957365744453945 ], [ 5.627308561987814, 51.952473304799383 ], [ 5.62502743733135, 51.951614829769383 ], [ 5.623446479864046, 51.951945559601612 ], [ 5.62016249455284, 51.951498111213951 ], [ 5.620437269038637, 51.948324781117677 ], [ 5.616427933586841, 51.949353544818386 ], [ 5.605939647188888, 51.94312478453368 ], [ 5.603911084571992, 51.943883272031819 ], [ 5.592736557938135, 51.949182559465733 ], [ 5.586616586992887, 51.950828947845253 ], [ 5.575574378434689, 51.952826551299303 ], [ 5.561252509155969, 51.954501793228452 ], [ 5.556933776462782, 51.95571102430803 ], [ 5.549561074079531, 51.959196893031788 ], [ 5.540208133629515, 51.967281506987376 ], [ 5.537520484476508, 51.968285327620841 ], [ 5.527113035062953, 51.970219066574543 ], [ 5.518829562764779, 51.971573613026614 ], [ 5.518222132764759, 51.971693390159594 ], [ 5.510979363292189, 51.973643226088612 ], [ 5.500751005113353, 51.978592046726916 ], [ 5.486214004563034, 51.98382644318589 ], [ 5.477664499531541, 51.983472671457385 ], [ 5.472686603522912, 51.982977613796017 ], [ 5.457011991660738, 51.98368404978995 ], [ 5.442408233860953, 51.985947527843066 ], [ 5.436243938215127, 51.985348437729591 ], [ 5.430399878984731, 51.98326509845802 ], [ 5.423363655296438, 51.978755423428403 ], [ 5.418155579527131, 51.976605703762928 ], [ 5.399337609624783, 51.97310277910691 ], [ 5.390976067921979, 51.970730196704316 ], [ 5.382798343101973, 51.969263944042943 ], [ 5.376011287919481, 51.969210643114124 ], [ 5.363016120841857, 51.97095010533981 ], [ 5.355638266108868, 51.970353852448547 ], [ 5.34825522327628, 51.967686327858225 ], [ 5.339825067543235, 51.961137016832176 ], [ 5.339693523868541, 51.961028007185881 ], [ 5.333118383129909, 51.957200904359361 ], [ 5.323439143698773, 51.955097105622073 ], [ 5.316600706381483, 51.955220939621348 ], [ 5.31087099335263, 51.957013673976938 ], [ 5.30089413708028, 51.961568560012807 ], [ 5.282608034776488, 51.963162515299857 ], [ 5.27037360372902, 51.965426621311991 ], [ 5.262104259769673, 51.96820597995692 ], [ 5.256271137668384, 51.970941399161731 ], [ 5.24652374464524, 51.977498236021759 ], [ 5.242270383430723, 51.978729718402128 ], [ 5.236867077139562, 51.978757477242226 ], [ 5.233006667953751, 51.977550422971881 ], [ 5.229912519749953, 51.975648958906234 ], [ 5.223956865572223, 51.96781407986483 ], [ 5.219058412358938, 51.96342762199712 ], [ 5.213470228649492, 51.960666043969724 ], [ 5.213435454460688, 51.960653268021439 ], [ 5.205988819877732, 51.959432483018247 ], [ 5.198845475017989, 51.96019776986568 ], [ 5.189720663422397, 51.962914217159799 ], [ 5.180226656080335, 51.967448325528878 ], [ 5.172721949548247, 51.969617318595724 ], [ 5.16095343949704, 51.970470054985462 ], [ 5.154603578528969, 51.971766155734528 ], [ 5.14971369198154, 51.974271348043629 ], [ 5.146883184179596, 51.976817402127452 ], [ 5.143610581939971, 51.984149350280859 ], [ 5.143595873904202, 51.984218231510589 ], [ 5.141880508068253, 51.99073009106705 ], [ 5.13967676084927, 51.993943234300978 ], [ 5.133868034710612, 51.996687252223353 ], [ 5.12821678686461, 51.997753001039904 ], [ 5.119563210007086, 51.999924133949278 ], [ 5.113917527690851, 52.00167166560383 ], [ 5.102965583660942, 52.003026751136154 ], [ 5.091720863550043, 52.001915230185851 ], [ 5.077535241679903, 51.997451831997289 ], [ 5.066286185107292, 51.994073406698654 ], [ 5.062638115444032, 51.991233077487351 ], [ 5.04499531809206, 51.981958951227909 ], [ 5.040402204349428, 51.977443626720301 ], [ 5.038830287183673, 51.974136196923361 ], [ 5.036127489757115, 51.971328547295272 ], [ 5.032848896828819, 51.969746223763948 ], [ 5.02967287861039, 51.969203360882439 ], [ 5.022375664213801, 51.969726658062974 ], [ 5.01610326702513, 51.972140185625413 ], [ 5.01007749446494, 51.975544155495719 ], [ 5.002182384422555, 51.978215536199272 ], [ 4.998073523291346, 51.97787150487801 ], [ 4.991862257493433, 51.97585292535102 ], [ 4.98700296681781, 51.973307477473831 ], [ 4.983908080465726, 51.970593708746421 ], [ 4.978888037495471, 51.965957883055637 ], [ 4.976143228731426, 51.963445167235982 ], [ 4.96810177024313, 51.959336484537019 ], [ 4.963851347873049, 51.959434212684272 ], [ 4.957333549836152, 51.960984034374953 ], [ 4.948691208629898, 51.963471750338172 ], [ 4.943305367419554, 51.963942799478168 ], [ 4.939820507899614, 51.963439960753227 ], [ 4.933583535188458, 51.959707272132874 ], [ 4.926301291212212, 51.950927944259618 ], [ 4.919187601286363, 51.944728950784821 ], [ 4.914011340842761, 51.942435937938974 ], [ 4.877792920155559, 51.938030675583256 ], [ 4.875812031641798, 51.943533564922483 ], [ 4.872755662569698, 51.950940686809531 ], [ 4.871597951255687, 51.953710696703062 ], [ 4.868956646935978, 51.95670673959237 ], [ 4.865673980645983, 51.960433347690639 ], [ 4.864304497700337, 51.963397360166077 ], [ 4.860382219234603, 51.968013506222825 ], [ 4.849765880113696, 51.973854075318414 ], [ 4.847553164557082, 51.975136900480095 ], [ 4.845546370421592, 51.975200503739856 ], [ 4.844296974682223, 51.976351809137398 ], [ 4.834114363667695, 51.985580247177239 ], [ 4.835217848184357, 51.986143020508017 ], [ 4.826968648948841, 51.992594686004914 ], [ 4.817805905521922, 51.999766889053788 ], [ 4.853602035871029, 52.004798410879033 ], [ 4.857126556382675, 52.005959507987889 ], [ 4.856385688617407, 52.006838058218321 ], [ 4.848602730774647, 52.016116915653328 ], [ 4.847203421273327, 52.017974303430123 ], [ 4.846895777654134, 52.018181708179206 ], [ 4.840178054058915, 52.016706942722237 ], [ 4.833334776270465, 52.016422934471429 ], [ 4.824994256849447, 52.017236608917571 ], [ 4.821484686945929, 52.015918291481228 ], [ 4.815858924397682, 52.014029992082165 ], [ 4.812631347410255, 52.013941832157109 ], [ 4.808285146402153, 52.014143241635523 ], [ 4.805394822530832, 52.014132928479995 ], [ 4.803410173810587, 52.014144549038214 ], [ 4.798700208048421, 52.022271728063245 ], [ 4.809933419604729, 52.026764517156323 ], [ 4.809659851364212, 52.027505925597382 ], [ 4.808670541965742, 52.029653903987487 ], [ 4.806704370126562, 52.033167301576114 ], [ 4.81182222805134, 52.033824511073846 ], [ 4.81719293019651, 52.036931096710781 ], [ 4.829360815621016, 52.049279513371125 ], [ 4.829490283666744, 52.049813400239657 ], [ 4.839093459508701, 52.054167400289963 ], [ 4.848048500015039, 52.05816468475323 ], [ 4.856305076402217, 52.059151787287306 ], [ 4.868225038756269, 52.063446332721441 ], [ 4.873200411814852, 52.068745393147672 ], [ 4.855231509573798, 52.068813546216589 ], [ 4.840376439874552, 52.068880068271874 ], [ 4.829807903191146, 52.066823402842907 ], [ 4.834035388545844, 52.072735850294038 ], [ 4.832789237378242, 52.072951043338264 ], [ 4.833045259568279, 52.074826929834622 ], [ 4.826275687671352, 52.074643575578378 ], [ 4.826492611217977, 52.079527175935866 ], [ 4.825629565962691, 52.079792332299036 ], [ 4.82563534598579, 52.080081474217863 ], [ 4.82339470379061, 52.092801216558648 ], [ 4.823055886140577, 52.105192804673514 ], [ 4.82438949402095, 52.105403075538483 ], [ 4.825314741101428, 52.107151089381802 ], [ 4.792080179629929, 52.122287379380644 ], [ 4.79236030114726, 52.123383272458433 ], [ 4.793490841428945, 52.123972736782214 ], [ 4.79835765554231, 52.125300603433971 ], [ 4.801980656694714, 52.124857543869247 ], [ 4.803497703642577, 52.126415648065922 ], [ 4.806365640775116, 52.12739626947748 ], [ 4.806674303205124, 52.12782250717185 ], [ 4.808052180238105, 52.129146650057066 ], [ 4.807790214039816, 52.129857720478768 ], [ 4.808352428335857, 52.131526212515624 ], [ 4.808846872494517, 52.13181379649518 ], [ 4.807675610122605, 52.134668205847696 ], [ 4.808726905233107, 52.137266629034883 ], [ 4.810250694305525, 52.13855929880414 ], [ 4.813111094566534, 52.140173243654658 ], [ 4.814929695918127, 52.139952522981268 ], [ 4.816665724377836, 52.139386931291519 ], [ 4.817916467146473, 52.140755207994957 ], [ 4.819170705531086, 52.141375535152029 ], [ 4.820533623926715, 52.142228768198201 ], [ 4.826471851529682, 52.142176331211722 ], [ 4.831970115514761, 52.144458043367877 ], [ 4.83305311287392, 52.144706057555666 ], [ 4.837520577969921, 52.140643750908673 ], [ 4.8407933405923, 52.141476767123997 ], [ 4.842583825816129, 52.139533122415159 ], [ 4.847412571871065, 52.138944942388001 ], [ 4.851535293860713, 52.13961564400995 ], [ 4.852483458079599, 52.138384312628688 ], [ 4.855238666869632, 52.137209618487162 ], [ 4.864915049596963, 52.137391122886861 ], [ 4.870543667138489, 52.138340157369385 ], [ 4.872710550213681, 52.138853474443238 ], [ 4.874518480819271, 52.13883141526054 ], [ 4.873623464337562, 52.156082509353375 ], [ 4.887574434214758, 52.159958165248518 ], [ 4.892178256131188, 52.161797920338351 ], [ 4.867129960502613, 52.173449253068526 ], [ 4.85546508215365, 52.178957715872919 ], [ 4.844061511056247, 52.180065687099898 ], [ 4.84299527375958, 52.180814890072661 ], [ 4.838383243368527, 52.183258299983706 ], [ 4.823615970080416, 52.193165472153225 ], [ 4.822253479093348, 52.196093515658667 ], [ 4.814399874184101, 52.199309252982033 ], [ 4.813104712427835, 52.201336482845143 ], [ 4.813594310150965, 52.201847118580837 ], [ 4.802925127414565, 52.201027757096718 ], [ 4.801615700413833, 52.204002582178411 ], [ 4.801480798556476, 52.20989144124065 ], [ 4.802146923109381, 52.217640635613058 ], [ 4.799014383289258, 52.219312031836623 ], [ 4.794429874012167, 52.223423400268828 ], [ 4.794575697702013, 52.226730665167196 ], [ 4.801942560183223, 52.226922204550952 ], [ 4.80527504607667, 52.227974168901156 ], [ 4.808198259599457, 52.22711518609006 ], [ 4.814100010902115, 52.22716933084596 ], [ 4.817192775751912, 52.228324892183934 ], [ 4.822002626902075, 52.229194393652676 ], [ 4.828613597850272, 52.230593093869416 ], [ 4.839632618743961, 52.235391292347579 ], [ 4.842845250437879, 52.235347237657308 ], [ 4.842995897736945, 52.236789971511278 ], [ 4.845995130944479, 52.237657785662954 ], [ 4.847325731319702, 52.239781375838568 ], [ 4.850792127746058, 52.238606618203399 ], [ 4.85215655257544, 52.239641216855212 ], [ 4.851273142949737, 52.24189019873819 ], [ 4.852053258587674, 52.242013490172859 ], [ 4.854937885688049, 52.242145619318464 ], [ 4.85529095483691, 52.245555963166588 ], [ 4.856534921351903, 52.246275755985714 ], [ 4.85752171636411, 52.247723055705372 ], [ 4.860620840930349, 52.248216809073149 ], [ 4.86611332111365, 52.250988275455718 ], [ 4.868779158330591, 52.251698344891707 ], [ 4.870121266278465, 52.253282155192345 ], [ 4.872289667838331, 52.251182047744194 ], [ 4.873852938211026, 52.250742634015204 ], [ 4.877728871488566, 52.252816106065467 ], [ 4.88271883800424, 52.253711516209883 ], [ 4.887585668922624, 52.250989230449711 ], [ 4.891759482573247, 52.253267668585956 ], [ 4.898568544630832, 52.250932240878207 ], [ 4.902930740889363, 52.25318180583217 ], [ 4.908547054127416, 52.252682614619964 ], [ 4.910970247137064, 52.252682238819624 ], [ 4.917303282638893, 52.256817243496457 ], [ 4.918553556698897, 52.258586171888794 ], [ 4.918086870984259, 52.261665135746853 ], [ 4.923136703113481, 52.263023177133718 ], [ 4.924713629871095, 52.266937260458199 ], [ 4.929390510379888, 52.268353331696346 ], [ 4.92929998137112, 52.26995832238282 ], [ 4.92801465590284, 52.271742156005359 ], [ 4.926651425743649, 52.272444791300899 ], [ 4.92765493270485, 52.273808317497938 ], [ 4.925985695997225, 52.278078312725171 ], [ 4.926402677419892, 52.279709263188657 ], [ 4.928587193839562, 52.279611280472444 ], [ 4.933755076466348, 52.280895767410172 ], [ 4.942691519470023, 52.278183959986961 ], [ 4.946667500608783, 52.278991551220571 ], [ 4.953764917963497, 52.278029650525426 ], [ 4.95524052492509, 52.278304901733208 ], [ 4.956571503126153, 52.278665651061054 ], [ 4.961053634284887, 52.278174201078421 ], [ 4.96263236520146, 52.280291329814304 ], [ 4.965801830678279, 52.280648879456002 ], [ 4.967576494829886, 52.279561637085614 ], [ 4.970372253719774, 52.283487419026571 ], [ 4.971839480589079, 52.28436069784707 ], [ 4.971851016279127, 52.284368324088781 ], [ 4.98350589065718, 52.29036813665715 ], [ 4.997475367290456, 52.289118354964096 ], [ 5.001757890366825, 52.292772555732945 ], [ 5.001851253794966, 52.295878770590974 ], [ 5.003239953520095, 52.296017931266917 ], [ 5.003245726220425, 52.296396301652585 ], [ 5.003765109680504, 52.298340489386995 ], [ 5.005264794834356, 52.298392833050066 ], [ 5.007951944591508, 52.301548559025747 ], [ 5.0127197251639, 52.303584137630494 ], [ 5.014264586891831, 52.303676920483241 ], [ 5.016174189744445, 52.303142880267963 ], [ 5.017702341017639, 52.302715485021594 ], [ 5.021543196394508, 52.302456850009563 ] ] ] ] } },
{ "type": "Feature", "properties": { "fid": 22, "ck_zk": "ZK24", "jrstatcode": "2025ZK24", "statnaam": "Waardenland", "rubriek": "zorgkantoorregio", "id": 22 }, "geometry": { "type": "MultiPolygon", "coordinates": [ [ [ [ 5.172721949548247, 51.969617318595724 ], [ 5.180226656080335, 51.967448325528878 ], [ 5.173991368818868, 51.960341560776264 ], [ 5.163005347185106, 51.946551325641416 ], [ 5.154663180646226, 51.937934992248742 ], [ 5.151467134150006, 51.933615253480909 ], [ 5.149437441712099, 51.933526975351029 ], [ 5.147963229906769, 51.932154956248361 ], [ 5.149007036344456, 51.930540264633699 ], [ 5.148459847748601, 51.929485190584082 ], [ 5.14243287512569, 51.924936581628607 ], [ 5.135674745403974, 51.918222742415892 ], [ 5.136571766777253, 51.914693319737331 ], [ 5.135720816011935, 51.914195367132002 ], [ 5.132376937200629, 51.914860402888181 ], [ 5.119672750625911, 51.898245199205299 ], [ 5.117028798882866, 51.89817592688344 ], [ 5.116985546483251, 51.896910631561525 ], [ 5.118498764202481, 51.896377686206357 ], [ 5.117582198878412, 51.892366345875374 ], [ 5.115393503823391, 51.890437695212761 ], [ 5.114274585385849, 51.889265756695046 ], [ 5.113263439884967, 51.888255120400956 ], [ 5.112736806283509, 51.887776179926647 ], [ 5.105759335174851, 51.888810936839718 ], [ 5.097995195439043, 51.887836898313665 ], [ 5.094825398344789, 51.88874353829317 ], [ 5.090364595448436, 51.888654490017522 ], [ 5.088445949113864, 51.887550715035893 ], [ 5.087492250036513, 51.884301427599311 ], [ 5.086585882493342, 51.881124548785259 ], [ 5.085933410392492, 51.880299043503499 ], [ 5.08365973936872, 51.87836083527273 ], [ 5.081277245511439, 51.876005267931504 ], [ 5.073041267176885, 51.874048011303223 ], [ 5.071739141697975, 51.874103962685112 ], [ 5.063387690923341, 51.874409771667828 ], [ 5.055362254895168, 51.873040931805591 ], [ 5.052310581203278, 51.869984486887397 ], [ 5.052198839889445, 51.866643008844925 ], [ 5.054199740969438, 51.865099082786976 ], [ 5.062781648892416, 51.862027533020196 ], [ 5.063624061341797, 51.860598834273929 ], [ 5.062358152453462, 51.859362053627095 ], [ 5.059185483862137, 51.858154483554024 ], [ 5.052999413724211, 51.857360683930629 ], [ 5.046605036311028, 51.858869202334326 ], [ 5.043734655703735, 51.859229917033296 ], [ 5.026907960578829, 51.858607715033848 ], [ 5.015628107501588, 51.859178052113123 ], [ 5.009520465710118, 51.858045988241059 ], [ 5.005247918789366, 51.857933318261658 ], [ 5.001250053886862, 51.859058569343851 ], [ 4.995964976506216, 51.861848551960058 ], [ 4.993967838095062, 51.861222725681316 ], [ 4.998305130534676, 51.854861514160817 ], [ 4.998684582709652, 51.852277206987651 ], [ 5.000001849442091, 51.847575849542586 ], [ 4.998895068161421, 51.845246305687191 ], [ 4.999520386269443, 51.84513740053805 ], [ 4.999296319520619, 51.844599880833691 ], [ 4.999934089803546, 51.844391439043655 ], [ 5.002895104849438, 51.843661827806791 ], [ 5.00344786355021, 51.844768930315063 ], [ 5.009323008956305, 51.842716141354465 ], [ 5.021270351315135, 51.841925717993114 ], [ 5.031415001585676, 51.841084802418287 ], [ 5.028287572490509, 51.826160342755607 ], [ 5.027701160194713, 51.823549835946032 ], [ 5.026351766763361, 51.818856739916953 ], [ 5.012996075252313, 51.820725753288229 ], [ 5.000363907649196, 51.820933382773724 ], [ 4.999282631405173, 51.820867776437304 ], [ 4.98775692375039, 51.821059363558135 ], [ 4.976099736255647, 51.822633043174037 ], [ 4.969633134786853, 51.823654367914642 ], [ 4.960515808530892, 51.825042101132702 ], [ 4.942437574715162, 51.827243176460236 ], [ 4.936064116271526, 51.828314499560406 ], [ 4.926986579793933, 51.82830596135512 ], [ 4.918599011468456, 51.827482190083764 ], [ 4.909126363448169, 51.825377442159166 ], [ 4.889400948115376, 51.818895015343351 ], [ 4.885226875372582, 51.816769692614287 ], [ 4.88464251226574, 51.816471397879681 ], [ 4.859667267153294, 51.802684346079182 ], [ 4.854413462728822, 51.800683128378928 ], [ 4.845984335976476, 51.79875695585519 ], [ 4.836108440957887, 51.797839096697686 ], [ 4.828872220684182, 51.798020612462651 ], [ 4.806875681322382, 51.800336286486093 ], [ 4.797194138180015, 51.799769964644248 ], [ 4.773539017784451, 51.793324335789563 ], [ 4.765983137902961, 51.789631667840155 ], [ 4.765224479150236, 51.789208362000615 ], [ 4.755239671168641, 51.781611405533646 ], [ 4.750568881008354, 51.77576150556164 ], [ 4.744788205733936, 51.763487431646098 ], [ 4.740769999835573, 51.758818207112746 ], [ 4.736630793974386, 51.755568379492274 ], [ 4.724591579097507, 51.747905516162419 ], [ 4.703745677747655, 51.736927471865307 ], [ 4.693262894328346, 51.732281626147035 ], [ 4.681597589101821, 51.728418728028295 ], [ 4.676304223471845, 51.72492365057537 ], [ 4.675222591695757, 51.724209390396105 ], [ 4.645136584917976, 51.719067325039354 ], [ 4.64450002594492, 51.718955772798871 ], [ 4.641569223630187, 51.723375941387069 ], [ 4.641044938285017, 51.723414216164919 ], [ 4.64403373977476, 51.718863062536713 ], [ 4.643852296104246, 51.718826986619156 ], [ 4.640868444929242, 51.723358915942121 ], [ 4.639805486857646, 51.723205727601375 ], [ 4.635000919722565, 51.721990896399809 ], [ 4.63493222161656, 51.721706767212645 ], [ 4.634357876393386, 51.721539894390965 ], [ 4.636854224004795, 51.717435298938703 ], [ 4.636430503290081, 51.717350504559526 ], [ 4.633918250677667, 51.721422729035552 ], [ 4.633338912448123, 51.721354181703923 ], [ 4.632814390733277, 51.721519454954304 ], [ 4.628185083773613, 51.720350478374336 ], [ 4.627667043158724, 51.723613275948452 ], [ 4.628761703452432, 51.725525272854178 ], [ 4.627865192311184, 51.725510763554503 ], [ 4.627070717526224, 51.72409399303907 ], [ 4.626462684306634, 51.722266126055217 ], [ 4.626414432444209, 51.720805311936878 ], [ 4.627442487640556, 51.72054201121329 ], [ 4.627739775775525, 51.719976619836807 ], [ 4.626659974631961, 51.719954181938235 ], [ 4.626218594647277, 51.720162020325809 ], [ 4.625969870799127, 51.720532803865495 ], [ 4.625665240974434, 51.720560574812822 ], [ 4.623597040914591, 51.721395865171836 ], [ 4.626579244130007, 51.728256287530378 ], [ 4.631126128007852, 51.741745959332867 ], [ 4.631122124731273, 51.75010697170179 ], [ 4.627110220395756, 51.760283135612838 ], [ 4.62611529822004, 51.766051579994937 ], [ 4.62692912835861, 51.772663155338243 ], [ 4.626985312449262, 51.772906458598555 ], [ 4.627711954912485, 51.777638097076355 ], [ 4.627495381297573, 51.782171941175029 ], [ 4.627421927609313, 51.782485506040423 ], [ 4.626840384407917, 51.784751313464227 ], [ 4.623212685988301, 51.792413160432339 ], [ 4.621871685768979, 51.797690488393982 ], [ 4.621221575591659, 51.800803681803664 ], [ 4.597775588999061, 51.80629581168602 ], [ 4.596875967770631, 51.806431497474172 ], [ 4.583083476734169, 51.807479877369943 ], [ 4.578295107504451, 51.80835516809109 ], [ 4.569631586962593, 51.811308492429873 ], [ 4.566743355119743, 51.81282915189918 ], [ 4.564462042806355, 51.814330161186554 ], [ 4.560725606775506, 51.818735549321659 ], [ 4.559300290575981, 51.823138707405988 ], [ 4.556345341217486, 51.827831860800103 ], [ 4.55360870054682, 51.829896905712211 ], [ 4.557249386159762, 51.833897470210367 ], [ 4.558911899635909, 51.836242432384225 ], [ 4.558635741207109, 51.836835502889798 ], [ 4.56001342427732, 51.838791264782124 ], [ 4.5638333077598, 51.840943732113686 ], [ 4.569035651229084, 51.844849304591875 ], [ 4.571058445970809, 51.847116774986951 ], [ 4.585362058392506, 51.842514681529117 ], [ 4.594684138619201, 51.840283112094596 ], [ 4.600154903506953, 51.838730078407842 ], [ 4.604912844704701, 51.848384516611716 ], [ 4.606995567002378, 51.848524829299734 ], [ 4.608288295486061, 51.849414014447945 ], [ 4.612500775923338, 51.850587500495223 ], [ 4.618715265282707, 51.851237914041782 ], [ 4.623422416474934, 51.853730714236256 ], [ 4.626042701707174, 51.854512879846723 ], [ 4.628757841434202, 51.85434613184291 ], [ 4.633440735171574, 51.850275516071271 ], [ 4.636515977288605, 51.849662424111528 ], [ 4.642492602185771, 51.853907413472626 ], [ 4.647294028997951, 51.857216207006033 ], [ 4.643763009950546, 51.859303604589655 ], [ 4.64002742627797, 51.862523872984319 ], [ 4.635449128606461, 51.86911757041846 ], [ 4.635260958543669, 51.869711155203007 ], [ 4.626391054034048, 51.880657763102121 ], [ 4.624229637321763, 51.883805880552501 ], [ 4.620300433404778, 51.887633847024475 ], [ 4.619248844805511, 51.888442247301604 ], [ 4.619572170348848, 51.88952269980738 ], [ 4.621065586525739, 51.889401544405963 ], [ 4.625423195701768, 51.889383166888244 ], [ 4.6332168230188, 51.89048363142247 ], [ 4.639300752503034, 51.890733285874141 ], [ 4.654651667956043, 51.889682010477486 ], [ 4.668166587077526, 51.889585346829001 ], [ 4.673367210555988, 51.890227581492212 ], [ 4.675994274529346, 51.891142357735966 ], [ 4.680675867547222, 51.893005094751068 ], [ 4.690955663676873, 51.894837656574012 ], [ 4.705601147496467, 51.897218325770503 ], [ 4.715811920134732, 51.895949042681302 ], [ 4.723972169318619, 51.898090585028712 ], [ 4.743869487122732, 51.905248841346058 ], [ 4.761762139528162, 51.914216871083106 ], [ 4.767193402252507, 51.915903355082015 ], [ 4.777610069032362, 51.917065241393111 ], [ 4.790704900995191, 51.919658995579397 ], [ 4.801233115458099, 51.921632269922412 ], [ 4.811283443603574, 51.924554632050445 ], [ 4.814195227951548, 51.926231484570657 ], [ 4.83230416660702, 51.938638802685922 ], [ 4.837195894811313, 51.940421047810908 ], [ 4.846701170399016, 51.941376670799237 ], [ 4.85919557296549, 51.940831257003339 ], [ 4.863281046964581, 51.940025993681267 ], [ 4.872278440565287, 51.938354436535015 ], [ 4.877792920155559, 51.938030675583256 ], [ 4.914011340842761, 51.942435937938974 ], [ 4.919187601286363, 51.944728950784821 ], [ 4.926301291212212, 51.950927944259618 ], [ 4.933583535188458, 51.959707272132874 ], [ 4.939820507899614, 51.963439960753227 ], [ 4.943305367419554, 51.963942799478168 ], [ 4.948691208629898, 51.963471750338172 ], [ 4.957333549836152, 51.960984034374953 ], [ 4.963851347873049, 51.959434212684272 ], [ 4.96810177024313, 51.959336484537019 ], [ 4.976143228731426, 51.963445167235982 ], [ 4.978888037495471, 51.965957883055637 ], [ 4.983908080465726, 51.970593708746421 ], [ 4.98700296681781, 51.973307477473831 ], [ 4.991862257493433, 51.97585292535102 ], [ 4.998073523291346, 51.97787150487801 ], [ 5.002182384422555, 51.978215536199272 ], [ 5.01007749446494, 51.975544155495719 ], [ 5.01610326702513, 51.972140185625413 ], [ 5.022375664213801, 51.969726658062974 ], [ 5.02967287861039, 51.969203360882439 ], [ 5.032848896828819, 51.969746223763948 ], [ 5.036127489757115, 51.971328547295272 ], [ 5.038830287183673, 51.974136196923361 ], [ 5.040402204349428, 51.977443626720301 ], [ 5.04499531809206, 51.981958951227909 ], [ 5.062638115444032, 51.991233077487351 ], [ 5.066286185107292, 51.994073406698654 ], [ 5.077535241679903, 51.997451831997289 ], [ 5.091720863550043, 52.001915230185851 ], [ 5.102965583660942, 52.003026751136154 ], [ 5.113917527690851, 52.00167166560383 ], [ 5.119563210007086, 51.999924133949278 ], [ 5.12821678686461, 51.997753001039904 ], [ 5.133868034710612, 51.996687252223353 ], [ 5.13967676084927, 51.993943234300978 ], [ 5.141880508068253, 51.99073009106705 ], [ 5.143595873904202, 51.984218231510589 ], [ 5.143610581939971, 51.984149350280859 ], [ 5.146883184179596, 51.976817402127452 ], [ 5.14971369198154, 51.974271348043629 ], [ 5.154603578528969, 51.971766155734528 ], [ 5.16095343949704, 51.970470054985462 ], [ 5.172721949548247, 51.969617318595724 ] ] ] ] } },
{ "type": "Feature", "properties": { "fid": 23, "ck_zk": "ZK25", "jrstatcode": "2025ZK25", "statnaam": "West-Brabant", "rubriek": "zorgkantoorregio", "id": 23 }, "geometry": { "type": "MultiPolygon", "coordinates": [ [ [ [ 4.872207379316636, 51.412884667795787 ], [ 4.87310736823001, 51.412418844765021 ], [ 4.871936314800095, 51.412163158592229 ], [ 4.87238076216532, 51.411500935219649 ], [ 4.869747312560433, 51.411159122183307 ], [ 4.869233377211776, 51.411785700923446 ], [ 4.87057788483424, 51.412740885710967 ], [ 4.871487453371609, 51.412413671634816 ], [ 4.872207379316636, 51.412884667795787 ] ] ], [ [ [ 4.935415145809615, 51.432052533033058 ], [ 4.934180442485328, 51.43195192538689 ], [ 4.934114279428178, 51.43342924738505 ], [ 4.935502133703747, 51.433490807954925 ], [ 4.935415145809615, 51.432052533033058 ] ] ], [ [ [ 4.932787323809986, 51.43529309257277 ], [ 4.932733080727654, 51.434431520660397 ], [ 4.931251067959173, 51.434665650420605 ], [ 4.931329228433166, 51.43644187291958 ], [ 4.932684862245001, 51.436469543004236 ], [ 4.932787323809986, 51.43529309257277 ] ] ], [ [ [ 4.931632460754602, 51.43716926216468 ], [ 4.93139187744437, 51.436605623897805 ], [ 4.930907165258765, 51.436725168278869 ], [ 4.930689572306076, 51.437155599835798 ], [ 4.931632460754602, 51.43716926216468 ] ] ], [ [ [ 4.936802884172898, 51.43627031793585 ], [ 4.935458797884807, 51.436180717701689 ], [ 4.935374029976727, 51.437521697762222 ], [ 4.936478328052301, 51.437546462625662 ], [ 4.936802884172898, 51.43627031793585 ] ] ], [ [ [ 4.932223115946694, 51.438841954812446 ], [ 4.931142084168517, 51.438788836073677 ], [ 4.930634754607747, 51.439886092402418 ], [ 4.932386579785671, 51.440030461502779 ], [ 4.932223115946694, 51.438841954812446 ] ] ], [ [ [ 4.923736381377723, 51.437814936277427 ], [ 4.922320660440047, 51.437682113499548 ], [ 4.921503560288299, 51.439249738799973 ], [ 4.922713735979573, 51.440052138259375 ], [ 4.922363364883127, 51.440257045178832 ], [ 4.92416814697276, 51.441848846614704 ], [ 4.925117674994554, 51.441741957992832 ], [ 4.924346809599167, 51.441135690017255 ], [ 4.924862041154661, 51.440725031376445 ], [ 4.923277604222077, 51.439834335341878 ], [ 4.924809594855486, 51.439099489333977 ], [ 4.923736381377723, 51.437814936277427 ] ] ], [ [ [ 4.59596568177798, 51.701084321337291 ], [ 4.56952437169414, 51.696397533743465 ], [ 4.567226899811247, 51.695334288589109 ], [ 4.554902110783848, 51.693215528351793 ], [ 4.545346072390322, 51.693315348772572 ], [ 4.545140854310799, 51.692001239725364 ], [ 4.543927733883369, 51.691805975980522 ], [ 4.543069422309636, 51.693811613574404 ], [ 4.544329278239823, 51.69512702329159 ], [ 4.544376866175285, 51.695134781563659 ], [ 4.55492964570388, 51.69685465527705 ], [ 4.572305172771424, 51.700072932342565 ], [ 4.579641015204464, 51.700035321773939 ], [ 4.589802909623947, 51.702347194764528 ], [ 4.599473853908625, 51.703048655800707 ], [ 4.600467194379416, 51.702696627454209 ], [ 4.59596568177798, 51.701084321337291 ] ] ], [ [ [ 4.98775692375039, 51.821059363558135 ], [ 4.999282631405173, 51.820867776437304 ], [ 5.000363907649196, 51.820933382773724 ], [ 5.009344103960625, 51.817512037203635 ], [ 5.010102677687023, 51.816608377694251 ], [ 5.010307524648761, 51.813010445251322 ], [ 5.012426725510013, 51.810648083994103 ], [ 5.015970383753096, 51.808221860838842 ], [ 5.024246902379331, 51.804770672543931 ], [ 5.026178724197704, 51.80396497031137 ], [ 5.038597533065808, 51.800965739222917 ], [ 5.044479707553497, 51.799326112183365 ], [ 5.048146340110459, 51.798113901082559 ], [ 5.052579438917634, 51.795290644942419 ], [ 5.057119317734001, 51.790695359136762 ], [ 5.061043559413441, 51.785282721625151 ], [ 5.066966171072742, 51.780553179938906 ], [ 5.069854877758615, 51.779548783604447 ], [ 5.074248653527929, 51.779070066887805 ], [ 5.078539165220532, 51.779563744456425 ], [ 5.081953429155902, 51.780712647219438 ], [ 5.087201835146672, 51.785095481325705 ], [ 5.09143788935883, 51.78693304408425 ], [ 5.095890395173819, 51.78764758538891 ], [ 5.100277636024242, 51.787150529087839 ], [ 5.104858127900155, 51.785725087590521 ], [ 5.108970222586282, 51.783578115268988 ], [ 5.116087977850806, 51.778923630234566 ], [ 5.118645301248375, 51.777812653890805 ], [ 5.137580795151412, 51.772905259969555 ], [ 5.139649074170331, 51.770219389493924 ], [ 5.138687566992999, 51.767452845479724 ], [ 5.136350157314343, 51.763916454324388 ], [ 5.135890658785915, 51.760319744706933 ], [ 5.137652478001221, 51.757628251852012 ], [ 5.142713817062305, 51.755210226423642 ], [ 5.138112603266311, 51.750726292466389 ], [ 5.126335921961405, 51.745021483112829 ], [ 5.125591438734124, 51.743226604570545 ], [ 5.12598449022953, 51.739629192430215 ], [ 5.126608001626233, 51.737928969100714 ], [ 5.128054699486863, 51.737607142346228 ], [ 5.126531198571028, 51.737314642850613 ], [ 5.118138580130175, 51.735709297525752 ], [ 5.101583040106484, 51.731215458278903 ], [ 5.092124421527644, 51.727583750756516 ], [ 5.081760241387991, 51.722344398428973 ], [ 5.075058276034277, 51.718877138560252 ], [ 5.069098900177642, 51.716281599393255 ], [ 5.062456614778774, 51.713842899092555 ], [ 5.053629788891405, 51.711817828298564 ], [ 5.041760682557218, 51.710882749412399 ], [ 5.027654294510972, 51.711061332541441 ], [ 5.009452408721998, 51.712819361346945 ], [ 4.988636921257299, 51.716871352979226 ], [ 4.969986783177094, 51.721099673950292 ], [ 4.958484237259765, 51.722628971552446 ], [ 4.945563411160435, 51.72304160023139 ], [ 4.935952635850623, 51.722426793491131 ], [ 4.921425484038053, 51.72044282691931 ], [ 4.917991152319767, 51.719959366144849 ], [ 4.921007040751669, 51.711409224303623 ], [ 4.92695786867047, 51.694262729716421 ], [ 4.929109051903724, 51.688135088216185 ], [ 4.930362399500565, 51.684280902591603 ], [ 4.930759869475176, 51.683510185725936 ], [ 4.933169421303784, 51.676749975707601 ], [ 4.925073922745669, 51.674980298856347 ], [ 4.925032353795833, 51.673009296248559 ], [ 4.926775586287247, 51.66908741924744 ], [ 4.930942919923052, 51.667101636794897 ], [ 4.933126177792245, 51.659884148121442 ], [ 4.933000257518242, 51.658893471068787 ], [ 4.934410303254491, 51.657253669246742 ], [ 4.932459993337647, 51.655823676140834 ], [ 4.932906360794026, 51.651576450864972 ], [ 4.932815728061176, 51.650697708692931 ], [ 4.930354376172142, 51.649541394062233 ], [ 4.930105888227351, 51.647954772100626 ], [ 4.929280208934049, 51.648532320209043 ], [ 4.929202715798984, 51.646874545446117 ], [ 4.928946344414802, 51.646673117685935 ], [ 4.913191687961357, 51.634022760372893 ], [ 4.911147550200143, 51.631248216437143 ], [ 4.910028091598329, 51.629460053298473 ], [ 4.910537767973162, 51.627425951716624 ], [ 4.912117334653765, 51.626825476824827 ], [ 4.911822504004919, 51.626364949082451 ], [ 4.905019149336986, 51.624532443571617 ], [ 4.90427921115023, 51.624332572640014 ], [ 4.915554433642408, 51.622432858753896 ], [ 4.913558782895882, 51.619637686564403 ], [ 4.912260275696197, 51.619489269772849 ], [ 4.909899589087149, 51.618327108287268 ], [ 4.911326764395357, 51.618061795156699 ], [ 4.911167283791475, 51.616156569382198 ], [ 4.911881665093595, 51.615399255135472 ], [ 4.917442810628726, 51.608540737404169 ], [ 4.918498989258532, 51.601367429696225 ], [ 4.916150682221476, 51.600811601784571 ], [ 4.916268734613237, 51.600015561565421 ], [ 4.91377507095579, 51.599707278381317 ], [ 4.913113294591784, 51.600396629369982 ], [ 4.911635156528381, 51.600067171382641 ], [ 4.913785893604048, 51.598090470661482 ], [ 4.899922544813301, 51.592675231769412 ], [ 4.8999000556782, 51.592667386214458 ], [ 4.890245540087028, 51.589036057669581 ], [ 4.889620378743492, 51.588811095200782 ], [ 4.868966109390642, 51.581002432754318 ], [ 4.8691713750112, 51.578441901527022 ], [ 4.864238522129678, 51.579088861241537 ], [ 4.865370278943817, 51.572917264032071 ], [ 4.870085336669576, 51.570818799294884 ], [ 4.871684502761306, 51.567110397836743 ], [ 4.869105349426626, 51.566761739755506 ], [ 4.8682783983949, 51.559925927498213 ], [ 4.86731119047429, 51.55886500193224 ], [ 4.864150690740043, 51.559402715204598 ], [ 4.862984965221776, 51.557269557597706 ], [ 4.864545173853687, 51.553503178132452 ], [ 4.864261136059156, 51.552020146073389 ], [ 4.852706063194358, 51.545211460771519 ], [ 4.851819154144065, 51.544683698353339 ], [ 4.84835744924438, 51.542984370717598 ], [ 4.83485947789196, 51.538617545408549 ], [ 4.834616543299126, 51.535148538430683 ], [ 4.836113159365308, 51.534465535937123 ], [ 4.836794883099718, 51.532770891392964 ], [ 4.835703864260774, 51.531526606035769 ], [ 4.831324946714565, 51.529472681008563 ], [ 4.829260986513577, 51.529689433971946 ], [ 4.829766328487475, 51.527858804284691 ], [ 4.842351820206017, 51.526845066119456 ], [ 4.845060614524174, 51.528481553991995 ], [ 4.844738938707749, 51.53332769818509 ], [ 4.851050402670457, 51.534102274574089 ], [ 4.854563986962187, 51.533926584137092 ], [ 4.866232443023732, 51.538066605106572 ], [ 4.911062843890669, 51.510081285567864 ], [ 4.956643640568355, 51.518676602621454 ], [ 4.962572745934026, 51.525864412915297 ], [ 4.968750850186071, 51.5211816222888 ], [ 4.977595842229813, 51.521651621094179 ], [ 4.980868797123014, 51.518630927191587 ], [ 4.98455460160387, 51.517882116945017 ], [ 4.982496198976588, 51.514088055746022 ], [ 4.989917963382039, 51.513149558913824 ], [ 4.992298365796971, 51.512247601516343 ], [ 4.989655111021883, 51.50575507824081 ], [ 4.985775985163466, 51.499754544752633 ], [ 4.986739820358542, 51.495329265067582 ], [ 4.994642970304763, 51.497650691768726 ], [ 4.996756578764898, 51.496774713863282 ], [ 4.992466436479754, 51.493945535806716 ], [ 4.997158893442718, 51.49204964775894 ], [ 4.997803828389173, 51.492844965473203 ], [ 5.000363943876232, 51.491862473666274 ], [ 4.997228474014113, 51.488538412906621 ], [ 4.992618492353416, 51.487453512131232 ], [ 4.991637888453158, 51.486182459171452 ], [ 4.993391038372017, 51.485479307197011 ], [ 4.99133643274975, 51.484421163712135 ], [ 4.990096245119663, 51.485078075249866 ], [ 4.988420316700682, 51.483984654918707 ], [ 4.987993346189467, 51.483044726447737 ], [ 4.999176405628894, 51.482015877728152 ], [ 4.999788297337558, 51.480501921491914 ], [ 4.999301716435932, 51.479306377749396 ], [ 5.006411051353957, 51.475110156624943 ], [ 5.008338213103683, 51.47329958514014 ], [ 5.015272492290786, 51.476329356169131 ], [ 5.016522482126589, 51.475439158298094 ], [ 5.010836009815398, 51.472307431697658 ], [ 5.00795319871604, 51.466729038796181 ], [ 5.007685326389072, 51.462779771990803 ], [ 5.01055861770749, 51.459432948467892 ], [ 5.010462629813133, 51.458244398190551 ], [ 5.00978779896116, 51.4571232271268 ], [ 5.010976955492506, 51.456011471897455 ], [ 5.010517503484558, 51.453928824957089 ], [ 5.005356896482708, 51.4490347961938 ], [ 5.004426031668399, 51.444581395513602 ], [ 4.998364390880607, 51.440580757198205 ], [ 4.963218655384407, 51.422293022122886 ], [ 4.928978644871743, 51.396050872960174 ], [ 4.927897562515115, 51.399734679683625 ], [ 4.924428019027669, 51.398783547098645 ], [ 4.925235696542351, 51.396650923960607 ], [ 4.927853749896106, 51.395438749371984 ], [ 4.920959385065266, 51.393686982480808 ], [ 4.913848901235514, 51.395076802040641 ], [ 4.917805571581105, 51.396842389240838 ], [ 4.924586779261412, 51.396883849864807 ], [ 4.924275525075227, 51.397820364806584 ], [ 4.923268416022655, 51.398550120560913 ], [ 4.919072401303666, 51.39831537451871 ], [ 4.916261281916166, 51.398716741186682 ], [ 4.917815916332337, 51.400511220335247 ], [ 4.91016159403837, 51.402260248336553 ], [ 4.9105482449583, 51.402875208819779 ], [ 4.908576836762533, 51.40460971878106 ], [ 4.909604244608847, 51.406997066158681 ], [ 4.906060792295286, 51.409138734284653 ], [ 4.905696205619187, 51.409902466699066 ], [ 4.904088348532784, 51.409865130582638 ], [ 4.903701727867641, 51.409955169760146 ], [ 4.904877964056876, 51.411900277753411 ], [ 4.903847823646291, 51.412414210620462 ], [ 4.902726807976991, 51.410275998832503 ], [ 4.900086969312635, 51.410607993224438 ], [ 4.900252080444278, 51.412525881293149 ], [ 4.902558622838175, 51.412485455291097 ], [ 4.903187184110443, 51.413552378165491 ], [ 4.90184631414703, 51.413935924204253 ], [ 4.900709820299388, 51.413280909434945 ], [ 4.901164664391031, 51.414084637690543 ], [ 4.899993650255104, 51.414670750184449 ], [ 4.897561482799413, 51.413484962619485 ], [ 4.898281347840515, 51.412804705122035 ], [ 4.898604365636855, 51.41192987235582 ], [ 4.897132765148688, 51.411693198448262 ], [ 4.896452609116257, 51.412847780400092 ], [ 4.894697956818764, 51.412889083187352 ], [ 4.888773598169684, 51.415432286652667 ], [ 4.886960184250187, 51.415055149705111 ], [ 4.885881270868184, 51.415334655099784 ], [ 4.886070432403227, 51.416598614975015 ], [ 4.883005868315978, 51.416481614830303 ], [ 4.883072064216366, 51.415285865124346 ], [ 4.881331064351205, 51.415466239822969 ], [ 4.879796020370582, 51.414367168227741 ], [ 4.878442883541904, 51.414102270054109 ], [ 4.877748855825436, 51.415470222650541 ], [ 4.873553321846711, 51.414754142468652 ], [ 4.873835147093805, 51.414279900243947 ], [ 4.872884835294592, 51.413617730731659 ], [ 4.871256137651112, 51.413866890227311 ], [ 4.868721382485379, 51.412887787082731 ], [ 4.8662550406395, 51.411444416341887 ], [ 4.86649703780099, 51.410707934805671 ], [ 4.868381754820953, 51.409956164153265 ], [ 4.867366400790385, 51.409113586025995 ], [ 4.866462885309725, 51.409714514413622 ], [ 4.860513671076625, 51.410448349583675 ], [ 4.859667799253613, 51.41112747409678 ], [ 4.859814956007413, 51.413010728081041 ], [ 4.857607697506714, 51.412781354664787 ], [ 4.851846697944953, 51.414134180774894 ], [ 4.849828737229311, 51.41429293960698 ], [ 4.848631825416821, 51.412748580763775 ], [ 4.839521422634531, 51.414559925279491 ], [ 4.821844156671428, 51.413196587405416 ], [ 4.795997680269376, 51.410272039205566 ], [ 4.793067495546772, 51.409489183538312 ], [ 4.7922136073243, 51.410542311729074 ], [ 4.789334298835196, 51.408987016611107 ], [ 4.780311416853309, 51.412031000034091 ], [ 4.777752882688441, 51.413824465816212 ], [ 4.77530652841003, 51.414112804503198 ], [ 4.773366560915257, 51.413440650210418 ], [ 4.771193652952307, 51.414909057246987 ], [ 4.771795616991644, 51.416322307036566 ], [ 4.77073852372757, 51.416623426816358 ], [ 4.768577185074009, 51.419646290121818 ], [ 4.770161649207773, 51.424941418073566 ], [ 4.76661564669378, 51.430503707108933 ], [ 4.767655125736658, 51.430840910475929 ], [ 4.768438850584646, 51.430422686334531 ], [ 4.774121512324037, 51.431623367742027 ], [ 4.786572226403883, 51.432518700941905 ], [ 4.787745488885085, 51.432101744633407 ], [ 4.789068019694818, 51.430006210607452 ], [ 4.794264025809282, 51.428497368141635 ], [ 4.796388666481159, 51.428309519245907 ], [ 4.800260795347104, 51.429115950259138 ], [ 4.804255137829959, 51.427869371225256 ], [ 4.8056719454514, 51.428622348037464 ], [ 4.807707248570515, 51.42719890173764 ], [ 4.808359198557693, 51.426438326210558 ], [ 4.812247854154975, 51.42637025502065 ], [ 4.820099373673933, 51.424186976031208 ], [ 4.821060261169701, 51.422791033815074 ], [ 4.825691670364202, 51.423114077196708 ], [ 4.826933676232998, 51.422228685379075 ], [ 4.826454023449906, 51.421146826632921 ], [ 4.833503432598879, 51.419775215048439 ], [ 4.833033451996885, 51.419113551179962 ], [ 4.834737648359689, 51.41839960385871 ], [ 4.835411514251305, 51.419211224825581 ], [ 4.836742362582557, 51.418831715597804 ], [ 4.835579497034384, 51.417527452034669 ], [ 4.836420786421336, 51.417275091788881 ], [ 4.837681388876871, 51.418526255317261 ], [ 4.841469314430405, 51.422442209438806 ], [ 4.841009681279449, 51.422570819352337 ], [ 4.838259283708456, 51.421732751426951 ], [ 4.837646409856512, 51.420845666638861 ], [ 4.833226065340194, 51.420591849036832 ], [ 4.830217023996129, 51.421211038508751 ], [ 4.829339030254339, 51.422369396817963 ], [ 4.828211574941156, 51.422303993882224 ], [ 4.828553320621342, 51.423445077669676 ], [ 4.82487059082148, 51.435318314967851 ], [ 4.825917265321213, 51.436044396058456 ], [ 4.823362935682217, 51.448618876027048 ], [ 4.828583835668971, 51.450877164084751 ], [ 4.83340146245131, 51.45740234938404 ], [ 4.8354099472208, 51.45854373660152 ], [ 4.838471363227232, 51.456049805350304 ], [ 4.841349970530219, 51.45676925032361 ], [ 4.844020686798816, 51.459065557243314 ], [ 4.838403069182597, 51.461372585902552 ], [ 4.836108903865211, 51.461245488904524 ], [ 4.83694881006126, 51.46797104373023 ], [ 4.839687166930446, 51.472810418560222 ], [ 4.840327129880707, 51.478534646140481 ], [ 4.841878210540118, 51.480735767456089 ], [ 4.837649892985564, 51.481955206271728 ], [ 4.829278502822133, 51.481785897961757 ], [ 4.825356951976164, 51.482125900885599 ], [ 4.821142966931546, 51.483070230487606 ], [ 4.820167985645735, 51.486029092623212 ], [ 4.817419113548134, 51.488991736333745 ], [ 4.818217646230124, 51.491051448278327 ], [ 4.817569732276748, 51.49292526617824 ], [ 4.815205359119374, 51.494819064056038 ], [ 4.805550875230622, 51.497405237652359 ], [ 4.802251949101098, 51.497600015642796 ], [ 4.801905216664262, 51.498381525692515 ], [ 4.79725760219641, 51.499625906336433 ], [ 4.795911045554758, 51.499438008661109 ], [ 4.794946091009126, 51.499879405729821 ], [ 4.79394566623588, 51.499785168082894 ], [ 4.793463657986313, 51.499426931256991 ], [ 4.792494045919869, 51.498357997305696 ], [ 4.792181519419007, 51.498630070971345 ], [ 4.791292413891527, 51.498447414914942 ], [ 4.790866487204203, 51.498158667474648 ], [ 4.787759323631464, 51.499038149564633 ], [ 4.786161478490251, 51.498837180812764 ], [ 4.785067275172632, 51.49974683457107 ], [ 4.783060982004517, 51.499564220557609 ], [ 4.780735333334983, 51.504084680014046 ], [ 4.774844922459034, 51.504937839237655 ], [ 4.774746052904128, 51.504847171628668 ], [ 4.7738880237026, 51.504955946999139 ], [ 4.773922585156979, 51.505094296176516 ], [ 4.773757550480942, 51.505114463469788 ], [ 4.760023281296753, 51.502372765957084 ], [ 4.758795439471775, 51.500953134029025 ], [ 4.758359780121517, 51.500157350612525 ], [ 4.755377891250746, 51.500363857946517 ], [ 4.75526002936293, 51.500541838176787 ], [ 4.75269951055176, 51.499807524566471 ], [ 4.748944490671883, 51.49668450789806 ], [ 4.7500032284969, 51.495431396671449 ], [ 4.749699067338224, 51.494363925196161 ], [ 4.748133776577322, 51.491939891003575 ], [ 4.746829771892199, 51.490704133384597 ], [ 4.746561411923654, 51.489504622792012 ], [ 4.733996599867764, 51.485548206544152 ], [ 4.729151853537486, 51.483907190488253 ], [ 4.724745930096793, 51.478778631153155 ], [ 4.720603275947919, 51.473454914669205 ], [ 4.715989647132259, 51.471065940358002 ], [ 4.716898104484849, 51.4688646228092 ], [ 4.703248778811078, 51.466968319014704 ], [ 4.702750856332088, 51.466083064782232 ], [ 4.704056128875446, 51.465465332893984 ], [ 4.699345697216921, 51.46086093459126 ], [ 4.699314323074712, 51.45997228285249 ], [ 4.693096896379349, 51.45172993177124 ], [ 4.686440558881316, 51.45127081831464 ], [ 4.66661633487558, 51.444237481264004 ], [ 4.669689623117762, 51.426362603169899 ], [ 4.664472330542755, 51.426158617775428 ], [ 4.656418612000794, 51.424993449615997 ], [ 4.651716570369112, 51.426885360515143 ], [ 4.646649984446889, 51.423395175044917 ], [ 4.641290378115593, 51.422014446475849 ], [ 4.637473762336771, 51.423015112798346 ], [ 4.633936142587505, 51.425074987460349 ], [ 4.630094465254992, 51.425916928571255 ], [ 4.597054886764636, 51.430120466684251 ], [ 4.588248224972613, 51.431357650411321 ], [ 4.582487980459374, 51.431377576523673 ], [ 4.582219139678085, 51.431933728394029 ], [ 4.574728190352772, 51.432848518553932 ], [ 4.535408781751248, 51.423029635424719 ], [ 4.529896463812438, 51.449520509811805 ], [ 4.548160792838867, 51.473312594456253 ], [ 4.53818454781953, 51.48239772376045 ], [ 4.486681568183694, 51.477352821565006 ], [ 4.480242215779382, 51.478281645816232 ], [ 4.476492284419084, 51.47826709606376 ], [ 4.471646421441265, 51.476250655379786 ], [ 4.467341774768017, 51.472983914738215 ], [ 4.466715555155924, 51.471990907079089 ], [ 4.464905675952053, 51.471134912749157 ], [ 4.464721384642352, 51.471013415322297 ], [ 4.464560311271386, 51.47115326302324 ], [ 4.457049886251781, 51.469816684507656 ], [ 4.447010818380715, 51.468972957126304 ], [ 4.442559945977718, 51.468689459446978 ], [ 4.442446193574476, 51.46863865424352 ], [ 4.391083219783498, 51.451487262468319 ], [ 4.384838615844289, 51.449315938562712 ], [ 4.382709313174408, 51.450232385150379 ], [ 4.38148819497483, 51.448325196005086 ], [ 4.379806107609867, 51.447756165289817 ], [ 4.379328222404806, 51.446788928739387 ], [ 4.386640059388187, 51.445243265714929 ], [ 4.392034205463271, 51.446376296272518 ], [ 4.396526266449193, 51.442151237273983 ], [ 4.397047456702833, 51.440911118264587 ], [ 4.395484985059449, 51.43977014647438 ], [ 4.395415196059473, 51.435512666656486 ], [ 4.39881823999595, 51.435243652497533 ], [ 4.397205525771034, 51.431597835492077 ], [ 4.392513167768563, 51.432513466089702 ], [ 4.392305686457243, 51.431462023937506 ], [ 4.39460518744086, 51.431522918074634 ], [ 4.394228993216811, 51.429720930504239 ], [ 4.395201437171703, 51.426902523585674 ], [ 4.391330461041167, 51.427352730487058 ], [ 4.390526900097719, 51.42426678431697 ], [ 4.389723155666694, 51.424459709228572 ], [ 4.38365999700702, 51.421076466937649 ], [ 4.391514973299468, 51.408327696209206 ], [ 4.391610990729587, 51.408171811431998 ], [ 4.431691671750893, 51.375049016338707 ], [ 4.425080932690322, 51.37128953691353 ], [ 4.427754370353163, 51.369679020130555 ], [ 4.4298156821118, 51.367374902789493 ], [ 4.431351611807324, 51.363853082520272 ], [ 4.421853721545218, 51.365230531384427 ], [ 4.407397429537775, 51.360075633173558 ], [ 4.397393476100159, 51.35650351523784 ], [ 4.389099294599117, 51.355249003268391 ], [ 4.384543340293544, 51.354351892845507 ], [ 4.38403907855622, 51.355230553913643 ], [ 4.378758611908934, 51.354920912216926 ], [ 4.369800820099522, 51.356703237208528 ], [ 4.368240137699051, 51.356103630985039 ], [ 4.366526797691995, 51.35730558777351 ], [ 4.350964688066616, 51.358259212276629 ], [ 4.350889619418017, 51.35868282363738 ], [ 4.341353766905752, 51.357563249205747 ], [ 4.337292200692984, 51.369644138863791 ], [ 4.33516473560243, 51.375648735730827 ], [ 4.334505127328914, 51.377641245652285 ], [ 4.277424577929724, 51.376035240109204 ], [ 4.274563533567924, 51.381656583817218 ], [ 4.273697687711427, 51.383149886457517 ], [ 4.268382049827371, 51.383545888174382 ], [ 4.26634902206735, 51.386540632019482 ], [ 4.268633596190043, 51.388126449506281 ], [ 4.269061035404936, 51.40034738964129 ], [ 4.263732257132608, 51.416449107420554 ], [ 4.266446871084605, 51.419979481724688 ], [ 4.275851638195848, 51.425049409009489 ], [ 4.265431751910424, 51.439680677838759 ], [ 4.230327770234477, 51.488904254772173 ], [ 4.224906110151614, 51.496492972950939 ], [ 4.218927212580822, 51.504858455046993 ], [ 4.218799785435205, 51.508961395553271 ], [ 4.219930778636128, 51.513802928943271 ], [ 4.23304311782112, 51.537492025151202 ], [ 4.235657042546331, 51.54324152183046 ], [ 4.236118851113026, 51.550365798126002 ], [ 4.235585635843284, 51.552723934688025 ], [ 4.232443710961235, 51.559054859805308 ], [ 4.228121118474745, 51.56371630668508 ], [ 4.198891447289048, 51.585975350887821 ], [ 4.195717966407269, 51.588975183355423 ], [ 4.192231517562285, 51.593901580651298 ], [ 4.190817042839338, 51.597384537801041 ], [ 4.190162322406805, 51.600953896546855 ], [ 4.190573560494295, 51.606055835424044 ], [ 4.19168488753337, 51.609336969426927 ], [ 4.19765949398557, 51.618047955092401 ], [ 4.205020844668492, 51.623561417048379 ], [ 4.214466608664733, 51.627664026921209 ], [ 4.227822353828634, 51.631022596578276 ], [ 4.237323671913122, 51.634014426763827 ], [ 4.240418020149676, 51.633211484717101 ], [ 4.238276255601393, 51.632491039066934 ], [ 4.240971868283722, 51.632051674534203 ], [ 4.252923063934929, 51.632326454096912 ], [ 4.253254851573455, 51.630772293997886 ], [ 4.258694349533815, 51.631470268435244 ], [ 4.259266578296213, 51.633139572057573 ], [ 4.264406451080082, 51.635921534981897 ], [ 4.271575359157113, 51.63794276921908 ], [ 4.274434059946778, 51.63814808781963 ], [ 4.276204111972689, 51.637278178345234 ], [ 4.282432314215667, 51.639808467618764 ], [ 4.290188949438692, 51.640514854233274 ], [ 4.292903211642795, 51.641391721778888 ], [ 4.292177681217987, 51.638911840002613 ], [ 4.295317276272212, 51.638963192618895 ], [ 4.294937239213738, 51.642005519049768 ], [ 4.295662729428201, 51.64235018611874 ], [ 4.298795114273831, 51.641878289744611 ], [ 4.309282790504118, 51.645265680166609 ], [ 4.317445766565776, 51.646277585857526 ], [ 4.332119821403429, 51.644743720900827 ], [ 4.337118187877619, 51.645198838649534 ], [ 4.350268932143702, 51.648118480502163 ], [ 4.361060341595884, 51.652473505172303 ], [ 4.368773499912333, 51.657136087461197 ], [ 4.371213151416713, 51.656209147508051 ], [ 4.375902557140966, 51.651902806876805 ], [ 4.376397062668112, 51.651933261863469 ], [ 4.376666968558613, 51.65209669189116 ], [ 4.374877608430809, 51.653677851639067 ], [ 4.375232639318525, 51.65375199589635 ], [ 4.37753474290027, 51.652720804743282 ], [ 4.378010616892774, 51.653050210589839 ], [ 4.372876153767225, 51.656947295857648 ], [ 4.377142960711203, 51.659299329308219 ], [ 4.375710841139176, 51.660530002518733 ], [ 4.378187151117187, 51.661325760809746 ], [ 4.383470026289219, 51.665407092557139 ], [ 4.385612542321671, 51.668324900060249 ], [ 4.38779241470059, 51.668834281677981 ], [ 4.393535643261405, 51.677820039781764 ], [ 4.392249022091669, 51.678789079414898 ], [ 4.392178023737496, 51.680078121978575 ], [ 4.393985698654404, 51.680498476588923 ], [ 4.399724933038688, 51.683600225548375 ], [ 4.407208951197809, 51.687904819015905 ], [ 4.404933757250718, 51.689574430033645 ], [ 4.398025304124732, 51.686025975895667 ], [ 4.396750992279265, 51.685938454137471 ], [ 4.389654304030371, 51.681648326018987 ], [ 4.39154135102359, 51.684242903636559 ], [ 4.401604055176558, 51.688909720637014 ], [ 4.401443371305395, 51.690077363696176 ], [ 4.403043205655113, 51.691746013479936 ], [ 4.401664128766333, 51.692741842838686 ], [ 4.395021415181015, 51.690483500091062 ], [ 4.391966385501844, 51.690539902272981 ], [ 4.391988565903659, 51.690925854159808 ], [ 4.395517935115572, 51.690900191264404 ], [ 4.40057504411947, 51.693662135447575 ], [ 4.39877946988284, 51.693390298326754 ], [ 4.397200760551415, 51.694299222255232 ], [ 4.394180478450648, 51.692783557321761 ], [ 4.393674919324915, 51.691992250703848 ], [ 4.393179057236646, 51.692222399209797 ], [ 4.394487818707669, 51.693764993154375 ], [ 4.40363760711812, 51.698713001103698 ], [ 4.405399985250285, 51.698643715319839 ], [ 4.400965904994133, 51.696312905805165 ], [ 4.402879408616386, 51.69459801154003 ], [ 4.406650276250845, 51.696950770494205 ], [ 4.407218656516696, 51.69862885416476 ], [ 4.407757226896845, 51.698667104560371 ], [ 4.407025303046086, 51.696953224420142 ], [ 4.402358383207448, 51.69310193245034 ], [ 4.403743229853779, 51.69211068289863 ], [ 4.413158392370394, 51.695097174672682 ], [ 4.42283825798955, 51.700207221334047 ], [ 4.426307573472732, 51.700783427790746 ], [ 4.429536179554487, 51.700773583422475 ], [ 4.423525742064031, 51.699786743460088 ], [ 4.41141575695851, 51.693271760475767 ], [ 4.410397959077303, 51.69248176136432 ], [ 4.412326249632092, 51.691074849125428 ], [ 4.412614317146523, 51.690896790474333 ], [ 4.419692229768706, 51.6944968172469 ], [ 4.426435936516678, 51.69722127266467 ], [ 4.431354211688754, 51.69662804995226 ], [ 4.436660920166995, 51.697639772647356 ], [ 4.437361155159988, 51.697402762116774 ], [ 4.435012121031043, 51.697054563473451 ], [ 4.43613422594158, 51.696271878608584 ], [ 4.436775326003113, 51.696090428118019 ], [ 4.439692234013354, 51.696806088477338 ], [ 4.44357980931152, 51.696178269539459 ], [ 4.44371228114643, 51.696061858398011 ], [ 4.441192309533303, 51.695432695393357 ], [ 4.442849748001303, 51.694564752293338 ], [ 4.44250369591091, 51.694097949766963 ], [ 4.442076833852454, 51.694082484205154 ], [ 4.442117048180936, 51.693114483321899 ], [ 4.443612205920709, 51.693238074732761 ], [ 4.443937428034843, 51.694774347390116 ], [ 4.442254678981428, 51.695394635890928 ], [ 4.443292642633508, 51.695665282848175 ], [ 4.445445455556097, 51.694752494710755 ], [ 4.451365556074368, 51.691789208948286 ], [ 4.462910267306095, 51.688942583762881 ], [ 4.490224109185637, 51.682979891706289 ], [ 4.493053866216655, 51.683338637602937 ], [ 4.4934184961471, 51.684144624821485 ], [ 4.507712274734597, 51.683130659051528 ], [ 4.519583519523482, 51.683710083642637 ], [ 4.524623328620445, 51.68450697626627 ], [ 4.526213495821986, 51.685814221834903 ], [ 4.527064882000468, 51.682837718116829 ], [ 4.525980707544955, 51.680295888737042 ], [ 4.526399281996981, 51.680332222639763 ], [ 4.526360245741516, 51.680994608164717 ], [ 4.526591806565683, 51.681007914828648 ], [ 4.52672134566379, 51.680847524320967 ], [ 4.527163768553565, 51.680939711751684 ], [ 4.527011415790833, 51.681130308781604 ], [ 4.527071202851504, 51.681623406275349 ], [ 4.527661113754117, 51.68283338633919 ], [ 4.527138592333608, 51.68506504279982 ], [ 4.5278779709497, 51.684850342163109 ], [ 4.5279016264522, 51.684534237492358 ], [ 4.528430645405302, 51.684459189671728 ], [ 4.528507306287771, 51.684799130659748 ], [ 4.5299121581511, 51.684684799354443 ], [ 4.530173721640861, 51.686069907553069 ], [ 4.527167800746079, 51.686337447221675 ], [ 4.526876677629224, 51.685368332848263 ], [ 4.526543342281409, 51.686528387146367 ], [ 4.532168438454377, 51.686123646732199 ], [ 4.532676809234469, 51.685280443901192 ], [ 4.535428475716127, 51.685053876050709 ], [ 4.53761786909751, 51.685245991489602 ], [ 4.537557005402298, 51.687123917859751 ], [ 4.549374343519961, 51.688480838448591 ], [ 4.56874817017597, 51.692230081443867 ], [ 4.574101491111285, 51.692342264028589 ], [ 4.60165497190352, 51.696946812322437 ], [ 4.619370083421007, 51.705581495261086 ], [ 4.621252864712112, 51.704825913563326 ], [ 4.622909264014357, 51.70390480340123 ], [ 4.623266842373711, 51.704259904712004 ], [ 4.620655290711906, 51.705934122217556 ], [ 4.619241603877355, 51.706233681379949 ], [ 4.626570710673565, 51.709087242757192 ], [ 4.638654379627414, 51.712398137331483 ], [ 4.638913560488393, 51.713240235858606 ], [ 4.636430503290081, 51.717350504559526 ], [ 4.636854224004795, 51.717435298938703 ], [ 4.639353077618716, 51.713364218152527 ], [ 4.640387694510386, 51.712824009547198 ], [ 4.643004529310186, 51.713335569147574 ], [ 4.647334012407899, 51.712880975032164 ], [ 4.643852296104246, 51.718826986619156 ], [ 4.64403373977476, 51.718863062536713 ], [ 4.64450002594492, 51.718955772798871 ], [ 4.645136584917976, 51.719067325039354 ], [ 4.675222591695757, 51.724209390396105 ], [ 4.676304223471845, 51.72492365057537 ], [ 4.681597589101821, 51.728418728028295 ], [ 4.693262894328346, 51.732281626147035 ], [ 4.703745677747655, 51.736927471865307 ], [ 4.724591579097507, 51.747905516162419 ], [ 4.736630793974386, 51.755568379492274 ], [ 4.740769999835573, 51.758818207112746 ], [ 4.744788205733936, 51.763487431646098 ], [ 4.750568881008354, 51.77576150556164 ], [ 4.755239671168641, 51.781611405533646 ], [ 4.765224479150236, 51.789208362000615 ], [ 4.765983137902961, 51.789631667840155 ], [ 4.773539017784451, 51.793324335789563 ], [ 4.797194138180015, 51.799769964644248 ], [ 4.806875681322382, 51.800336286486093 ], [ 4.828872220684182, 51.798020612462651 ], [ 4.836108440957887, 51.797839096697686 ], [ 4.845984335976476, 51.79875695585519 ], [ 4.854413462728822, 51.800683128378928 ], [ 4.859667267153294, 51.802684346079182 ], [ 4.88464251226574, 51.816471397879681 ], [ 4.885226875372582, 51.816769692614287 ], [ 4.889400948115376, 51.818895015343351 ], [ 4.909126363448169, 51.825377442159166 ], [ 4.918599011468456, 51.827482190083764 ], [ 4.926986579793933, 51.82830596135512 ], [ 4.936064116271526, 51.828314499560406 ], [ 4.942437574715162, 51.827243176460236 ], [ 4.960515808530892, 51.825042101132702 ], [ 4.969633134786853, 51.823654367914642 ], [ 4.976099736255647, 51.822633043174037 ], [ 4.98775692375039, 51.821059363558135 ] ], [ [ 4.948344032016625, 51.450969428789946 ], [ 4.943112044385797, 51.450361683527483 ], [ 4.943040043805735, 51.450826399406374 ], [ 4.941049788102367, 51.450788426761754 ], [ 4.941081052241783, 51.450460455574849 ], [ 4.93794112783457, 51.4504023895053 ], [ 4.937230339067669, 51.44991857153142 ], [ 4.934440700170827, 51.449737256405882 ], [ 4.933113392104371, 51.449536204690318 ], [ 4.934737426983895, 51.447475192333158 ], [ 4.936788485582013, 51.447523152692597 ], [ 4.936238596115543, 51.446906915156667 ], [ 4.936728035997372, 51.446842378092178 ], [ 4.938918513426168, 51.447118332772135 ], [ 4.93908152930375, 51.446348874828608 ], [ 4.939506914034936, 51.446492799856649 ], [ 4.940148169998707, 51.445164644708868 ], [ 4.940370139146721, 51.445188328959325 ], [ 4.939722403096721, 51.446565716331335 ], [ 4.940451456586589, 51.446812554859434 ], [ 4.940699369362126, 51.446366041655281 ], [ 4.941500953781074, 51.446418723591378 ], [ 4.941391316866415, 51.447112329180499 ], [ 4.94348840464224, 51.447478702544707 ], [ 4.943532970415787, 51.448663684757747 ], [ 4.945994357761354, 51.449093060978967 ], [ 4.946370913176532, 51.448281628026066 ], [ 4.944761407231715, 51.447784121038161 ], [ 4.946376192164916, 51.447378994195844 ], [ 4.947952814620362, 51.447333432602925 ], [ 4.948349653985965, 51.449041266186619 ], [ 4.950714693885397, 51.449458494933054 ], [ 4.952400581358196, 51.450150721187597 ], [ 4.951262887933737, 51.451042659013197 ], [ 4.952757886465416, 51.451634121660973 ], [ 4.951469263926757, 51.453712647707228 ], [ 4.949432258574655, 51.453525250355199 ], [ 4.950622353184652, 51.451649075071977 ], [ 4.948344032016625, 51.450969428789946 ] ], [ [ 4.947798279022058, 51.445701406251295 ], [ 4.945728960297563, 51.44453185769683 ], [ 4.945801103252614, 51.443974744865351 ], [ 4.943933185563163, 51.443791798800312 ], [ 4.943956319672405, 51.443651707407497 ], [ 4.946335797799671, 51.443978439596741 ], [ 4.948011554202041, 51.444037070621953 ], [ 4.948144642334102, 51.443697471658623 ], [ 4.949876603804785, 51.443654266429398 ], [ 4.948970824343702, 51.444733674114666 ], [ 4.949647761197695, 51.444777276508944 ], [ 4.949621420846573, 51.445318392482235 ], [ 4.947798279022058, 51.445701406251295 ] ], [ [ 4.939971361228514, 51.436118548463 ], [ 4.939449706932359, 51.437146843710273 ], [ 4.940362008001832, 51.43802017712197 ], [ 4.9398811815543, 51.439446213836064 ], [ 4.938785774916132, 51.439316885924171 ], [ 4.93905317990099, 51.437965435830478 ], [ 4.936468727279585, 51.437795260576216 ], [ 4.936342680377355, 51.43859591983113 ], [ 4.934660262716898, 51.438548778409057 ], [ 4.934899725988789, 51.440855224912994 ], [ 4.933740593168496, 51.44088238525935 ], [ 4.934269604107926, 51.442112758386884 ], [ 4.938109269883858, 51.441904456502336 ], [ 4.938077098350988, 51.443345755614786 ], [ 4.938467792292561, 51.443435047499634 ], [ 4.938881755674, 51.441862533830353 ], [ 4.940281945402628, 51.441801555276626 ], [ 4.939947186293454, 51.443756862072661 ], [ 4.939214518948453, 51.44361966958666 ], [ 4.938561053396657, 51.44345886679168 ], [ 4.938117566875623, 51.444717299759617 ], [ 4.936753157156595, 51.44440502053714 ], [ 4.935477032459808, 51.444282029442917 ], [ 4.935180038745788, 51.444872611748636 ], [ 4.93616914261448, 51.445261698009105 ], [ 4.935545754768273, 51.446346571463323 ], [ 4.933295893806066, 51.444244892631971 ], [ 4.933730304412589, 51.443159836185707 ], [ 4.933176519665922, 51.443088289608546 ], [ 4.933122487827063, 51.443270821583631 ], [ 4.932397001260528, 51.443166243466493 ], [ 4.931027911757702, 51.442903793571887 ], [ 4.930457117391387, 51.44245628309293 ], [ 4.929887317964956, 51.442476973124855 ], [ 4.929890880196374, 51.441913934257343 ], [ 4.928701892180003, 51.441597442302502 ], [ 4.928858914379884, 51.441029697424945 ], [ 4.929699945236484, 51.440093668152848 ], [ 4.928985976519779, 51.439588693389531 ], [ 4.928300175952782, 51.438553424683249 ], [ 4.926891865473326, 51.439833815864084 ], [ 4.927375432079912, 51.440031767947787 ], [ 4.926526602267746, 51.441307885960263 ], [ 4.926155459009853, 51.441222301326995 ], [ 4.926268117155101, 51.441693653339669 ], [ 4.926851577353726, 51.441660119787436 ], [ 4.925950142297268, 51.442817160011025 ], [ 4.928054990166618, 51.443618816593741 ], [ 4.925453414464977, 51.444549769516186 ], [ 4.923732819125648, 51.443894048017953 ], [ 4.923104611079666, 51.444902342020001 ], [ 4.924263978542257, 51.444928837859038 ], [ 4.922134687180141, 51.445716843773262 ], [ 4.924021805018587, 51.446313361756729 ], [ 4.923034805736003, 51.447377938952684 ], [ 4.921492566248103, 51.446449185002741 ], [ 4.920545547132508, 51.445959261057808 ], [ 4.919429701940697, 51.446932442941623 ], [ 4.918302806114936, 51.445784847583795 ], [ 4.919910330218345, 51.445161385039576 ], [ 4.920287282089876, 51.445758613844653 ], [ 4.921537263243622, 51.444862300969916 ], [ 4.920863356875181, 51.444791744706706 ], [ 4.922369392387845, 51.442663002690992 ], [ 4.921900531923835, 51.442066525110462 ], [ 4.921540367760593, 51.442193178981263 ], [ 4.919189624383732, 51.440670240928419 ], [ 4.921200655903932, 51.440403950319634 ], [ 4.920214039735834, 51.439542025196523 ], [ 4.921303294809301, 51.439114826506106 ], [ 4.919797203045061, 51.43808578816288 ], [ 4.920722939230575, 51.437304062339834 ], [ 4.918056044453865, 51.435281035390801 ], [ 4.917076908196722, 51.435885726888159 ], [ 4.915012031392923, 51.435355319713942 ], [ 4.91721571947831, 51.434585605622352 ], [ 4.919286618132789, 51.434770936585721 ], [ 4.922550868790922, 51.434006917796246 ], [ 4.922553116447429, 51.433642751595443 ], [ 4.92524556389444, 51.433409395703535 ], [ 4.924961123588125, 51.433877727556251 ], [ 4.925927571193612, 51.433859361281179 ], [ 4.926084525817289, 51.433396444308478 ], [ 4.92784246542908, 51.431223683018764 ], [ 4.928812938378983, 51.430512440180301 ], [ 4.930933494210726, 51.430256891450995 ], [ 4.933598527627155, 51.431021211511514 ], [ 4.935979816063463, 51.429470797577778 ], [ 4.939697383510091, 51.430742557482205 ], [ 4.93993678134873, 51.434116880890649 ], [ 4.936248701037517, 51.434226192631854 ], [ 4.93817098557396, 51.435966465607429 ], [ 4.939971361228514, 51.436118548463 ] ], [ [ 4.918878333610802, 51.444005815375732 ], [ 4.918372573235459, 51.444105088545328 ], [ 4.918147168295723, 51.443958833913186 ], [ 4.918222124755676, 51.443433020561926 ], [ 4.918524556828291, 51.443439089443103 ], [ 4.918493675108271, 51.443574419476619 ], [ 4.918878333610802, 51.444005815375732 ] ], [ [ 4.931512197016143, 51.447631301270455 ], [ 4.931906848243197, 51.446660254073642 ], [ 4.934073773670971, 51.447400554530113 ], [ 4.933206518532062, 51.448264126283782 ], [ 4.931512197016143, 51.447631301270455 ] ], [ [ 4.929125471637762, 51.448124431891173 ], [ 4.928410020402837, 51.448722351815043 ], [ 4.927350435252189, 51.448568239861295 ], [ 4.928398253838984, 51.447827821686047 ], [ 4.929125471637762, 51.448124431891173 ] ], [ [ 4.929490867600538, 51.449570364449066 ], [ 4.930402932045561, 51.448723687699349 ], [ 4.931813160876779, 51.449269964187486 ], [ 4.930703629807344, 51.450401435676874 ], [ 4.929490867600538, 51.449570364449066 ] ], [ [ 4.926926525612116, 51.445360804888871 ], [ 4.925504479943966, 51.446651372513074 ], [ 4.924171885538755, 51.446351260778954 ], [ 4.92571921736345, 51.444906777223316 ], [ 4.926263912431243, 51.445167267774679 ], [ 4.926926525612116, 51.445360804888871 ] ], [ [ 4.940981591145253, 51.445294488837682 ], [ 4.941185421367826, 51.444882772433296 ], [ 4.942315427246841, 51.445136524234805 ], [ 4.942115624847355, 51.445549156822196 ], [ 4.940981591145253, 51.445294488837682 ] ], [ [ 4.939760880827976, 51.439760180627879 ], [ 4.940759668419818, 51.439314745937303 ], [ 4.941373761529951, 51.43795178585728 ], [ 4.942226823168165, 51.438108390535895 ], [ 4.941863094187601, 51.439003350150109 ], [ 4.943117189866981, 51.440164372646073 ], [ 4.942054325561972, 51.440043289241778 ], [ 4.939760880827976, 51.439760180627879 ] ], [ [ 4.932415946173356, 51.406061429686453 ], [ 4.928495113934673, 51.405114475306625 ], [ 4.936394794866714, 51.405342309678232 ], [ 4.935794988694844, 51.409300190936939 ], [ 4.929429095374087, 51.408084184270322 ], [ 4.932415946173356, 51.406061429686453 ] ], [ [ 4.940998710174233, 51.43464211666145 ], [ 4.942755665500739, 51.435113182703844 ], [ 4.942189609257094, 51.436454670292349 ], [ 4.939971361228514, 51.436118548463 ], [ 4.940998710174233, 51.43464211666145 ] ] ] ] } },
{ "type": "Feature", "properties": { "fid": 24, "ck_zk": "ZK26", "jrstatcode": "2025ZK26", "statnaam": "Zaanstreek/Waterland", "rubriek": "zorgkantoorregio", "id": 24 }, "geometry": { "type": "MultiPolygon", "coordinates": [ [ [ [ 4.956634644576948, 52.610668484339463 ], [ 4.959316112956325, 52.604680482687762 ], [ 4.958675776795309, 52.603263462218173 ], [ 4.956941108545458, 52.602222577533638 ], [ 4.952523240287815, 52.60117101192435 ], [ 4.949257774954328, 52.59953283881265 ], [ 4.94984990577973, 52.595285342969014 ], [ 5.004881212638093, 52.597573047469659 ], [ 5.007949379928123, 52.60779907056515 ], [ 5.006690144750671, 52.61051914337235 ], [ 5.018653721949044, 52.61206363381396 ], [ 5.018853049782741, 52.612437505799242 ], [ 5.019659333667352, 52.612453573800536 ], [ 5.019396307389172, 52.610307201028924 ], [ 5.020032759011187, 52.609302813659141 ], [ 5.019678971037497, 52.608355770703874 ], [ 5.01949582388987, 52.606418951707361 ], [ 5.022264153179374, 52.604514816778654 ], [ 5.020821520028422, 52.603154795732223 ], [ 5.021167463498496, 52.602299919110919 ], [ 5.023097071550098, 52.601565619623877 ], [ 5.024365818797098, 52.599648199831854 ], [ 5.020488155178125, 52.596001968271729 ], [ 5.023332612988511, 52.591416046028208 ], [ 5.028566659561505, 52.585231392141075 ], [ 5.027903243345572, 52.58339674564283 ], [ 5.029289796856077, 52.582116758885135 ], [ 5.029352713901943, 52.580657309070496 ], [ 5.032578920979046, 52.573583521858559 ], [ 5.031001804327404, 52.570371635867822 ], [ 5.031213465245019, 52.567452403770332 ], [ 5.034676075183671, 52.564921503130925 ], [ 5.042670339496312, 52.560960217363302 ], [ 5.042939935204266, 52.558615672339748 ], [ 5.054752153165025, 52.544671690372908 ], [ 5.054037574410028, 52.541907329237873 ], [ 5.054589036996983, 52.53878950767583 ], [ 5.057575452081315, 52.537242523421504 ], [ 5.063010543902384, 52.529779924187544 ], [ 5.064773521571794, 52.528975142517652 ], [ 5.065775330008341, 52.526200275555922 ], [ 5.066440289297405, 52.522775968281806 ], [ 5.069774228606866, 52.521058903732225 ], [ 5.071686620580562, 52.5188997976975 ], [ 5.073820426774653, 52.519366922057522 ], [ 5.075005761161758, 52.519061644777942 ], [ 5.074564270024698, 52.51715278745754 ], [ 5.074979662704903, 52.515037022044574 ], [ 5.080543411917533, 52.513130331363492 ], [ 5.08200982531945, 52.510381329891409 ], [ 5.083764434999403, 52.506618549242042 ], [ 5.08569261464751, 52.50375760326957 ], [ 5.080962800828621, 52.499772862276259 ], [ 5.077935131937987, 52.495498701496487 ], [ 5.078501100400696, 52.4945938467011 ], [ 5.077860010152145, 52.493743183514432 ], [ 5.076737734468431, 52.492836762689357 ], [ 5.076967386576986, 52.492578891347655 ], [ 5.076883372845034, 52.492554464121476 ], [ 5.076527550317705, 52.492825299176829 ], [ 5.077726634786523, 52.493846347992282 ], [ 5.076868031285367, 52.494341400287027 ], [ 5.07560541881963, 52.493524263552032 ], [ 5.07551546973521, 52.492974236241835 ], [ 5.073532956964448, 52.492552564176869 ], [ 5.073860446807346, 52.49203545178942 ], [ 5.076287297909464, 52.492636935864205 ], [ 5.076385232973909, 52.492533639706402 ], [ 5.075582808648695, 52.492251842933129 ], [ 5.073803864560764, 52.491864247975329 ], [ 5.073570936150946, 52.492110728355563 ], [ 5.071813700772363, 52.491903688882239 ], [ 5.071562912520257, 52.490908701427621 ], [ 5.069946230675427, 52.489676342555782 ], [ 5.068672023885703, 52.489551183536484 ], [ 5.067391296667607, 52.489669570690793 ], [ 5.065856423889342, 52.490012389492797 ], [ 5.065222076935724, 52.490713343418939 ], [ 5.064152653987569, 52.490614974190649 ], [ 5.063084289638251, 52.488706955819211 ], [ 5.062808786152996, 52.488223463276569 ], [ 5.061560266215617, 52.488274158091748 ], [ 5.060669206821425, 52.487483771415484 ], [ 5.060002591556563, 52.486870746137299 ], [ 5.059481435377508, 52.485614537507168 ], [ 5.059061970472236, 52.481796657820205 ], [ 5.060571076862159, 52.476706516474856 ], [ 5.067652223532228, 52.472304409141614 ], [ 5.06908894506191, 52.470711738188704 ], [ 5.068475003048129, 52.468766681062768 ], [ 5.061904853624029, 52.467704966504897 ], [ 5.057838846636234, 52.467925785846667 ], [ 5.051066824274957, 52.469332768990249 ], [ 5.048829594424747, 52.468456941970636 ], [ 5.041573137473899, 52.465894531723123 ], [ 5.041424136287719, 52.465497496127654 ], [ 5.039723938617336, 52.465574058547872 ], [ 5.039118087692843, 52.464975175742879 ], [ 5.038762073655559, 52.46503406769407 ], [ 5.038830934030869, 52.46577575344763 ], [ 5.038651094413921, 52.465787573826802 ], [ 5.038664025009759, 52.466132710498151 ], [ 5.038216014004528, 52.466201092601317 ], [ 5.038225992447682, 52.466280755344052 ], [ 5.033605252108371, 52.467389822958665 ], [ 5.033415892787441, 52.465965729932002 ], [ 5.033308215180593, 52.464806974149447 ], [ 5.034098756390503, 52.464397983245924 ], [ 5.03851683342102, 52.464001064083391 ], [ 5.038750581076899, 52.463424523142827 ], [ 5.038365443092951, 52.463225100489524 ], [ 5.037709441626563, 52.463449273950992 ], [ 5.036449160973684, 52.463170983519397 ], [ 5.038799131716455, 52.460463276462761 ], [ 5.039871129367665, 52.460852580216446 ], [ 5.04043745501904, 52.460135614759331 ], [ 5.041671718420542, 52.460137831544372 ], [ 5.040653318861605, 52.459041875572673 ], [ 5.040884224486756, 52.458184625743122 ], [ 5.042292337633946, 52.457776276497775 ], [ 5.043460650720344, 52.457594032555292 ], [ 5.046074067235924, 52.461181324136177 ], [ 5.049257724326031, 52.462765312198606 ], [ 5.054036002072396, 52.462083597836127 ], [ 5.055248517186951, 52.460876413820927 ], [ 5.049801430621232, 52.455514012139147 ], [ 5.04846496674039, 52.455100298475372 ], [ 5.048178512612126, 52.453883543309317 ], [ 5.048165504177814, 52.450567684220232 ], [ 5.047726713137035, 52.448379896149383 ], [ 5.0482239418321, 52.447674414877376 ], [ 5.04912540949577, 52.447326248278586 ], [ 5.050304964177926, 52.445001099109177 ], [ 5.047951861722842, 52.442253723505623 ], [ 5.049416213279996, 52.439359039339429 ], [ 5.057489012173649, 52.439127555330955 ], [ 5.06383301483017, 52.43732519376011 ], [ 5.064842786384807, 52.437343195601379 ], [ 5.065663092064124, 52.438583056349643 ], [ 5.067196664442942, 52.438895584892428 ], [ 5.071705627068151, 52.437732902113076 ], [ 5.078061164617049, 52.436557968428772 ], [ 5.086927388962657, 52.437023947239986 ], [ 5.08718753814633, 52.435061450438226 ], [ 5.088846409479545, 52.434843285263042 ], [ 5.09300253201605, 52.440115642744416 ], [ 5.09439110211467, 52.448543674181984 ], [ 5.092997028862114, 52.450367438284168 ], [ 5.092636567348265, 52.451662154274807 ], [ 5.094686715318585, 52.454146278007379 ], [ 5.09877663140412, 52.457268935023123 ], [ 5.099253158343341, 52.458235453203699 ], [ 5.099074168862106, 52.458413212686317 ], [ 5.099143813073835, 52.458554260155616 ], [ 5.099509047634841, 52.458288338938502 ], [ 5.099233721435076, 52.457611622921611 ], [ 5.099040540495452, 52.457400173239705 ], [ 5.100162743253128, 52.457064058664379 ], [ 5.100689586608696, 52.457910485672734 ], [ 5.100545555629062, 52.457946042497603 ], [ 5.100626841565547, 52.458082533641019 ], [ 5.100782290786883, 52.458044568694739 ], [ 5.100962026507828, 52.458318364036053 ], [ 5.10132066347455, 52.458899594548932 ], [ 5.100793534287495, 52.458996640945003 ], [ 5.100430815750914, 52.458417759074337 ], [ 5.099269644708634, 52.458663853115297 ], [ 5.09927955799736, 52.458776277831568 ], [ 5.100007272548535, 52.458695515912474 ], [ 5.101535508797352, 52.462055191166947 ], [ 5.100521926652567, 52.464172123564552 ], [ 5.102725423192931, 52.466715004591542 ], [ 5.104927328102359, 52.467276213216486 ], [ 5.106344985310453, 52.467545636900567 ], [ 5.111763139096807, 52.463977755190569 ], [ 5.113644598651629, 52.461788949947262 ], [ 5.120098364363459, 52.461792959681247 ], [ 5.132080413171671, 52.463098010582883 ], [ 5.134744214276505, 52.462881085978253 ], [ 5.13652398817872, 52.462404792514839 ], [ 5.137285376731626, 52.461839943821793 ], [ 5.137573172234453, 52.46125411448093 ], [ 5.137328637755508, 52.460658004155995 ], [ 5.137596262387969, 52.460386704937079 ], [ 5.13877421102065, 52.459910661744523 ], [ 5.139313095389028, 52.459909685235054 ], [ 5.139381651264863, 52.459687980838872 ], [ 5.138856194575374, 52.459624592591311 ], [ 5.138859038530239, 52.459547782930784 ], [ 5.139293023272252, 52.459500517241175 ], [ 5.139270003092935, 52.45943723801804 ], [ 5.138707157653713, 52.459487083640305 ], [ 5.138293886559368, 52.459983342731888 ], [ 5.137005408115323, 52.46034175598011 ], [ 5.133416824167895, 52.459818507479575 ], [ 5.124315420571413, 52.457067968284747 ], [ 5.12192227102606, 52.455645088158001 ], [ 5.111085763281491, 52.45404569794335 ], [ 5.106176845989698, 52.450193534671143 ], [ 5.099122874798355, 52.450268482327523 ], [ 5.094938944616109, 52.448452481736936 ], [ 5.09387120314271, 52.441010252568397 ], [ 5.091921394378695, 52.437365753063446 ], [ 5.086756333308089, 52.432091830169348 ], [ 5.086347414262292, 52.432293915208163 ], [ 5.088212374609906, 52.434231744865187 ], [ 5.085922491392735, 52.435046403914818 ], [ 5.081698424973704, 52.43105829879795 ], [ 5.080848100950548, 52.430695413049186 ], [ 5.079429319824796, 52.430741766880416 ], [ 5.079982585605501, 52.430293797725987 ], [ 5.079776308340757, 52.430026932396451 ], [ 5.078911743057415, 52.430160230414245 ], [ 5.076606288639701, 52.428927366043823 ], [ 5.076320197515431, 52.428574555290062 ], [ 5.076220857315998, 52.428170257295065 ], [ 5.077033356347201, 52.427826571626291 ], [ 5.076970569199028, 52.4276044452834 ], [ 5.076832541597501, 52.426974404911803 ], [ 5.076679048872608, 52.426991699329683 ], [ 5.076667306996039, 52.427650491437227 ], [ 5.075443358876896, 52.427836320296898 ], [ 5.07563219154458, 52.428581459576364 ], [ 5.074879121861559, 52.428721875968549 ], [ 5.074318406710813, 52.427858540134963 ], [ 5.074652876465432, 52.427757644275523 ], [ 5.074211524005842, 52.427122712189259 ], [ 5.076707693037677, 52.426683850260368 ], [ 5.076178395395579, 52.426431833003555 ], [ 5.075843677221365, 52.426341383711524 ], [ 5.075183397615896, 52.426252437940597 ], [ 5.074289371258367, 52.424952063563673 ], [ 5.074377300575474, 52.424510052836823 ], [ 5.075439419564634, 52.424299720211799 ], [ 5.075366219500687, 52.424174659472705 ], [ 5.074056261130874, 52.424417737258736 ], [ 5.073049319892526, 52.423953842730739 ], [ 5.073263688900067, 52.420582179986134 ], [ 5.068263524147653, 52.416558099575596 ], [ 5.065412546012646, 52.417239447837908 ], [ 5.049177133423939, 52.415129272548867 ], [ 5.040109138979139, 52.417307253930375 ], [ 5.035238072280898, 52.418250990847476 ], [ 5.032934205615081, 52.416462847539023 ], [ 5.030044791778661, 52.415643495791514 ], [ 5.029727793544366, 52.417706820172697 ], [ 5.028357307577804, 52.41941642512186 ], [ 5.021145753302403, 52.421054819968575 ], [ 5.018205109216432, 52.419059549432724 ], [ 5.000292804985572, 52.425406731593505 ], [ 4.995578076168862, 52.425471227338825 ], [ 4.990488970827532, 52.425429873541681 ], [ 4.990405559595295, 52.424518300687772 ], [ 4.989100177556863, 52.423306506872137 ], [ 4.987101491899271, 52.422841697875491 ], [ 4.982636419509616, 52.42676229238878 ], [ 4.976238280448379, 52.424025997537633 ], [ 4.97331980850478, 52.422797334167541 ], [ 4.956005271251374, 52.421960338547827 ], [ 4.95577711075209, 52.422431932306374 ], [ 4.953559214081649, 52.422256632242906 ], [ 4.952329179296735, 52.423523571200889 ], [ 4.951340219009839, 52.423228515662672 ], [ 4.951722006837267, 52.42250701737678 ], [ 4.951481365915672, 52.421929744670614 ], [ 4.949682840859511, 52.421983544405478 ], [ 4.948807164202123, 52.421464346099214 ], [ 4.947788574187965, 52.421562241119368 ], [ 4.944779878900251, 52.415018179294812 ], [ 4.942646796749211, 52.413859980032449 ], [ 4.935142300900965, 52.412039771324316 ], [ 4.930715883222069, 52.411607581431028 ], [ 4.922745728164024, 52.415529684260804 ], [ 4.920450314456986, 52.416607032257382 ], [ 4.915662695432131, 52.418570582085628 ], [ 4.914300657840509, 52.418496927393704 ], [ 4.90966031508941, 52.420249258066747 ], [ 4.908676809874248, 52.42071504415582 ], [ 4.907962199779475, 52.420873681571869 ], [ 4.908074156981383, 52.421102096057055 ], [ 4.907453129612459, 52.421256643714237 ], [ 4.905691512026024, 52.422129882719865 ], [ 4.898741017515518, 52.424489763914202 ], [ 4.898739713829391, 52.424461339719869 ], [ 4.892683269145705, 52.425423680845135 ], [ 4.888142627920335, 52.425618067617066 ], [ 4.887684461887339, 52.425585496698119 ], [ 4.886862192382404, 52.42556236026843 ], [ 4.881647707187828, 52.425664140004926 ], [ 4.878993457593912, 52.42569632751583 ], [ 4.876573547526911, 52.426227923438745 ], [ 4.873621522437111, 52.428464794719126 ], [ 4.873206518454473, 52.429549195653635 ], [ 4.871461580593695, 52.43010128088774 ], [ 4.869544122584981, 52.429846453628144 ], [ 4.865970480499965, 52.430678664090799 ], [ 4.865257034284414, 52.430543352240221 ], [ 4.865013751309488, 52.430549263925087 ], [ 4.864206451369951, 52.430374579814881 ], [ 4.864187140795075, 52.430264189545035 ], [ 4.862677453449354, 52.429941314966214 ], [ 4.862805016717144, 52.429622567279701 ], [ 4.862702089645119, 52.429599283237295 ], [ 4.862211192819981, 52.428562166893194 ], [ 4.857947578561188, 52.424717105454299 ], [ 4.85782934829363, 52.423983968297108 ], [ 4.859857713138124, 52.420473696107862 ], [ 4.856078010842785, 52.416662167305766 ], [ 4.842637945190249, 52.41879852377425 ], [ 4.827723667488576, 52.420784077471566 ], [ 4.826606644425155, 52.420920992690967 ], [ 4.809939556831807, 52.423024178898274 ], [ 4.783480370257104, 52.426413367574362 ], [ 4.767537879892973, 52.428498103423316 ], [ 4.764756096514065, 52.427777604203065 ], [ 4.753205162035452, 52.429240907298784 ], [ 4.750085392130022, 52.429636553462522 ], [ 4.739208095839959, 52.431063829712741 ], [ 4.721983094012953, 52.433336168527894 ], [ 4.710965713819875, 52.436194292169262 ], [ 4.690813726510894, 52.446876925445927 ], [ 4.674848021085254, 52.455520407781073 ], [ 4.682999697302862, 52.461132116876534 ], [ 4.684587402233167, 52.462225121447347 ], [ 4.685069352316609, 52.462556791188184 ], [ 4.684266301900828, 52.463521031461966 ], [ 4.685146265861139, 52.463661842491739 ], [ 4.690080996220721, 52.465624681708725 ], [ 4.694609382318839, 52.468082066121426 ], [ 4.697818597107621, 52.471033820331272 ], [ 4.697280153631382, 52.47200989449064 ], [ 4.699278728298106, 52.47453268378657 ], [ 4.698734896175994, 52.477136944424124 ], [ 4.700728960761412, 52.48023676651394 ], [ 4.705472023069447, 52.481856231594755 ], [ 4.706158622319797, 52.482839459766659 ], [ 4.705906287865754, 52.484443111495921 ], [ 4.707968883346465, 52.486332438554882 ], [ 4.708445037267249, 52.488625677562929 ], [ 4.714645426302392, 52.493195038816339 ], [ 4.720367092485928, 52.494953912563801 ], [ 4.720751699656017, 52.49505246410736 ], [ 4.731577194832487, 52.4963314437829 ], [ 4.7398925464559, 52.501707736801052 ], [ 4.746372959092798, 52.506097632009507 ], [ 4.748410422725014, 52.507661613811607 ], [ 4.750674066609652, 52.508290926953229 ], [ 4.752767807827129, 52.510591878753573 ], [ 4.752253743828049, 52.511079551267684 ], [ 4.74845884963008, 52.514982029712861 ], [ 4.748253303799529, 52.515316472743045 ], [ 4.74814252556868, 52.517054990705923 ], [ 4.748276175130818, 52.517468750280983 ], [ 4.749728687241906, 52.5200746577774 ], [ 4.752428076975379, 52.521232699024971 ], [ 4.761227657045577, 52.518553804257124 ], [ 4.763619448375416, 52.519707181495832 ], [ 4.767026920545844, 52.518866415151621 ], [ 4.767203204345383, 52.519751924003124 ], [ 4.775278594813207, 52.519415588230572 ], [ 4.782476457704385, 52.519580960110773 ], [ 4.784710816606668, 52.519436493735753 ], [ 4.784971284355945, 52.519419649345473 ], [ 4.784971552655801, 52.519419638124496 ], [ 4.789860919713963, 52.519235886408474 ], [ 4.792439650543623, 52.519725202105455 ], [ 4.798284275712428, 52.524360479131794 ], [ 4.804705940440539, 52.525360178511363 ], [ 4.811626572320728, 52.530190500630326 ], [ 4.820186920503515, 52.531231797740979 ], [ 4.824407186219339, 52.533804459133137 ], [ 4.816992994576942, 52.535648208335679 ], [ 4.819027469323631, 52.538725969140238 ], [ 4.820986505763584, 52.538246358555035 ], [ 4.824385242721314, 52.542599943835299 ], [ 4.828031738846206, 52.541668559905922 ], [ 4.833910385168199, 52.538960348882064 ], [ 4.83549585882946, 52.540666207349283 ], [ 4.84227802405846, 52.543493487103682 ], [ 4.844587520922921, 52.547309214821858 ], [ 4.848307047603496, 52.550072235394005 ], [ 4.851828283247722, 52.554831634163378 ], [ 4.853841983074025, 52.556769063298731 ], [ 4.858684553495798, 52.559455529303143 ], [ 4.861341487759513, 52.562277351040827 ], [ 4.862939661786734, 52.565047138538162 ], [ 4.863032770821134, 52.568725082522576 ], [ 4.86423782639196, 52.571621301921134 ], [ 4.865671951163444, 52.573750178427524 ], [ 4.868630992485035, 52.575945310345425 ], [ 4.876379533819174, 52.577830001131929 ], [ 4.884749809015174, 52.584235963314228 ], [ 4.890520011227657, 52.594617837066167 ], [ 4.893495071750681, 52.597837248973242 ], [ 4.901168606657583, 52.602924969483816 ], [ 4.915375830391878, 52.608642103890993 ], [ 4.921439906458744, 52.608313218937518 ], [ 4.926925470262382, 52.6066969991112 ], [ 4.928947566104004, 52.605165444452808 ], [ 4.937695237575264, 52.607379186217372 ], [ 4.948497817998455, 52.613550999027915 ], [ 4.950933269976725, 52.614106339046195 ], [ 4.95333533486536, 52.613391238745514 ], [ 4.95385656595381, 52.613142667736497 ], [ 4.956634644576948, 52.610668484339463 ] ] ] ] } },
{ "type": "Feature", "properties": { "fid": 25, "ck_zk": "ZK27", "jrstatcode": "2025ZK27", "statnaam": "Zeeland", "rubriek": "zorgkantoorregio", "id": 25 }, "geometry": { "type": "MultiPolygon", "coordinates": [ [ [ [ 3.51943487726957, 51.40749187767404 ], [ 3.545670065677379, 51.405307015389162 ], [ 3.547676437016821, 51.405168150806247 ], [ 3.549842682025429, 51.406153587639999 ], [ 3.550997827684662, 51.405951828067231 ], [ 3.548269390542169, 51.403447553221909 ], [ 3.546522118520746, 51.403522553501666 ], [ 3.547366053553239, 51.401864960008737 ], [ 3.54712285252609, 51.401639746006332 ], [ 3.547762091504851, 51.401315865260301 ], [ 3.548091782426313, 51.401519570185016 ], [ 3.550911119887997, 51.400736994513416 ], [ 3.553628123451001, 51.403676436599675 ], [ 3.553060411948542, 51.404581238925836 ], [ 3.553284389617696, 51.404696140560333 ], [ 3.554019597458766, 51.403775518748745 ], [ 3.552605625725025, 51.401385940428277 ], [ 3.558577614426557, 51.40019262290874 ], [ 3.567859619372317, 51.400616258324852 ], [ 3.562685253512928, 51.396687084100648 ], [ 3.562764507893207, 51.396062351432455 ], [ 3.566296764759894, 51.39846432048315 ], [ 3.567005070762945, 51.39776302371385 ], [ 3.564498722439418, 51.395716301340236 ], [ 3.56467571976864, 51.395318810360912 ], [ 3.566229746949322, 51.395327042435632 ], [ 3.567696387444766, 51.396480925683925 ], [ 3.568436591569779, 51.39654193928542 ], [ 3.568590753013114, 51.395190064145957 ], [ 3.570087231878209, 51.395112409840273 ], [ 3.570338679911946, 51.395754092662322 ], [ 3.570725996864617, 51.395745857313401 ], [ 3.572079986607549, 51.394905265881818 ], [ 3.57348757910112, 51.394907374558827 ], [ 3.574383762916546, 51.395662533292516 ], [ 3.568307353150346, 51.398639993450821 ], [ 3.568243469229846, 51.399248846890075 ], [ 3.578322159146233, 51.393864232103638 ], [ 3.578145431471101, 51.392592191971495 ], [ 3.584816820668444, 51.387898493068853 ], [ 3.589168790204018, 51.386722792166225 ], [ 3.60694058772035, 51.385182654643991 ], [ 3.607752439480157, 51.383755677732424 ], [ 3.614180959698472, 51.382484077295892 ], [ 3.615768848827528, 51.38052865491332 ], [ 3.623373963623013, 51.379022910820247 ], [ 3.64075362898422, 51.375903867582494 ], [ 3.652184751723121, 51.374706340100431 ], [ 3.66243297969384, 51.373707679085697 ], [ 3.665871894024701, 51.374653305785742 ], [ 3.668486797622704, 51.374260110908843 ], [ 3.672167706447092, 51.372758426153432 ], [ 3.687396863971868, 51.371258653037977 ], [ 3.690980429817886, 51.36757184206428 ], [ 3.690965538586765, 51.365894395661051 ], [ 3.693050604797251, 51.365287592614003 ], [ 3.693611615411788, 51.363986043802591 ], [ 3.696686524362128, 51.362253708498237 ], [ 3.70518744614443, 51.358801276075177 ], [ 3.714304748529366, 51.353647077557802 ], [ 3.716146223936068, 51.353501415549232 ], [ 3.722536282800771, 51.349617976541204 ], [ 3.731525681079189, 51.348708474713739 ], [ 3.742185822819293, 51.348812725366798 ], [ 3.758132469571585, 51.347868621869665 ], [ 3.758583036760203, 51.346196242874761 ], [ 3.755799953119348, 51.343926552870528 ], [ 3.754981871541463, 51.341063757654936 ], [ 3.758632610516937, 51.339652920317903 ], [ 3.768171141671257, 51.336329166398336 ], [ 3.770966431210494, 51.336263584298202 ], [ 3.769619541802126, 51.348569428895388 ], [ 3.771756491142881, 51.350265498765395 ], [ 3.788994759810484, 51.349557345743278 ], [ 3.792324548485196, 51.34692266628867 ], [ 3.798285226734232, 51.345236474955435 ], [ 3.800137136611826, 51.34432241502352 ], [ 3.80988403417853, 51.343500087023486 ], [ 3.80708102704099, 51.340610853234516 ], [ 3.807152249702774, 51.338400181050645 ], [ 3.814744208183265, 51.32996232880118 ], [ 3.815370251194373, 51.330153102575558 ], [ 3.815730630399628, 51.329659015507211 ], [ 3.816228739169593, 51.329816886660474 ], [ 3.815854846707865, 51.330300768864142 ], [ 3.816455484969476, 51.330483793228915 ], [ 3.813361141855544, 51.336868479073019 ], [ 3.814507451478998, 51.337241251414987 ], [ 3.815234148711392, 51.335883023186199 ], [ 3.816279675108972, 51.33593110469797 ], [ 3.815785553620384, 51.337003350102059 ], [ 3.816018007279864, 51.337035029910282 ], [ 3.816785428269256, 51.335749909485045 ], [ 3.817024612501451, 51.335780103015267 ], [ 3.816742119550099, 51.337139241198329 ], [ 3.817253531519501, 51.337231571138119 ], [ 3.816634407898396, 51.339362411987871 ], [ 3.813980345733702, 51.342820873408179 ], [ 3.817765316342537, 51.342874364023935 ], [ 3.817222336607164, 51.340656176370864 ], [ 3.819161091686068, 51.336272206080018 ], [ 3.819948338964518, 51.336349711516633 ], [ 3.82065177842185, 51.338991202479768 ], [ 3.821731235578761, 51.339767083750985 ], [ 3.821740371177307, 51.340293553752865 ], [ 3.820239481038687, 51.341091361469793 ], [ 3.819841805156101, 51.342570002815719 ], [ 3.820238422530692, 51.342698316240003 ], [ 3.821528538487547, 51.341121595040832 ], [ 3.823811419169941, 51.340995477019668 ], [ 3.827338426507492, 51.343220049963215 ], [ 3.827617793892514, 51.342883048371149 ], [ 3.824864630406992, 51.341043416210326 ], [ 3.829281556226714, 51.339691175766539 ], [ 3.828563179893147, 51.342403211144365 ], [ 3.829152327286288, 51.342536399463214 ], [ 3.830160669346188, 51.339422005559427 ], [ 3.83465814020963, 51.338855557938579 ], [ 3.835704788920973, 51.337342139819228 ], [ 3.84204613456506, 51.335818373968714 ], [ 3.848207911245515, 51.335628487724179 ], [ 3.856055756941085, 51.335875590222749 ], [ 3.857272753780073, 51.335392317518952 ], [ 3.858563836287423, 51.335992492832901 ], [ 3.866852993386077, 51.336369109222389 ], [ 3.870183652016664, 51.340382087609996 ], [ 3.873909926049533, 51.341856181855483 ], [ 3.874850094791818, 51.345695391842966 ], [ 3.875596789246856, 51.346304319251928 ], [ 3.88370100795845, 51.347428983391069 ], [ 3.884843286323204, 51.347632414402455 ], [ 3.884845129811952, 51.349360765952596 ], [ 3.886158337804937, 51.348925402172242 ], [ 3.885550492951834, 51.347758356638273 ], [ 3.891186988601968, 51.348761945576285 ], [ 3.897110343796515, 51.353158511396877 ], [ 3.905045440205753, 51.357218735854914 ], [ 3.91743526103506, 51.361251131339948 ], [ 3.936637980656237, 51.363583727490017 ], [ 3.941779947495071, 51.36540891529485 ], [ 3.948361788675919, 51.367244464013403 ], [ 3.95470621992952, 51.367496069515504 ], [ 3.955410188394228, 51.365864343070271 ], [ 3.958020227248917, 51.365215688746488 ], [ 3.95906689051834, 51.367668801106632 ], [ 3.959614800094871, 51.36899785695374 ], [ 3.95915568019795, 51.371287142215749 ], [ 3.962697115625875, 51.375373095227658 ], [ 3.963238988090424, 51.381415021111046 ], [ 3.967604653667098, 51.38450426765489 ], [ 3.968163551379348, 51.38562812390952 ], [ 3.965687025528614, 51.389055763027272 ], [ 3.965244642801915, 51.396923894098556 ], [ 3.963950327319025, 51.398633946977597 ], [ 3.963890782407005, 51.399373682986102 ], [ 3.969337520832562, 51.402777157749391 ], [ 3.970834569014676, 51.405700643909348 ], [ 3.974308756842593, 51.406688738561456 ], [ 3.991727209917489, 51.405741970233358 ], [ 3.993197140684821, 51.405383464241417 ], [ 3.993260863017742, 51.404061007208497 ], [ 4.017869534506985, 51.401134537023076 ], [ 4.019079957263007, 51.401407621401695 ], [ 4.01942893813839, 51.401186607237513 ], [ 4.01636847176939, 51.399030154759849 ], [ 4.017452689212424, 51.398246277692778 ], [ 4.017204598685615, 51.397455322007474 ], [ 4.01839990157523, 51.396985982976993 ], [ 4.02180892974154, 51.398068394332185 ], [ 4.02173784988042, 51.400480014280035 ], [ 4.022188021714667, 51.400598174924774 ], [ 4.022266838170395, 51.398258805575686 ], [ 4.024916839925337, 51.39426613804747 ], [ 4.029111985925671, 51.393511919233767 ], [ 4.03236916442231, 51.385312832432454 ], [ 4.03274115647081, 51.384902581446603 ], [ 4.033210252974222, 51.385071648013067 ], [ 4.033469800875959, 51.384835436742378 ], [ 4.03294899881608, 51.38467335785073 ], [ 4.034889552435344, 51.382533055244842 ], [ 4.034697355454687, 51.382411744894135 ], [ 4.033303671578656, 51.383742147086899 ], [ 4.032622556754781, 51.38336492471273 ], [ 4.034179563652824, 51.382023541549806 ], [ 4.033342904998338, 51.381025054684251 ], [ 4.034257211826547, 51.380641761127748 ], [ 4.035487620061146, 51.381943665183506 ], [ 4.036900235846461, 51.380258546378215 ], [ 4.036655805601432, 51.3794915740975 ], [ 4.039407571973983, 51.377378856256342 ], [ 4.044079283797991, 51.370920515534301 ], [ 4.049450369038717, 51.366967228190212 ], [ 4.053161272663516, 51.365791820506502 ], [ 4.085972847262705, 51.364173563939133 ], [ 4.092360532713862, 51.361451384506537 ], [ 4.094976360147545, 51.361740759213561 ], [ 4.096248056476672, 51.361390269582678 ], [ 4.098627145956856, 51.359071061274051 ], [ 4.110962610362572, 51.354377136316678 ], [ 4.110955012361343, 51.354280947262907 ], [ 4.110594845212489, 51.353946727378442 ], [ 4.110491257722217, 51.352034441124438 ], [ 4.111265703897413, 51.35198435119996 ], [ 4.111600739926144, 51.353483567734663 ], [ 4.111143963913432, 51.353870631224225 ], [ 4.111318418086631, 51.354021689334068 ], [ 4.111546487109166, 51.35407080707315 ], [ 4.115434062209966, 51.352423682302664 ], [ 4.119191646158536, 51.349172698768598 ], [ 4.127449396985181, 51.343704166084805 ], [ 4.134070625049799, 51.336580103040959 ], [ 4.135226751681983, 51.338376214263057 ], [ 4.134094132827887, 51.343722470598898 ], [ 4.1285241104597, 51.348774633267581 ], [ 4.112623383655462, 51.360622194009593 ], [ 4.114944786676068, 51.363032008288698 ], [ 4.118424485276133, 51.363777577046804 ], [ 4.130925398424391, 51.364496860909973 ], [ 4.139251236353634, 51.361217659964815 ], [ 4.150323123312953, 51.349479965093309 ], [ 4.157988726243724, 51.347284984339346 ], [ 4.151598908810832, 51.366393642697155 ], [ 4.155608383591193, 51.36878767821576 ], [ 4.172839772271019, 51.373354255761939 ], [ 4.173209920889429, 51.360656493127053 ], [ 4.176876265226487, 51.362390906028629 ], [ 4.177125755180962, 51.367320023890876 ], [ 4.185444604243893, 51.374861484669864 ], [ 4.191415574841455, 51.376419181612903 ], [ 4.206455857852878, 51.374471600111406 ], [ 4.212961718249248, 51.368390306559391 ], [ 4.212412724358686, 51.366065740939156 ], [ 4.215480861654346, 51.364088288929999 ], [ 4.215430258261507, 51.361692362308808 ], [ 4.216559144327876, 51.360285001724229 ], [ 4.2201492562112, 51.361669503969765 ], [ 4.223903126239517, 51.358158428597804 ], [ 4.223861575205852, 51.355181124752185 ], [ 4.234695748797679, 51.348060158478916 ], [ 4.168065259618256, 51.294450998103471 ], [ 4.166131684622441, 51.292892888103701 ], [ 4.159774863722737, 51.290216603415153 ], [ 4.142409129673537, 51.282372417090436 ], [ 4.094620922589029, 51.260761541182895 ], [ 4.09260244313385, 51.260179193252299 ], [ 4.092493764525668, 51.259709942733657 ], [ 4.091061936970518, 51.259894830622791 ], [ 4.091139800643288, 51.25915836042941 ], [ 4.090312053703086, 51.259215300745723 ], [ 4.090116793037862, 51.258683898498852 ], [ 4.078926942638559, 51.253738526404149 ], [ 4.07616389409919, 51.252138568013017 ], [ 4.070639644368734, 51.250694544352754 ], [ 4.07142053497536, 51.250240949019364 ], [ 4.066235442857979, 51.248303201638151 ], [ 4.064100161951131, 51.247501788368581 ], [ 4.061848169984398, 51.244572912264978 ], [ 4.05791084248947, 51.243421159709889 ], [ 4.042232256952527, 51.241503773965562 ], [ 4.039880435829458, 51.241448461314128 ], [ 4.036537324935712, 51.245678412009248 ], [ 4.032395477636446, 51.243304333187368 ], [ 4.02734210224838, 51.24249672451645 ], [ 4.024490492773247, 51.241499845967965 ], [ 4.02214244985569, 51.244333612793575 ], [ 4.020934080691961, 51.245365558660893 ], [ 4.015481410037105, 51.244497869873733 ], [ 4.014866775123174, 51.245087276172512 ], [ 4.005692969250326, 51.2418759062598 ], [ 4.000080450150104, 51.239123440532971 ], [ 3.99971837748672, 51.2376651734712 ], [ 3.992488354612497, 51.23636223628349 ], [ 3.988114719026215, 51.233219336285664 ], [ 3.986204966739495, 51.234159522992705 ], [ 3.982852880503987, 51.230062343163837 ], [ 3.978918694509599, 51.225366224780757 ], [ 3.977788102293986, 51.22504390264303 ], [ 3.976558983767816, 51.225385860039161 ], [ 3.972144125072832, 51.224692082553169 ], [ 3.964285985493564, 51.223949870146299 ], [ 3.958562369800438, 51.215807282018424 ], [ 3.953170455949845, 51.216472503497023 ], [ 3.946639460264068, 51.215507960376279 ], [ 3.942618417696298, 51.214710190960126 ], [ 3.943138123809328, 51.21361564500981 ], [ 3.935980046949743, 51.211892761886517 ], [ 3.931435679030316, 51.217288595959047 ], [ 3.929418487718968, 51.220260367701009 ], [ 3.925449813319951, 51.21710629187713 ], [ 3.921915087949142, 51.21705081104227 ], [ 3.919632176171108, 51.217070760502715 ], [ 3.918675151944051, 51.214972632644155 ], [ 3.916004714102156, 51.214633928870953 ], [ 3.918628603069132, 51.207763488485206 ], [ 3.915337450899535, 51.20816983689857 ], [ 3.911546881757407, 51.205444639448395 ], [ 3.900552959590137, 51.202384587076708 ], [ 3.896977940356521, 51.202646268149088 ], [ 3.894664201698085, 51.203496978394782 ], [ 3.893135903898674, 51.203080425149381 ], [ 3.893233268771342, 51.202847403626528 ], [ 3.888350512404421, 51.20104705275655 ], [ 3.887867602906084, 51.20111389409994 ], [ 3.887358608213311, 51.200925548036494 ], [ 3.88634956239529, 51.20016212162249 ], [ 3.884971273066187, 51.201943777534915 ], [ 3.88484991318448, 51.202596499713607 ], [ 3.884510265185653, 51.203354288156191 ], [ 3.879464566150576, 51.206263128935319 ], [ 3.877625583726642, 51.208013017227046 ], [ 3.88307521760341, 51.210275979544114 ], [ 3.890243949458008, 51.213995914602023 ], [ 3.893346464840767, 51.218662466839014 ], [ 3.890420383810347, 51.221362174381369 ], [ 3.888876776677715, 51.222754922601659 ], [ 3.888653748011189, 51.222956146253857 ], [ 3.888602108020607, 51.222998633015386 ], [ 3.870170683201458, 51.216266361366266 ], [ 3.864712567294891, 51.213462549980015 ], [ 3.86212329055712, 51.212398505287524 ], [ 3.859573770218439, 51.210830687249818 ], [ 3.856112514054487, 51.211061238584222 ], [ 3.852411358092718, 51.213215735004944 ], [ 3.842350570990629, 51.212161705244007 ], [ 3.835666588768098, 51.213157983183805 ], [ 3.834261945708913, 51.212030560903266 ], [ 3.826925920321086, 51.20935907226955 ], [ 3.821154322714594, 51.209205944152764 ], [ 3.81057388775159, 51.2127673399918 ], [ 3.806283753968123, 51.212623400491289 ], [ 3.806027099486739, 51.213379313543108 ], [ 3.804357666393658, 51.213230282711109 ], [ 3.80498973830327, 51.21012062957049 ], [ 3.799291481405536, 51.21086436944411 ], [ 3.797232468113725, 51.212897848071748 ], [ 3.791145327659945, 51.214012376045403 ], [ 3.789539816956275, 51.216087225828559 ], [ 3.788883526135344, 51.223753855591575 ], [ 3.788455287109494, 51.226372811593045 ], [ 3.78910275226722, 51.239498663523378 ], [ 3.789451517516511, 51.245786278758089 ], [ 3.795473312015919, 51.25605333385105 ], [ 3.785433763757404, 51.258467317779555 ], [ 3.778185985448434, 51.262390033776718 ], [ 3.773783624891377, 51.263975223716514 ], [ 3.773072321623617, 51.261909283373193 ], [ 3.769263614256833, 51.259861884325709 ], [ 3.762513734451923, 51.261780827005524 ], [ 3.755714361013628, 51.269344146403185 ], [ 3.752412550913711, 51.270266685222275 ], [ 3.75172573072475, 51.269160485614073 ], [ 3.723128975561125, 51.273342771943383 ], [ 3.71924212501656, 51.272543345425532 ], [ 3.718913473277976, 51.271535425649645 ], [ 3.714090450786481, 51.272176770692525 ], [ 3.712701058447133, 51.272103083835447 ], [ 3.709725093022966, 51.272587232998404 ], [ 3.693933704810684, 51.276039043628806 ], [ 3.689932380923914, 51.280608961596016 ], [ 3.682571781092191, 51.281090962773305 ], [ 3.677908619990842, 51.280531654568811 ], [ 3.676756693768039, 51.283064625516182 ], [ 3.658100251486692, 51.290188526560129 ], [ 3.644406077491247, 51.29011085053682 ], [ 3.643257869634899, 51.288692389585577 ], [ 3.640820302963255, 51.288087384606861 ], [ 3.625710053445719, 51.293338297159423 ], [ 3.621227879131431, 51.292765104518089 ], [ 3.619209857394985, 51.294247217906161 ], [ 3.618567872527651, 51.295908898955417 ], [ 3.614716596297231, 51.297718857925609 ], [ 3.612691674570032, 51.297940234514044 ], [ 3.590831945529533, 51.304416571112448 ], [ 3.591781060702854, 51.305339985145025 ], [ 3.589891771381381, 51.305824354050763 ], [ 3.585829508515876, 51.301674983518261 ], [ 3.581112842230293, 51.298321300785936 ], [ 3.587927919614961, 51.2929604626867 ], [ 3.583385070847283, 51.29225423511614 ], [ 3.582599030863475, 51.290759134267901 ], [ 3.583879517433894, 51.288884566254005 ], [ 3.581812050366053, 51.286912511546078 ], [ 3.57983134279178, 51.288766834417316 ], [ 3.57776880705774, 51.288821094436578 ], [ 3.576159447211195, 51.288007131356132 ], [ 3.571530758010742, 51.291027434242302 ], [ 3.571941280982723, 51.291963472160461 ], [ 3.566482878930198, 51.293791691029526 ], [ 3.566195555274741, 51.294626384845053 ], [ 3.562707484104423, 51.29585625535605 ], [ 3.559759217424614, 51.295454689501057 ], [ 3.558077746574215, 51.29122054484592 ], [ 3.556251295559902, 51.290361778769686 ], [ 3.555691854746393, 51.289799174425085 ], [ 3.553586900281899, 51.289578752126033 ], [ 3.54981379822619, 51.291101696662061 ], [ 3.543426645186727, 51.291197758211247 ], [ 3.542309558759738, 51.288006240612262 ], [ 3.538003287332729, 51.28365614696925 ], [ 3.53366547891384, 51.283488774360713 ], [ 3.529129762226807, 51.288743728010573 ], [ 3.515414802754316, 51.287150600621018 ], [ 3.517619199039371, 51.280583495495243 ], [ 3.528011873581212, 51.246440356085166 ], [ 3.527594176570135, 51.246040156733962 ], [ 3.484668469875841, 51.243269326540734 ], [ 3.450385230527772, 51.241614473426708 ], [ 3.446955586284995, 51.241609845543692 ], [ 3.444412683647739, 51.242099474617255 ], [ 3.444495960848141, 51.242692740009701 ], [ 3.440533033736976, 51.243465421178634 ], [ 3.432313830305593, 51.245609359776559 ], [ 3.427478866637241, 51.244656938389767 ], [ 3.425369875766214, 51.250873838750088 ], [ 3.424405324096568, 51.254476584526735 ], [ 3.421223044228054, 51.256617181672937 ], [ 3.418335773706576, 51.257484977307627 ], [ 3.417138677804625, 51.259778004226447 ], [ 3.415984549018384, 51.259948195941682 ], [ 3.411564180100573, 51.256927799801758 ], [ 3.407402917228006, 51.256962060287371 ], [ 3.40316227369099, 51.262463167728754 ], [ 3.396806207022987, 51.264103100865491 ], [ 3.394533609820718, 51.265418471626553 ], [ 3.388920121269863, 51.27125095335105 ], [ 3.387865026010037, 51.273250017553657 ], [ 3.386467947906249, 51.273885046157183 ], [ 3.38233156923674, 51.274077458644186 ], [ 3.378394184360014, 51.275025984643392 ], [ 3.375800034297938, 51.277078428764199 ], [ 3.375336900271323, 51.278506030023671 ], [ 3.375929538395313, 51.279484617148157 ], [ 3.379698466922752, 51.280311250790199 ], [ 3.381680140709214, 51.281623506842749 ], [ 3.380416790151837, 51.284314425256859 ], [ 3.380796229076362, 51.286961469942355 ], [ 3.378932066019469, 51.288517498436512 ], [ 3.370287028730007, 51.291940419061156 ], [ 3.366803218856306, 51.295643938134795 ], [ 3.36607406978462, 51.2982709790424 ], [ 3.367390929112882, 51.299622366507023 ], [ 3.371757620043014, 51.300090166582869 ], [ 3.378079453351804, 51.302650346545228 ], [ 3.376839045680803, 51.302448207811985 ], [ 3.362906972536509, 51.311900286090541 ], [ 3.358378188835681, 51.314981421538874 ], [ 3.362848664874982, 51.318143035396147 ], [ 3.385305635422301, 51.334258617225252 ], [ 3.383512995227167, 51.341205003621319 ], [ 3.374070693131908, 51.348507821649513 ], [ 3.373705883361426, 51.354233148522518 ], [ 3.374990032178593, 51.358887180212108 ], [ 3.372343113079224, 51.361993109429065 ], [ 3.373071526879075, 51.36468904410534 ], [ 3.369694209849306, 51.366909933634055 ], [ 3.370485174560161, 51.371011775472326 ], [ 3.370098108426031, 51.372461552662287 ], [ 3.371843905241522, 51.373596805996947 ], [ 3.378518266189593, 51.377415425131538 ], [ 3.380431109889706, 51.37829465542854 ], [ 3.380230450579782, 51.379935960693111 ], [ 3.380654958560489, 51.380094846787905 ], [ 3.380870620677062, 51.378083323921537 ], [ 3.382632753215804, 51.377823443045209 ], [ 3.382662594916828, 51.380048911427473 ], [ 3.381917229388778, 51.380282971608125 ], [ 3.381926504306292, 51.38048753909252 ], [ 3.383196215357409, 51.380140654271656 ], [ 3.383232890773681, 51.379296085376225 ], [ 3.385236182243897, 51.379371129924607 ], [ 3.40227691709966, 51.38332334248944 ], [ 3.411820422840487, 51.386465710072009 ], [ 3.421287835597316, 51.389642660032749 ], [ 3.430735134594496, 51.391520758090152 ], [ 3.432826967159946, 51.390482977716466 ], [ 3.436620682126581, 51.388457954079058 ], [ 3.44006034419159, 51.388493357878112 ], [ 3.448344500929364, 51.391190490212153 ], [ 3.455750469128773, 51.393628966042584 ], [ 3.457738664718593, 51.393988444536056 ], [ 3.472982992234278, 51.396325253730424 ], [ 3.487818171131255, 51.399509884385516 ], [ 3.494504070048349, 51.40196877948884 ], [ 3.500200512494509, 51.404182994360042 ], [ 3.501454446116043, 51.405626614725136 ], [ 3.504116891832523, 51.406641548555427 ], [ 3.505346250516098, 51.406620761084909 ], [ 3.51943487726957, 51.40749187767404 ] ] ], [ [ [ 3.691832737712947, 51.529280658787911 ], [ 3.690995831575464, 51.527251948589075 ], [ 3.689857374311499, 51.528133551766814 ], [ 3.690199627743274, 51.529958072377447 ], [ 3.691046545886635, 51.530576256919105 ], [ 3.691832737712947, 51.529280658787911 ] ] ], [ [ [ 3.716890456499065, 51.523827095140426 ], [ 3.715257841175251, 51.523767613814933 ], [ 3.713376345613649, 51.524915707577932 ], [ 3.71768352950323, 51.528716701133469 ], [ 3.720622433844962, 51.530879042498881 ], [ 3.720307669248583, 51.531836914483165 ], [ 3.720590658755893, 51.531852547096484 ], [ 3.720968730294505, 51.530614809497571 ], [ 3.72089579761585, 51.529327094525783 ], [ 3.718444500960437, 51.52840381844657 ], [ 3.715789697519256, 51.525131346960116 ], [ 3.716255256780992, 51.52452012415754 ], [ 3.717629633411027, 51.524401768851234 ], [ 3.716890456499065, 51.523827095140426 ] ] ], [ [ [ 3.778394022148317, 51.548632216246816 ], [ 3.777495246687324, 51.547733698325302 ], [ 3.770768041121842, 51.550272527263118 ], [ 3.771742807785569, 51.551350177063306 ], [ 3.772644692303971, 51.551998706630258 ], [ 3.779522059212001, 51.549671523804093 ], [ 3.778394022148317, 51.548632216246816 ] ] ], [ [ [ 3.771890781108179, 51.547928939465741 ], [ 3.770905767764534, 51.54680125925119 ], [ 3.767437024726532, 51.547493894977691 ], [ 3.760854758830494, 51.54760726357982 ], [ 3.757010243252018, 51.548316059348728 ], [ 3.756349284542476, 51.549432981240692 ], [ 3.757373002764476, 51.550182328617247 ], [ 3.769045134390563, 51.552368255870512 ], [ 3.770106090754711, 51.549508612923788 ], [ 3.771890781108179, 51.547928939465741 ] ] ], [ [ [ 3.695327356469742, 51.542079662789256 ], [ 3.689882718151819, 51.536929825188395 ], [ 3.687892509256865, 51.537116063813848 ], [ 3.686733494753581, 51.542980200459247 ], [ 3.682532585796965, 51.548328105800593 ], [ 3.681740217893402, 51.551666747373531 ], [ 3.683684903494256, 51.552853958233307 ], [ 3.68853533876599, 51.55151117450982 ], [ 3.694355899614077, 51.546839698382207 ], [ 3.695327356469742, 51.542079662789256 ] ] ], [ [ [ 3.675497357205573, 51.556062266340447 ], [ 3.675169967063655, 51.554228858562325 ], [ 3.673855830758126, 51.554956400466011 ], [ 3.672497016240526, 51.557056653674017 ], [ 3.670282711220057, 51.558447760219174 ], [ 3.672612159126187, 51.558995428162497 ], [ 3.673910209938948, 51.558233005571175 ], [ 3.675497357205573, 51.556062266340447 ] ] ], [ [ [ 3.672300433873416, 51.561363148461361 ], [ 3.672398507366429, 51.560291122860953 ], [ 3.669455261200532, 51.560700182123803 ], [ 3.667483383667771, 51.56026535378421 ], [ 3.665810352929786, 51.560344955408389 ], [ 3.667043572206979, 51.561600172222377 ], [ 3.671291366349319, 51.561888608048491 ], [ 3.672300433873416, 51.561363148461361 ] ] ], [ [ [ 3.93403164205322, 51.735748967044195 ], [ 3.931193310124384, 51.73486800732649 ], [ 3.914058482646326, 51.734681604529221 ], [ 3.912693592047243, 51.734047252645311 ], [ 3.911254912340867, 51.735297876067193 ], [ 3.911188078895619, 51.737127199693461 ], [ 3.914487102562493, 51.739342686866934 ], [ 3.919063478129063, 51.739417012864912 ], [ 3.926417013300246, 51.738394550284568 ], [ 3.933734059184087, 51.736285347512826 ], [ 3.93403164205322, 51.735748967044195 ] ] ], [ [ [ 3.952550573074243, 51.74674989621797 ], [ 3.955150331791959, 51.745989447292054 ], [ 3.959849784790208, 51.7465890340521 ], [ 3.962217615803332, 51.74605608189141 ], [ 3.959876009324751, 51.744278409303341 ], [ 3.950545686505732, 51.741293551542192 ], [ 3.950216153057127, 51.740617282682891 ], [ 3.949164978873771, 51.741329364722553 ], [ 3.949248617807574, 51.740236127108275 ], [ 3.948599775481147, 51.740048985736053 ], [ 3.94788073190379, 51.740524313316172 ], [ 3.941896845772066, 51.739681345701712 ], [ 3.938207203908714, 51.739960728881684 ], [ 3.936901992420545, 51.743358292265526 ], [ 3.937028308744059, 51.745804252374725 ], [ 3.942719899775556, 51.746898569552144 ], [ 3.952550573074243, 51.74674989621797 ] ] ], [ [ [ 4.015729642608473, 51.726278531738707 ], [ 4.013033582913843, 51.72523191511133 ], [ 4.006475562376267, 51.725328653546171 ], [ 4.003016462042225, 51.726566988179641 ], [ 3.997577492465104, 51.732167600166328 ], [ 3.994783971172871, 51.739017775831783 ], [ 3.990790958065739, 51.744907674548138 ], [ 3.981909345300605, 51.751513090481801 ], [ 3.978003145776038, 51.752581105287973 ], [ 3.979870602378691, 51.75472830730611 ], [ 3.982388094059534, 51.756353576566084 ], [ 3.9922216255927, 51.758312006088225 ], [ 3.995430115261348, 51.758399256724658 ], [ 3.997338627026227, 51.757859845029827 ], [ 3.995981639381776, 51.754941457210542 ], [ 3.996154254278213, 51.750771997246275 ], [ 4.002800207862533, 51.739419784318343 ], [ 4.008056904583578, 51.73382839812411 ], [ 4.016391974094619, 51.729120360714091 ], [ 4.015729642608473, 51.726278531738707 ] ] ], [ [ [ 3.842477250286677, 51.75630501708531 ], [ 3.839975047272226, 51.755146289597199 ], [ 3.84198318517323, 51.753355866461078 ], [ 3.841574826507376, 51.752253213176822 ], [ 3.837664398930213, 51.750135670678674 ], [ 3.837303808538843, 51.749332001969812 ], [ 3.835395285489366, 51.749876372004529 ], [ 3.840393997905944, 51.752501718129338 ], [ 3.84055777675542, 51.753331355561357 ], [ 3.837457765904287, 51.755279612641893 ], [ 3.831074514717464, 51.752418498762431 ], [ 3.829917324486515, 51.751298489954777 ], [ 3.831921569982326, 51.750420298556215 ], [ 3.830790098133395, 51.749281146405103 ], [ 3.827484859636363, 51.748943964565214 ], [ 3.827094011190269, 51.747672079200512 ], [ 3.827725927405257, 51.747371152991178 ], [ 3.826019951313296, 51.740381297910581 ], [ 3.826738008855947, 51.739575306937766 ], [ 3.825888360685202, 51.739487889845996 ], [ 3.825794081306143, 51.738847783103196 ], [ 3.830107693534628, 51.739468224029913 ], [ 3.830781830471629, 51.740053714235181 ], [ 3.835931866936679, 51.73884736041304 ], [ 3.838813202929632, 51.739257339260661 ], [ 3.842069712808709, 51.73876035518775 ], [ 3.846288692274819, 51.740470827335322 ], [ 3.847051410967532, 51.740142604577478 ], [ 3.84484848331147, 51.73965785614444 ], [ 3.844767806789944, 51.739160365124391 ], [ 3.846322920655642, 51.738829878577754 ], [ 3.84723707893951, 51.739159393825375 ], [ 3.846919919420513, 51.738642774030929 ], [ 3.849995113104675, 51.737507969182559 ], [ 3.851435736915279, 51.738604300542633 ], [ 3.847205256102356, 51.73974269864533 ], [ 3.847703010027276, 51.740132293902583 ], [ 3.854713565689656, 51.738480488535629 ], [ 3.87327036801477, 51.741526177290432 ], [ 3.887523346454989, 51.744231579026504 ], [ 3.889732294658762, 51.743499927415378 ], [ 3.891551174060443, 51.743814254580684 ], [ 3.889468668436017, 51.742955224855692 ], [ 3.891095613254533, 51.740121432466282 ], [ 3.893876299214338, 51.740360155156651 ], [ 3.894530862733251, 51.741064049519963 ], [ 3.898824830324398, 51.740039006845969 ], [ 3.903701001704332, 51.737672813000259 ], [ 3.903364495537756, 51.736897933811761 ], [ 3.906838749049552, 51.733129390045498 ], [ 3.908886792134662, 51.73288421131349 ], [ 3.911134987565458, 51.731883052668181 ], [ 3.912965948057292, 51.72971517886814 ], [ 3.912824026558061, 51.72925508752482 ], [ 3.912250215898934, 51.729629668959042 ], [ 3.911752201798528, 51.729357416995249 ], [ 3.913738754315242, 51.727511232390569 ], [ 3.915336191078324, 51.728339497642537 ], [ 3.91494360421975, 51.728593987526658 ], [ 3.913400506597515, 51.729744298401769 ], [ 3.913883893778468, 51.731346554606134 ], [ 3.918904962920645, 51.731999417351922 ], [ 3.920694649339851, 51.731458757362674 ], [ 3.921786521382565, 51.731822643269609 ], [ 3.926862975174594, 51.731620445838836 ], [ 3.943232144404968, 51.734309404437646 ], [ 3.944191459682779, 51.733353411808906 ], [ 3.960913313736659, 51.733440505922239 ], [ 3.964679987803572, 51.73407467540234 ], [ 3.971298104028528, 51.733618089068024 ], [ 3.973330780937618, 51.732871743505676 ], [ 3.970203581625163, 51.726702064278342 ], [ 3.9717970517178, 51.726506249705544 ], [ 3.974712055306163, 51.731841615937618 ], [ 3.978742999476999, 51.730289442019895 ], [ 3.97917049849349, 51.729543669462331 ], [ 3.977236819751976, 51.729359399036589 ], [ 3.979501974718537, 51.727240630055249 ], [ 3.982733603243521, 51.725665056328069 ], [ 3.98296104465419, 51.723169923765937 ], [ 3.984765598173561, 51.719966731927052 ], [ 3.982455010496221, 51.717740644512766 ], [ 3.991476906510891, 51.713907505847473 ], [ 4.007068591896211, 51.703116480331921 ], [ 4.011280972721046, 51.697534610319018 ], [ 4.014881995313595, 51.68668916339589 ], [ 4.02093974371095, 51.684737763991201 ], [ 4.022283939469722, 51.685041583543345 ], [ 4.027066368989, 51.684394103887556 ], [ 4.028124448245874, 51.682883390308938 ], [ 4.02993328758994, 51.682545561953937 ], [ 4.040436352801624, 51.684620703350788 ], [ 4.044243793573203, 51.684638215771145 ], [ 4.053337253736026, 51.681128031375863 ], [ 4.055476536299413, 51.67930977464119 ], [ 4.064439820900261, 51.677578767439968 ], [ 4.068561268177658, 51.675199929509823 ], [ 4.071330461576626, 51.674971439098364 ], [ 4.076238558822367, 51.675921197985851 ], [ 4.077945627321514, 51.675175964446744 ], [ 4.074357589047704, 51.674131150882509 ], [ 4.074331047645781, 51.673599915185541 ], [ 4.080776267232781, 51.670945441484825 ], [ 4.083051397291524, 51.671874315190244 ], [ 4.084023171373578, 51.671571221726808 ], [ 4.083168722558856, 51.670506182032582 ], [ 4.086625304959257, 51.669166135488744 ], [ 4.088306118582295, 51.670790184414066 ], [ 4.088799396647009, 51.670659848193978 ], [ 4.087370137776064, 51.66887735589907 ], [ 4.09170481902461, 51.667083781187728 ], [ 4.109083613816541, 51.67762107899447 ], [ 4.114174864012111, 51.67928971654311 ], [ 4.114823673006409, 51.678734684326599 ], [ 4.120566350080238, 51.679606522094168 ], [ 4.121774304522337, 51.679363541236903 ], [ 4.121186699460011, 51.678121447321068 ], [ 4.122552662199919, 51.677499625099387 ], [ 4.12494481451858, 51.677681235117191 ], [ 4.125624777620094, 51.67866295203445 ], [ 4.128995719797229, 51.679606399565927 ], [ 4.128258043514596, 51.678542739757916 ], [ 4.130295881964585, 51.677965006483888 ], [ 4.131617016892982, 51.678868560103204 ], [ 4.136467224736341, 51.678605444607129 ], [ 4.137048897855092, 51.679573926335507 ], [ 4.144503155231929, 51.679164200474091 ], [ 4.148733727891088, 51.679735911574561 ], [ 4.155479750720507, 51.683418724486835 ], [ 4.157346466399526, 51.682492013351606 ], [ 4.156314468788842, 51.681167293200446 ], [ 4.155857668520843, 51.675556964505375 ], [ 4.163279017036362, 51.667709455011952 ], [ 4.171624805229365, 51.668264655278392 ], [ 4.173764663085699, 51.667202283283231 ], [ 4.166233436719203, 51.66724933610525 ], [ 4.165853582366096, 51.665748203647745 ], [ 4.1618118139845, 51.665301287166976 ], [ 4.161912280623649, 51.664658979370572 ], [ 4.174813006535314, 51.665472802372982 ], [ 4.180145570988461, 51.664266347836048 ], [ 4.183069632241217, 51.662980412649013 ], [ 4.177356953640962, 51.664563535586915 ], [ 4.164210378327931, 51.664228364717601 ], [ 4.163660892843279, 51.662922258347166 ], [ 4.162018749148536, 51.662740005250498 ], [ 4.16220157340242, 51.660366407089981 ], [ 4.180392782021507, 51.660497512579148 ], [ 4.182739468240028, 51.660900452037119 ], [ 4.18345076766045, 51.659530709697265 ], [ 4.18275132980927, 51.659404961291521 ], [ 4.181120048476152, 51.65997646982737 ], [ 4.178070933037404, 51.659303399775631 ], [ 4.174561103432064, 51.659315464052618 ], [ 4.170687759786521, 51.660028455147334 ], [ 4.166889321983531, 51.65921745646947 ], [ 4.166066686193313, 51.658425740265322 ], [ 4.166466588734306, 51.65645047617501 ], [ 4.169213529411395, 51.654418696270341 ], [ 4.17531355382051, 51.65366370680978 ], [ 4.180426721529201, 51.654143125116896 ], [ 4.182424086600289, 51.653583021824524 ], [ 4.181011852917247, 51.64935693428373 ], [ 4.187284001052705, 51.64704809614642 ], [ 4.191397635518942, 51.644502313018194 ], [ 4.193453386996928, 51.642164727422006 ], [ 4.194136739890777, 51.639030264456181 ], [ 4.195605375473471, 51.634672760574276 ], [ 4.2012236501617, 51.6347804299632 ], [ 4.195763387147404, 51.63798607657553 ], [ 4.200539956989325, 51.63922691583398 ], [ 4.211516686302258, 51.638543850104064 ], [ 4.214233099413289, 51.63788802246134 ], [ 4.217519797651623, 51.63531515777931 ], [ 4.229559602077853, 51.633931173574155 ], [ 4.232688996434154, 51.63506221427587 ], [ 4.237323671913122, 51.634014426763827 ], [ 4.227822353828634, 51.631022596578276 ], [ 4.214466608664733, 51.627664026921209 ], [ 4.205020844668492, 51.623561417048379 ], [ 4.19765949398557, 51.618047955092401 ], [ 4.19168488753337, 51.609336969426927 ], [ 4.190573560494295, 51.606055835424044 ], [ 4.190162322406805, 51.600953896546855 ], [ 4.190817042839338, 51.597384537801041 ], [ 4.192231517562285, 51.593901580651298 ], [ 4.195717966407269, 51.588975183355423 ], [ 4.198891447289048, 51.585975350887821 ], [ 4.228121118474745, 51.56371630668508 ], [ 4.232443710961235, 51.559054859805308 ], [ 4.235585635843284, 51.552723934688025 ], [ 4.236118851113026, 51.550365798126002 ], [ 4.235657042546331, 51.54324152183046 ], [ 4.23304311782112, 51.537492025151202 ], [ 4.219930778636128, 51.513802928943271 ], [ 4.218799785435205, 51.508961395553271 ], [ 4.218927212580822, 51.504858455046993 ], [ 4.224906110151614, 51.496492972950939 ], [ 4.230327770234477, 51.488904254772173 ], [ 4.265431751910424, 51.439680677838759 ], [ 4.275851638195848, 51.425049409009489 ], [ 4.266446871084605, 51.419979481724688 ], [ 4.263732257132608, 51.416449107420554 ], [ 4.269061035404936, 51.40034738964129 ], [ 4.268633596190043, 51.388126449506281 ], [ 4.26634902206735, 51.386540632019482 ], [ 4.268382049827371, 51.383545888174382 ], [ 4.273697687711427, 51.383149886457517 ], [ 4.274563533567924, 51.381656583817218 ], [ 4.277424577929724, 51.376035240109204 ], [ 4.243196203188866, 51.374810601329223 ], [ 4.244018831170941, 51.378733214623722 ], [ 4.24334778058702, 51.384111870793397 ], [ 4.231624569127984, 51.394900877772344 ], [ 4.216978373290295, 51.399428075376179 ], [ 4.211594823305493, 51.400343893701944 ], [ 4.206746720539293, 51.399661680200317 ], [ 4.203565618387798, 51.404321541394651 ], [ 4.200635192598085, 51.406278583999445 ], [ 4.198694899081083, 51.406724021998066 ], [ 4.197479078325954, 51.406855256083396 ], [ 4.194520007928867, 51.405651757045469 ], [ 4.189514315294246, 51.40561956496056 ], [ 4.188742899828428, 51.404305909423528 ], [ 4.184922333423201, 51.404024317976706 ], [ 4.182404821909183, 51.402850996440833 ], [ 4.173302599917384, 51.401828423490699 ], [ 4.17350123507364, 51.401515239359192 ], [ 4.156736223507433, 51.394826967554678 ], [ 4.153864125731725, 51.39457343174611 ], [ 4.1528039588282, 51.395149851642856 ], [ 4.138814476076386, 51.396541088261856 ], [ 4.133394721361947, 51.399082760275789 ], [ 4.121209963431564, 51.400789099304149 ], [ 4.120453970100572, 51.400259066942127 ], [ 4.117571611817497, 51.401481345702791 ], [ 4.117178436402246, 51.401132338939895 ], [ 4.114466490631205, 51.402094908316187 ], [ 4.106915762195515, 51.402517602874241 ], [ 4.095920265716628, 51.405405170148093 ], [ 4.080637936224891, 51.408173176952644 ], [ 4.079292519180071, 51.407478131485995 ], [ 4.07292349398906, 51.411820828053635 ], [ 4.068248957274822, 51.412710342737469 ], [ 4.068031910141635, 51.412273443041599 ], [ 4.066130161445468, 51.413525614264067 ], [ 4.061857331894528, 51.413709386938251 ], [ 4.051348781450593, 51.419997184398483 ], [ 4.051861698485039, 51.42213664384235 ], [ 4.046661794984193, 51.426189683849195 ], [ 4.048678398226499, 51.428370492834269 ], [ 4.050777367587306, 51.429569055082148 ], [ 4.050344625152709, 51.429845434882118 ], [ 4.038630685872215, 51.432104768427934 ], [ 4.032904071044085, 51.432490609488347 ], [ 4.03397769255153, 51.433781560043123 ], [ 4.033904067304724, 51.435920238561835 ], [ 4.03379575513851, 51.436453889819177 ], [ 4.032286485593268, 51.436924297050908 ], [ 4.03069226854583, 51.436909727716127 ], [ 4.030220195749248, 51.435852586460115 ], [ 4.030618198459964, 51.433262404738514 ], [ 4.029839281708428, 51.433350864319777 ], [ 4.029543358070372, 51.43568295837138 ], [ 4.016691194308952, 51.439765127047657 ], [ 4.015253872132926, 51.439824745238987 ], [ 4.013142702865458, 51.439030509627315 ], [ 4.012584570935791, 51.43940530669439 ], [ 4.014360508111865, 51.440349051560105 ], [ 4.016459864962774, 51.443880156377325 ], [ 4.011941463009343, 51.454537014787682 ], [ 4.009946492995411, 51.454408679150681 ], [ 4.009506647685957, 51.452894975453169 ], [ 4.010804533400806, 51.449088594958944 ], [ 4.011044853186752, 51.443823853083437 ], [ 4.009750788602311, 51.440044264281909 ], [ 4.006339482771489, 51.440477201603109 ], [ 4.006936273986378, 51.441916688549654 ], [ 4.005919162743587, 51.444084005620695 ], [ 4.003320114054992, 51.444014373293214 ], [ 4.003317038753671, 51.445147484562902 ], [ 3.999351782462651, 51.446767864113475 ], [ 3.993001013073629, 51.451341798045043 ], [ 3.988438302608894, 51.453516892141373 ], [ 3.986893345141667, 51.453619028689786 ], [ 3.981441327846905, 51.459646444030724 ], [ 3.978640393246168, 51.460193548278774 ], [ 3.97805167987399, 51.461175757103483 ], [ 3.975412624501457, 51.462366283233607 ], [ 3.961692294861488, 51.455978566937397 ], [ 3.950406395370958, 51.455771438804504 ], [ 3.934219506432985, 51.448450607958605 ], [ 3.933320037627477, 51.448552052555968 ], [ 3.929755450468476, 51.449894689882839 ], [ 3.925606242792195, 51.45147830633821 ], [ 3.925433111869634, 51.451527521960365 ], [ 3.924008636562546, 51.451333961523538 ], [ 3.92264486739531, 51.450208488977772 ], [ 3.924294721357043, 51.448817841098048 ], [ 3.925357933281036, 51.445466368919412 ], [ 3.921224217002161, 51.444521289685149 ], [ 3.923254807672463, 51.439798087220197 ], [ 3.925397607415557, 51.437903654591828 ], [ 3.92578182880027, 51.43448569129928 ], [ 3.918973161628888, 51.426825711252022 ], [ 3.916472870066076, 51.418688825551307 ], [ 3.915671091145726, 51.418428167498362 ], [ 3.916413842793561, 51.420916978565671 ], [ 3.914726803298742, 51.420482002158138 ], [ 3.91413239926564, 51.41760977911327 ], [ 3.911309707562198, 51.415412210964938 ], [ 3.911723494924866, 51.4140365637043 ], [ 3.908165846595547, 51.408664100182804 ], [ 3.900623828991999, 51.394999389555835 ], [ 3.893395433732569, 51.3937401776532 ], [ 3.884320201608614, 51.395461121931703 ], [ 3.881291784684105, 51.396128939116686 ], [ 3.875934829375236, 51.397338602056884 ], [ 3.871412215376995, 51.397371338999108 ], [ 3.86698744129773, 51.396384578909057 ], [ 3.864372613711914, 51.395481714480304 ], [ 3.861622089910391, 51.393708297502258 ], [ 3.860866908270134, 51.392233337340024 ], [ 3.858163214973, 51.391225866215436 ], [ 3.84793009288139, 51.390230468466775 ], [ 3.836726596850747, 51.388428907510246 ], [ 3.822282872767427, 51.386966713409301 ], [ 3.818663061232884, 51.386179892437369 ], [ 3.818101484175008, 51.385173826134896 ], [ 3.817931791993328, 51.385205452358093 ], [ 3.817491434206739, 51.386068230766377 ], [ 3.817050299149582, 51.38596492487946 ], [ 3.817340672376784, 51.385031002854717 ], [ 3.817076059465177, 51.385004820215123 ], [ 3.816703951155453, 51.385792647364447 ], [ 3.812971852762582, 51.385475606859089 ], [ 3.812338246206956, 51.385574618167539 ], [ 3.798266301219669, 51.394724319034381 ], [ 3.790226263224853, 51.398342158724937 ], [ 3.789517746013543, 51.399814692935529 ], [ 3.775027697968964, 51.405388719714395 ], [ 3.777597139825666, 51.409009579720852 ], [ 3.777177783084711, 51.409809589677792 ], [ 3.775875504926938, 51.410247976890041 ], [ 3.765170237019583, 51.410334214916318 ], [ 3.754956338293302, 51.414801693611373 ], [ 3.750296616652811, 51.413937608339729 ], [ 3.744875077863405, 51.412240918122563 ], [ 3.744312161197615, 51.41145045747713 ], [ 3.734808940889719, 51.411142825768515 ], [ 3.727095374344552, 51.413986293972719 ], [ 3.72539722536434, 51.415036806644821 ], [ 3.720661640435644, 51.426091176379245 ], [ 3.719213146591585, 51.426761773569837 ], [ 3.717770790696459, 51.427126670779721 ], [ 3.716737404935707, 51.425979030070067 ], [ 3.715664743993216, 51.426794268518577 ], [ 3.712877290267973, 51.431596156842915 ], [ 3.71105097234588, 51.431805296806331 ], [ 3.70954056199422, 51.433572318367908 ], [ 3.708543609522757, 51.434701686179103 ], [ 3.691976039004853, 51.444064775889636 ], [ 3.685230928504863, 51.447008639391846 ], [ 3.679695264906936, 51.448889810217608 ], [ 3.678337919771733, 51.448629766989612 ], [ 3.675660554844, 51.446755031502498 ], [ 3.674923559426448, 51.446842756436538 ], [ 3.677835328186995, 51.44925731773148 ], [ 3.679037720531437, 51.451251391399282 ], [ 3.686446470904293, 51.457282174143366 ], [ 3.690705991227186, 51.456712815800664 ], [ 3.704648422661965, 51.450304056274824 ], [ 3.706720004234945, 51.447944662554946 ], [ 3.70165225623016, 51.443270998091755 ], [ 3.703550922311398, 51.441736859878091 ], [ 3.71028289279635, 51.446569055617694 ], [ 3.718134400542646, 51.44250133642015 ], [ 3.719228119156365, 51.442645683508992 ], [ 3.722222637090103, 51.444920582503769 ], [ 3.712532367642053, 51.450862750861198 ], [ 3.727345906466863, 51.456395379498794 ], [ 3.725544605562631, 51.458284568540236 ], [ 3.714395851337655, 51.454307870562118 ], [ 3.709904635963349, 51.453461645236374 ], [ 3.709945394102623, 51.453590277452456 ], [ 3.71027897515931, 51.454619709588059 ], [ 3.709645200365618, 51.454800000330778 ], [ 3.705263249985758, 51.453193742719471 ], [ 3.692707492771607, 51.458755586878929 ], [ 3.693295075159084, 51.45969671787816 ], [ 3.709004662921779, 51.465605874239891 ], [ 3.711108073799413, 51.465464928733631 ], [ 3.713246386001219, 51.463401773121831 ], [ 3.71488162611593, 51.463635710429273 ], [ 3.716853401770186, 51.464535407631971 ], [ 3.715603800229956, 51.466411925677122 ], [ 3.717423531276257, 51.469607673699329 ], [ 3.721334574843683, 51.47319440956344 ], [ 3.719861883739757, 51.474933219969124 ], [ 3.718651050251483, 51.475022394631203 ], [ 3.714658627816674, 51.470621008612945 ], [ 3.713698912973942, 51.470737003628749 ], [ 3.710525384828575, 51.471835277281102 ], [ 3.70562602094077, 51.476948057070487 ], [ 3.704410566948168, 51.478238568204681 ], [ 3.70066500390501, 51.476867746728772 ], [ 3.702629339520194, 51.474811926577438 ], [ 3.705505938721545, 51.471796878933681 ], [ 3.706298177663808, 51.470956890508596 ], [ 3.706767329217295, 51.470451568945812 ], [ 3.703367538506096, 51.467399000499086 ], [ 3.68614447606221, 51.460928413381666 ], [ 3.685431477908057, 51.461299189012308 ], [ 3.684045426971762, 51.462564620294721 ], [ 3.681554540906053, 51.462541113787488 ], [ 3.678637318966939, 51.460757028355964 ], [ 3.678950264844503, 51.460273015347255 ], [ 3.678137107422243, 51.460025423477305 ], [ 3.67640456342934, 51.462141614862936 ], [ 3.672879977767625, 51.460980040630304 ], [ 3.675612588083445, 51.457578931395133 ], [ 3.673113584252643, 51.457139701592872 ], [ 3.671313765422466, 51.459159959668739 ], [ 3.670037576617464, 51.458910370579758 ], [ 3.669563781229252, 51.459448180076684 ], [ 3.664486948068525, 51.457824620006605 ], [ 3.662685902512903, 51.458898032851415 ], [ 3.66215156989086, 51.458547433634372 ], [ 3.658475977728596, 51.456886957307738 ], [ 3.656156736185917, 51.453143831676996 ], [ 3.656606462411761, 51.452697996085533 ], [ 3.659689680848657, 51.452591514734465 ], [ 3.667233428190608, 51.450082799461889 ], [ 3.666754624965414, 51.449517072689432 ], [ 3.660397394261716, 51.451799966371645 ], [ 3.656305119409349, 51.452061396979083 ], [ 3.651385741000143, 51.449506698854421 ], [ 3.649731254950526, 51.450281583786996 ], [ 3.646853316133038, 51.44972219209987 ], [ 3.641628605429899, 51.447559770612934 ], [ 3.641389738286451, 51.445064945221077 ], [ 3.640027687194146, 51.443522589028234 ], [ 3.632279349296422, 51.441549461179683 ], [ 3.629319107497107, 51.441456395985462 ], [ 3.626189229845249, 51.442255729660744 ], [ 3.623265868353184, 51.441098138181538 ], [ 3.623087128303117, 51.441454293238117 ], [ 3.622622539573765, 51.441433325463187 ], [ 3.622589992306699, 51.441048219895933 ], [ 3.618588391207165, 51.441614389212873 ], [ 3.614053936718078, 51.440955457465776 ], [ 3.609102996912699, 51.440226535019804 ], [ 3.60191979176504, 51.443144164092992 ], [ 3.600521526592538, 51.451856150120278 ], [ 3.596859826484625, 51.451666501104071 ], [ 3.597382107526501, 51.446013859128172 ], [ 3.597144991049731, 51.44459319728341 ], [ 3.597241228987709, 51.443811052999841 ], [ 3.598735106357823, 51.443273476402439 ], [ 3.5986898559594, 51.44321839974333 ], [ 3.597123749823154, 51.443718948359766 ], [ 3.597030676553241, 51.443619530329457 ], [ 3.597625427688593, 51.443370802012517 ], [ 3.598038559325522, 51.443157724258555 ], [ 3.598018860994628, 51.44312362488364 ], [ 3.597512849283415, 51.443212590866196 ], [ 3.597211720453472, 51.442621499343893 ], [ 3.596985882397733, 51.442480933213922 ], [ 3.596356177024549, 51.442468478483853 ], [ 3.597022201038659, 51.442052629082731 ], [ 3.596432239871255, 51.441568485244389 ], [ 3.600465624049781, 51.440236880357368 ], [ 3.60092417780787, 51.439722978313775 ], [ 3.598846843578804, 51.440057310702535 ], [ 3.597536841243011, 51.440754184917921 ], [ 3.594956561722052, 51.440134128837556 ], [ 3.592713168559275, 51.441126010606936 ], [ 3.589915244674946, 51.441470098457856 ], [ 3.582953638722115, 51.4404318319799 ], [ 3.582224752368192, 51.439658433205331 ], [ 3.581717377172465, 51.439584624105798 ], [ 3.579948095175845, 51.440649976382083 ], [ 3.576286625720291, 51.439850096396761 ], [ 3.575837065947985, 51.440342364297962 ], [ 3.575186863611848, 51.439933941858186 ], [ 3.575861843879864, 51.439583649357097 ], [ 3.57605795184115, 51.43822947250024 ], [ 3.575758035910526, 51.438188687342446 ], [ 3.57500972098864, 51.43904913735031 ], [ 3.569115729461268, 51.440524381799555 ], [ 3.567897544466741, 51.44322608446074 ], [ 3.559333964220643, 51.448432913406521 ], [ 3.555883930812236, 51.44964197542415 ], [ 3.554919628341432, 51.44985367819563 ], [ 3.551737592029905, 51.448897754352828 ], [ 3.551278166523841, 51.449367333511454 ], [ 3.551787461925802, 51.449479003187527 ], [ 3.550482576085737, 51.450760821872663 ], [ 3.54810885668213, 51.451922386403908 ], [ 3.547691098335163, 51.45159947148322 ], [ 3.542222519528055, 51.454372948613404 ], [ 3.533821618095395, 51.458308095792027 ], [ 3.526627615164111, 51.462923409926887 ], [ 3.516212499092834, 51.472644017239226 ], [ 3.510975615440721, 51.479234922120057 ], [ 3.502472090585126, 51.488231865515928 ], [ 3.495845131253635, 51.493686845403175 ], [ 3.485222625760791, 51.498739939183814 ], [ 3.480645729834708, 51.500086487391208 ], [ 3.460234054360733, 51.509703480617539 ], [ 3.451046665836433, 51.5148314345792 ], [ 3.443779220641128, 51.520962872890266 ], [ 3.441858367337525, 51.521809253923664 ], [ 3.439785510120746, 51.52198926308219 ], [ 3.437153955811326, 51.525978288219392 ], [ 3.43614249676819, 51.525492298975003 ], [ 3.435231413487635, 51.525484211159885 ], [ 3.433782087543992, 51.526468454977852 ], [ 3.433259813188521, 51.528409547780001 ], [ 3.434940133649453, 51.535950566723486 ], [ 3.436196323881532, 51.540249333122119 ], [ 3.438305871286668, 51.542444084603254 ], [ 3.452075160802337, 51.54810086032704 ], [ 3.459439515928223, 51.550570770825054 ], [ 3.488438770573155, 51.563523683740115 ], [ 3.494671260353855, 51.566266130624399 ], [ 3.502768332273485, 51.569075351960713 ], [ 3.514293990027902, 51.57323682297563 ], [ 3.531932189977903, 51.579652863856587 ], [ 3.552377520444632, 51.589587831116063 ], [ 3.575187811620826, 51.594096311351436 ], [ 3.58239794489446, 51.594660872191781 ], [ 3.598514069454213, 51.59428814797279 ], [ 3.607942924212696, 51.593037233764122 ], [ 3.61699350597207, 51.590493876203197 ], [ 3.629508675842192, 51.590210348214427 ], [ 3.629858192176765, 51.588041788285423 ], [ 3.633623393201922, 51.589397434756414 ], [ 3.666781231661507, 51.595229515882536 ], [ 3.68075375368604, 51.600098019864063 ], [ 3.68089427388627, 51.600689151863527 ], [ 3.681866584774235, 51.601002154559353 ], [ 3.68226620911709, 51.602211957097396 ], [ 3.683804914213182, 51.614865099093954 ], [ 3.682445656736105, 51.616296172636474 ], [ 3.676539513161367, 51.61828701789284 ], [ 3.674148028291696, 51.620202627529103 ], [ 3.675031410779453, 51.620523694289801 ], [ 3.677095098262179, 51.618958212279303 ], [ 3.681760711792035, 51.617280590077293 ], [ 3.682815356700068, 51.620720387685203 ], [ 3.680357578568066, 51.620961852676203 ], [ 3.679527146253143, 51.619897158342354 ], [ 3.678842315229181, 51.620001768699687 ], [ 3.678645659639015, 51.621721361515604 ], [ 3.676907843733233, 51.622492307361462 ], [ 3.672627659555158, 51.622410425683512 ], [ 3.668270810152087, 51.621369409759239 ], [ 3.667638276106305, 51.621869387112845 ], [ 3.673289702829123, 51.623239926701494 ], [ 3.682524319990049, 51.623408488658384 ], [ 3.686974948882318, 51.629011593509368 ], [ 3.698049554447731, 51.638875646087804 ], [ 3.697288344470113, 51.63966111405712 ], [ 3.697189729135723, 51.640984706582486 ], [ 3.69845331748296, 51.642616416997626 ], [ 3.701557270160292, 51.643907034075973 ], [ 3.703878515062788, 51.644100426403234 ], [ 3.703465592183287, 51.642784560757882 ], [ 3.701666011029144, 51.643089827957766 ], [ 3.698395276086568, 51.640471688013697 ], [ 3.701576231931956, 51.637725032889634 ], [ 3.703187251750684, 51.637639720897383 ], [ 3.707284070879485, 51.640433935504355 ], [ 3.705272047998629, 51.641900772239552 ], [ 3.705469192965527, 51.642565591621867 ], [ 3.708260912189566, 51.643462652449756 ], [ 3.713733149123755, 51.642401407864064 ], [ 3.719247779497924, 51.64875721692934 ], [ 3.718955709135624, 51.65033135184202 ], [ 3.719106489790596, 51.650944738588876 ], [ 3.716137556926316, 51.652543603192001 ], [ 3.715055862905613, 51.653832754958216 ], [ 3.716838818223195, 51.655195283673208 ], [ 3.721113598620447, 51.655333568306915 ], [ 3.72258172895605, 51.655975899945851 ], [ 3.722391151742064, 51.663218294943576 ], [ 3.71948292536254, 51.664975107812545 ], [ 3.713788259815969, 51.66595136158675 ], [ 3.710208519371548, 51.666483771058175 ], [ 3.699332118409758, 51.671535628894645 ], [ 3.689489136231435, 51.678106547497535 ], [ 3.68192107533248, 51.6877119685699 ], [ 3.678962907169984, 51.69842566161627 ], [ 3.679266064669519, 51.707122999904968 ], [ 3.681672276438917, 51.712275644622537 ], [ 3.688763471041688, 51.719861608563143 ], [ 3.716285107712507, 51.736049463289426 ], [ 3.724300680023126, 51.739350849567813 ], [ 3.725807933470637, 51.737954566160106 ], [ 3.710043322957473, 51.730608357704554 ], [ 3.720279790325403, 51.732246201765847 ], [ 3.737009650719115, 51.736078241930876 ], [ 3.728951386792799, 51.736024831495108 ], [ 3.726888559708871, 51.737322895591952 ], [ 3.742173232229775, 51.73726036793115 ], [ 3.760214842999974, 51.74150488916225 ], [ 3.763744746233576, 51.74255933867552 ], [ 3.771261690889696, 51.743377565220293 ], [ 3.789415886337565, 51.744108781168002 ], [ 3.798718330981822, 51.743754715141016 ], [ 3.813365431510482, 51.740538028661355 ], [ 3.819838730749025, 51.741325275278847 ], [ 3.823365392068903, 51.744273845620441 ], [ 3.823835368350041, 51.746535582077591 ], [ 3.822128330756392, 51.747515908897817 ], [ 3.822876368653416, 51.750080576795057 ], [ 3.8254104777065, 51.751057006828141 ], [ 3.827105113997957, 51.752936446589217 ], [ 3.831243658656274, 51.755616811032247 ], [ 3.839193830420802, 51.758230608976653 ], [ 3.842477250286677, 51.75630501708531 ] ], [ [ 3.807434863111678, 51.697299901474302 ], [ 3.800201225203228, 51.696292618669126 ], [ 3.79838630948496, 51.69678732899726 ], [ 3.79334597028468, 51.69566475041853 ], [ 3.789512198609041, 51.693433134957566 ], [ 3.786291533646676, 51.688953257883561 ], [ 3.787643421428657, 51.688011544498437 ], [ 3.793042930338991, 51.68969151313361 ], [ 3.804219701366175, 51.691058636597973 ], [ 3.806010884560359, 51.69018490566144 ], [ 3.805688041851458, 51.689939230098609 ], [ 3.803944546347537, 51.690697873943975 ], [ 3.793088742902014, 51.689327468823372 ], [ 3.781957639212908, 51.685934570134627 ], [ 3.770368551577017, 51.680750511192443 ], [ 3.754307464992745, 51.675372427110588 ], [ 3.755142141869602, 51.674233383954117 ], [ 3.758361647493319, 51.67529751300318 ], [ 3.757244213009451, 51.673690034468478 ], [ 3.749686701025214, 51.672406631486133 ], [ 3.746088842640329, 51.673486929687343 ], [ 3.735584913186472, 51.67154386967534 ], [ 3.724596771771102, 51.668532361451696 ], [ 3.725142369583232, 51.666150658530754 ], [ 3.723581592573057, 51.665830173655138 ], [ 3.723595320838137, 51.663503783535617 ], [ 3.722716991566196, 51.663327003431711 ], [ 3.723167371208578, 51.655972653472837 ], [ 3.724437820296006, 51.655415335585062 ], [ 3.729403540635511, 51.655117914780909 ], [ 3.729211969479641, 51.654518806984328 ], [ 3.728300189534961, 51.654410784049411 ], [ 3.727434877617394, 51.650328500707019 ], [ 3.72223341790383, 51.65033779170421 ], [ 3.721126914562106, 51.649228752450909 ], [ 3.71985297375991, 51.649134847974757 ], [ 3.714355661498068, 51.642238620396668 ], [ 3.716754030234152, 51.640816216956843 ], [ 3.716699544644793, 51.640708429057156 ], [ 3.714953598358545, 51.641237319912719 ], [ 3.713315291633712, 51.63900999557265 ], [ 3.714651817324006, 51.638325518480883 ], [ 3.714688041358788, 51.638493258109364 ], [ 3.715070143670542, 51.63854741751382 ], [ 3.715511097231701, 51.638148515987915 ], [ 3.717430466838011, 51.63886323766156 ], [ 3.717961392027108, 51.640069975422129 ], [ 3.717346046957131, 51.640467953582956 ], [ 3.718295074697533, 51.640653880311255 ], [ 3.718353684255407, 51.640603123483295 ], [ 3.718362096112716, 51.639726117559292 ], [ 3.719119350503797, 51.639276052815156 ], [ 3.716295901791973, 51.636691987627188 ], [ 3.714470843346048, 51.636885318035041 ], [ 3.713707167107282, 51.636325941418093 ], [ 3.714759327222319, 51.635715526013286 ], [ 3.71391079559749, 51.634829996332527 ], [ 3.718460276649081, 51.632792146383252 ], [ 3.7204301226515, 51.634523004034541 ], [ 3.720949637626374, 51.634241160723349 ], [ 3.718718531531536, 51.632114373603748 ], [ 3.712839992285728, 51.634609554789535 ], [ 3.711210088524436, 51.634114486840886 ], [ 3.709554432216117, 51.632407461435264 ], [ 3.714815870218312, 51.629946025301514 ], [ 3.716949841442114, 51.631389111941836 ], [ 3.717658980694527, 51.631063835741145 ], [ 3.717072087834145, 51.630473056959644 ], [ 3.724267184303102, 51.627414880248843 ], [ 3.727026374709359, 51.629757755014403 ], [ 3.722887650391869, 51.631801596216114 ], [ 3.723519427774654, 51.632211707220932 ], [ 3.727720992105199, 51.630347517854894 ], [ 3.730742050976149, 51.632912313910886 ], [ 3.722228586020673, 51.636850298404234 ], [ 3.72303570750508, 51.637453434825979 ], [ 3.731254156649074, 51.633620514701619 ], [ 3.731665651457165, 51.632262003140447 ], [ 3.722250271418046, 51.624900673523292 ], [ 3.708548821230525, 51.631176742384262 ], [ 3.704184346641985, 51.628734672838071 ], [ 3.707055795537318, 51.624451712955242 ], [ 3.703691231102684, 51.621886541929968 ], [ 3.702963220679288, 51.622420170265677 ], [ 3.705259334824041, 51.623900148232238 ], [ 3.704565528495309, 51.625340475229983 ], [ 3.697514039734502, 51.628831663081208 ], [ 3.69457513856132, 51.625638419568645 ], [ 3.690103740720213, 51.623034425029893 ], [ 3.696450845377032, 51.619369305655383 ], [ 3.698945731462352, 51.619632999063597 ], [ 3.700169915824545, 51.620401738228971 ], [ 3.700960443212417, 51.61993900473184 ], [ 3.699027003190051, 51.618804705247371 ], [ 3.696729517628035, 51.618602847534376 ], [ 3.690339455002583, 51.621296330164533 ], [ 3.687333937804736, 51.62172591262069 ], [ 3.68625856991424, 51.619753552555586 ], [ 3.686150561136725, 51.61666521539162 ], [ 3.6940146520788, 51.616512326441246 ], [ 3.691589244826645, 51.616022688572912 ], [ 3.686628831636996, 51.616147321153562 ], [ 3.684278179481774, 51.614849450430839 ], [ 3.68236776257901, 51.600971818473511 ], [ 3.683126776438492, 51.600763151755224 ], [ 3.684639448044102, 51.597777138920073 ], [ 3.688024830314152, 51.598500958810675 ], [ 3.688363418174421, 51.600165978567631 ], [ 3.689821578555229, 51.600015648801381 ], [ 3.689598974561824, 51.597969592524208 ], [ 3.692923969686198, 51.597758223035683 ], [ 3.699284270989939, 51.59942166121634 ], [ 3.700241059235872, 51.598152870198611 ], [ 3.708441774352298, 51.594933878714187 ], [ 3.71071833664927, 51.594761281648736 ], [ 3.719308170573241, 51.595656518677046 ], [ 3.719645786907021, 51.595368980896374 ], [ 3.713278646026182, 51.594335889441098 ], [ 3.7147443897178, 51.591897995597051 ], [ 3.716751264070159, 51.591405492559758 ], [ 3.720568409052617, 51.591771086573104 ], [ 3.720452039236123, 51.592984736639544 ], [ 3.726344284763024, 51.592324033651437 ], [ 3.730053109947036, 51.592678936743589 ], [ 3.73682388994779, 51.594994720651684 ], [ 3.741722083261268, 51.594407070778622 ], [ 3.744859122837576, 51.596934327303465 ], [ 3.748589050262333, 51.597434795908732 ], [ 3.759269625226917, 51.597089653141381 ], [ 3.761539316907895, 51.598982046479684 ], [ 3.761201587885576, 51.599613088701048 ], [ 3.774459722546345, 51.597189241648252 ], [ 3.776451900360684, 51.59814294592659 ], [ 3.778889825743431, 51.601191360174901 ], [ 3.780567577074943, 51.601935958008688 ], [ 3.788001332449639, 51.601948972329005 ], [ 3.794793097424068, 51.602735438498442 ], [ 3.796546890407768, 51.604239122048277 ], [ 3.798054519056127, 51.604272286773714 ], [ 3.799442606097499, 51.604921986833354 ], [ 3.799257083237173, 51.605355175624595 ], [ 3.800489172447354, 51.605411812978275 ], [ 3.807792300226757, 51.605521683897635 ], [ 3.809770840275218, 51.605018020869039 ], [ 3.812662003049301, 51.605472471710677 ], [ 3.820194471863241, 51.602484481999575 ], [ 3.834832640959835, 51.60570858180661 ], [ 3.835145486599721, 51.605074512367267 ], [ 3.838925085236241, 51.605055163758031 ], [ 3.838931198082931, 51.605857957198133 ], [ 3.840113174606895, 51.604422402043824 ], [ 3.841140032672647, 51.603594107632141 ], [ 3.846708954250218, 51.603550953354635 ], [ 3.848828768713638, 51.604298922775335 ], [ 3.850296499994483, 51.604092407829 ], [ 3.850299188636045, 51.603775174366774 ], [ 3.848827435952376, 51.60388834852602 ], [ 3.846906588869296, 51.603149466178991 ], [ 3.842796014388514, 51.603163213820523 ], [ 3.841541887033623, 51.602751106719772 ], [ 3.842255399172545, 51.601966947842762 ], [ 3.8429656286044, 51.602167787102005 ], [ 3.845353253736576, 51.602151709679639 ], [ 3.846341522817436, 51.602548262467266 ], [ 3.850549919830997, 51.602429647781889 ], [ 3.850983865809113, 51.603729087260056 ], [ 3.851512053532215, 51.603509129899379 ], [ 3.851427176022018, 51.602109842803671 ], [ 3.855909053384991, 51.601015764427736 ], [ 3.861937966238743, 51.60018492382671 ], [ 3.86871997172817, 51.595726553911113 ], [ 3.870547940637326, 51.597080641086777 ], [ 3.914193933809071, 51.629243292496852 ], [ 3.896984171746154, 51.632249261608152 ], [ 3.895476684587351, 51.633317418608073 ], [ 3.90746330025961, 51.640004144462111 ], [ 3.91947783013467, 51.646515087050169 ], [ 3.924819830466045, 51.646651455914892 ], [ 3.926392668008606, 51.647226046583057 ], [ 3.92886532084305, 51.647605815393533 ], [ 3.930578506012107, 51.647625011453925 ], [ 3.933584791743334, 51.648400349539116 ], [ 3.933287090074593, 51.648536911546024 ], [ 3.932812917596946, 51.648753055261281 ], [ 3.932146090613268, 51.648348923266461 ], [ 3.927277947973597, 51.647561494756516 ], [ 3.926317629146774, 51.647706371543471 ], [ 3.9261086641281, 51.647491075307038 ], [ 3.924947608068182, 51.647117532307483 ], [ 3.918812874402964, 51.646942299016416 ], [ 3.917070022356559, 51.646100612355347 ], [ 3.911106796040949, 51.642857138282523 ], [ 3.911139568453384, 51.642348975542383 ], [ 3.910857552414982, 51.642194850124973 ], [ 3.910088916877177, 51.642303423606627 ], [ 3.907013582486778, 51.64063034376138 ], [ 3.898942415549406, 51.636359847831933 ], [ 3.897940759427562, 51.636720965112168 ], [ 3.893584769569879, 51.633524340572876 ], [ 3.890360975657392, 51.632802121863882 ], [ 3.890122570815018, 51.631443975565197 ], [ 3.889651236883932, 51.63160033262605 ], [ 3.890685457402093, 51.64319902990151 ], [ 3.885583975782151, 51.648562286018027 ], [ 3.887244333230456, 51.649876880176983 ], [ 3.884951993172324, 51.65640067238747 ], [ 3.880832422524648, 51.657436974117431 ], [ 3.875673441918652, 51.663164982019318 ], [ 3.876836810559484, 51.667067925692763 ], [ 3.867583152422369, 51.673278272919454 ], [ 3.857436071038436, 51.678236558131815 ], [ 3.848927736641377, 51.676217248953286 ], [ 3.846677971656104, 51.676654009143128 ], [ 3.842541048112081, 51.678526683862486 ], [ 3.824508269176327, 51.683523821884535 ], [ 3.82039545326747, 51.684440410119315 ], [ 3.818013860724875, 51.684331136009433 ], [ 3.811839257848819, 51.687168754138384 ], [ 3.812119075158375, 51.687362406009584 ], [ 3.818147613285306, 51.684699406197268 ], [ 3.82056155068799, 51.684761665770843 ], [ 3.823464334825377, 51.684203417449147 ], [ 3.825562095077539, 51.687647702615479 ], [ 3.824634098378358, 51.690927238182212 ], [ 3.817549152202959, 51.695965235130238 ], [ 3.813211747921605, 51.697262001343503 ], [ 3.807434863111678, 51.697299901474302 ] ], [ [ 4.096672111382804, 51.666585602003593 ], [ 4.095486149562895, 51.66580670078605 ], [ 4.094695036635478, 51.666196237566368 ], [ 4.094177091937179, 51.665823602594834 ], [ 4.098254107946777, 51.664153959763951 ], [ 4.100414347832117, 51.663139938958182 ], [ 4.100234255046467, 51.662973306766325 ], [ 4.098506491993676, 51.663704841259943 ], [ 4.098158061898147, 51.663382242086236 ], [ 4.100208377888216, 51.662513980306514 ], [ 4.10172374748547, 51.660781114117974 ], [ 4.10529609658407, 51.65811105487019 ], [ 4.101891941124931, 51.653984162378158 ], [ 4.102624959509865, 51.655553839070279 ], [ 4.100540390831282, 51.656146570896105 ], [ 4.097639463067771, 51.652858864070993 ], [ 4.096982688245496, 51.651915385379176 ], [ 4.098901494883575, 51.650993557738076 ], [ 4.101085888224114, 51.653079835560618 ], [ 4.09656635222624, 51.647543221456679 ], [ 4.090556144936525, 51.643968784927296 ], [ 4.083859462912836, 51.642553123295286 ], [ 4.071030266953958, 51.632489677550836 ], [ 4.062819148497265, 51.62922568497234 ], [ 4.057171759604865, 51.62805385242487 ], [ 4.049834149075714, 51.631232231535172 ], [ 4.038789084484251, 51.62733076385431 ], [ 4.034667578095808, 51.624954007716212 ], [ 4.029243803369461, 51.624603283637384 ], [ 4.016092318281714, 51.620609328562864 ], [ 4.01028525364085, 51.617929549488551 ], [ 4.006899122819088, 51.617497254036465 ], [ 3.991722482378079, 51.618169422800655 ], [ 3.985917669358725, 51.614860339435452 ], [ 3.968059713559398, 51.614349806225803 ], [ 3.96215136074761, 51.616508185420486 ], [ 3.961670569357229, 51.617456760251009 ], [ 3.948576282653802, 51.625274262918502 ], [ 3.946629360197593, 51.624944216719726 ], [ 3.940054650136103, 51.634384872311699 ], [ 3.937415244925499, 51.634652857349188 ], [ 3.938176599996744, 51.635827974505666 ], [ 3.935433711509361, 51.636037020339707 ], [ 3.929867888556892, 51.629638079957139 ], [ 3.92827888827311, 51.628715990929685 ], [ 3.925525756324436, 51.62828096891473 ], [ 3.926365061792814, 51.630556068945758 ], [ 3.919359617662356, 51.630685033457567 ], [ 3.917836185780684, 51.628618365879866 ], [ 3.914377315528215, 51.629211245754341 ], [ 3.870729854888587, 51.597037533904732 ], [ 3.868896045757224, 51.595598609590617 ], [ 3.873250141658272, 51.592332584464266 ], [ 3.875878533726804, 51.589239082918112 ], [ 3.881043310276465, 51.58095160108109 ], [ 3.888151583172049, 51.575026298628899 ], [ 3.88899392894763, 51.574407868498533 ], [ 3.890462981308563, 51.574665722128479 ], [ 3.891348381218719, 51.576271698864375 ], [ 3.891678650458903, 51.576274514121735 ], [ 3.892513285772702, 51.574584987747919 ], [ 3.894293003679069, 51.574576642071221 ], [ 3.894200831547841, 51.574337961782483 ], [ 3.892135811507729, 51.574257347689411 ], [ 3.888766716688092, 51.573589518022665 ], [ 3.889325655625103, 51.572212131551048 ], [ 3.892838546045362, 51.572664304440991 ], [ 3.893700741227082, 51.573215715379561 ], [ 3.893978372477148, 51.571730150084896 ], [ 3.893533461424039, 51.571629098108858 ], [ 3.893078425616546, 51.572417525492149 ], [ 3.892387154809178, 51.572213336949318 ], [ 3.893303239925081, 51.568359247914493 ], [ 3.896589044764091, 51.564272723991209 ], [ 3.897645054679142, 51.563566100469473 ], [ 3.898843151973506, 51.564260786772614 ], [ 3.899624181251248, 51.563233553924213 ], [ 3.896935686898231, 51.562648855031007 ], [ 3.896897370336318, 51.55997456243874 ], [ 3.891986938554215, 51.557987164955492 ], [ 3.87266153046711, 51.555245636563292 ], [ 3.871514569063864, 51.553481047994055 ], [ 3.87144682936633, 51.552067193176327 ], [ 3.864642364972472, 51.546804292151343 ], [ 3.865495195208574, 51.544844116234792 ], [ 3.868000462956027, 51.544936081018037 ], [ 3.871024385217388, 51.54464746320258 ], [ 3.871015514077384, 51.544444216475988 ], [ 3.867988319954833, 51.544718463205562 ], [ 3.866053708879968, 51.544536823811811 ], [ 3.865212271093152, 51.544150250877728 ], [ 3.865926018552857, 51.543853828179344 ], [ 3.868489894462971, 51.543865386488221 ], [ 3.86847564684112, 51.543748175396978 ], [ 3.866227315222451, 51.543347047154484 ], [ 3.866859516719412, 51.541707938400883 ], [ 3.867810850088159, 51.540043701365633 ], [ 3.87015130181097, 51.540471787167121 ], [ 3.86979979337652, 51.541459261589466 ], [ 3.870328150447406, 51.541563156528362 ], [ 3.870699235017605, 51.540571999817978 ], [ 3.882473531287238, 51.5427247065887 ], [ 3.886653997124161, 51.542812092992058 ], [ 3.891348796550691, 51.541318850555015 ], [ 3.898273657987658, 51.541127017189453 ], [ 3.901064046404147, 51.543555331929518 ], [ 3.907017240279847, 51.543690514123682 ], [ 3.912488647232459, 51.545705264827582 ], [ 3.91837560671719, 51.544000950508789 ], [ 3.925345783322925, 51.54445494035663 ], [ 3.926927174988356, 51.544200333970444 ], [ 3.931012895587167, 51.538325721475296 ], [ 3.926410332420825, 51.537856182965854 ], [ 3.926432272137364, 51.537246102279518 ], [ 3.928198882112599, 51.537225847258391 ], [ 3.93347137978543, 51.531514594517269 ], [ 3.9404569163301, 51.525481828376094 ], [ 3.943762247449328, 51.526232192263222 ], [ 3.949370757883265, 51.528842984956952 ], [ 3.957049855043499, 51.530736687756644 ], [ 3.971465551848836, 51.528466556340405 ], [ 3.989736094518283, 51.524185809714844 ], [ 3.993495476597476, 51.522662620596449 ], [ 3.993762541159501, 51.522088318210429 ], [ 3.995642039219358, 51.521787328426299 ], [ 3.997041506762323, 51.522120100542303 ], [ 3.999554692958142, 51.520893767609763 ], [ 4.003135753989652, 51.521706679968098 ], [ 4.003341333629091, 51.519992113145719 ], [ 4.00257521354536, 51.519084077718858 ], [ 4.002564941390989, 51.515836231277113 ], [ 4.003595237070489, 51.514594202505101 ], [ 4.004421715345171, 51.514611928732876 ], [ 4.00438145880404, 51.516353890683945 ], [ 4.002751691768554, 51.516434752285853 ], [ 4.002702825029544, 51.518289061969035 ], [ 4.004983330256911, 51.518494586363566 ], [ 4.005294265958558, 51.515929410262714 ], [ 4.005867198727245, 51.515586191042551 ], [ 4.005911594346555, 51.51404811319442 ], [ 4.005720881214677, 51.514042250758088 ], [ 4.005747085190516, 51.513660599906231 ], [ 4.006324971320163, 51.51366073492364 ], [ 4.006348092730869, 51.514049090187932 ], [ 4.00613784542731, 51.514072207848976 ], [ 4.006116574067042, 51.515601278155941 ], [ 4.006693560264535, 51.516033734324395 ], [ 4.006586882417739, 51.519003646900245 ], [ 4.004405418481883, 51.521491077172762 ], [ 4.005515750196014, 51.521486836927188 ], [ 4.006347511783789, 51.520315986628773 ], [ 4.007631579582592, 51.520242282244098 ], [ 4.01295002006373, 51.518247223186755 ], [ 4.01361356320264, 51.519730608265832 ], [ 4.017638687429847, 51.518816533780843 ], [ 4.021240769235132, 51.512439906602573 ], [ 4.02473457791772, 51.511682395613001 ], [ 4.025028393947409, 51.511029357955884 ], [ 4.038293527660347, 51.505504301562667 ], [ 4.042672953187906, 51.502643240929686 ], [ 4.047290691042209, 51.502187156200655 ], [ 4.051577893698156, 51.503335550946268 ], [ 4.053679055545414, 51.502788295174902 ], [ 4.056799683517957, 51.500272648820506 ], [ 4.057785860740479, 51.498817116924251 ], [ 4.057411924560725, 51.498483496136096 ], [ 4.055343111689119, 51.499539764658152 ], [ 4.055411294262594, 51.500824419030153 ], [ 4.053529688227995, 51.502344575885559 ], [ 4.052723010318445, 51.501959483338233 ], [ 4.053971947260124, 51.498553734886158 ], [ 4.055303085462813, 51.498472537368947 ], [ 4.056130897559675, 51.498163994316243 ], [ 4.057870253779153, 51.497171067174939 ], [ 4.057313043910904, 51.496795724624128 ], [ 4.056936875442059, 51.497014001389893 ], [ 4.057229395815377, 51.49725877570426 ], [ 4.055939840035645, 51.497999320565981 ], [ 4.055050304915638, 51.498242314632272 ], [ 4.054168128481544, 51.498256528564809 ], [ 4.054216323278141, 51.497839723953362 ], [ 4.053883462161775, 51.497807523268577 ], [ 4.054023598305825, 51.496918659711156 ], [ 4.055289503264624, 51.496172476855754 ], [ 4.056478354035999, 51.496796381954738 ], [ 4.056641449695652, 51.496710063613591 ], [ 4.055015727361623, 51.495780250528917 ], [ 4.053611994372296, 51.496867717262809 ], [ 4.053459554633876, 51.496799732005833 ], [ 4.053305035683362, 51.496896385876809 ], [ 4.052072478312608, 51.496068946046194 ], [ 4.052419334674102, 51.495851592101246 ], [ 4.052879283719655, 51.49611948556997 ], [ 4.053739082246681, 51.495448587056089 ], [ 4.054484246998489, 51.495822798762717 ], [ 4.054543188847537, 51.495690391007507 ], [ 4.053756089167351, 51.495297114580396 ], [ 4.052969175115689, 51.495940271489509 ], [ 4.0528116219423, 51.495845493400687 ], [ 4.053739983778037, 51.494999065652152 ], [ 4.054716272542787, 51.492983056628205 ], [ 4.05468649411536, 51.492470906354804 ], [ 4.054583352583506, 51.491411609437279 ], [ 4.054212286023434, 51.490810519611109 ], [ 4.054322060884934, 51.490699793825371 ], [ 4.055388208602497, 51.490732038242221 ], [ 4.057199513013362, 51.489412060174466 ], [ 4.058218179035318, 51.488352954791978 ], [ 4.058439107861694, 51.486796187351786 ], [ 4.058033577190144, 51.48484734673697 ], [ 4.057845181785266, 51.484285350289476 ], [ 4.057499479053098, 51.483718946672631 ], [ 4.057689864260878, 51.483656892820349 ], [ 4.057447499908661, 51.483409567992645 ], [ 4.057277949761685, 51.483468307885367 ], [ 4.056515152055512, 51.482773495578513 ], [ 4.055915008255033, 51.482642685153102 ], [ 4.05638389665345, 51.48228563669403 ], [ 4.056231345815487, 51.482106299941279 ], [ 4.054859599972253, 51.481539923633981 ], [ 4.056967946242185, 51.479618665211852 ], [ 4.058933945881358, 51.47528547019008 ], [ 4.060380511097502, 51.474648375468988 ], [ 4.06243083496885, 51.473683264301584 ], [ 4.071318469496258, 51.465742298033355 ], [ 4.076220056835845, 51.461262930594714 ], [ 4.080259739796287, 51.458600634622535 ], [ 4.084153090293819, 51.45831512952639 ], [ 4.093243472385328, 51.446320337219873 ], [ 4.101309579771065, 51.445044698306958 ], [ 4.123950142325722, 51.435944930903688 ], [ 4.127378535477659, 51.436578162781764 ], [ 4.129471784906877, 51.435398750515589 ], [ 4.133119724381539, 51.431401021517893 ], [ 4.139004526465718, 51.431002372750534 ], [ 4.140467985820055, 51.431847537672894 ], [ 4.144172558542959, 51.431901840427031 ], [ 4.14674921541427, 51.431694473275229 ], [ 4.153423400030554, 51.432994328115512 ], [ 4.15868618534263, 51.435755880444169 ], [ 4.163972708895017, 51.437134388873325 ], [ 4.181451646426873, 51.443990225014723 ], [ 4.192580317553475, 51.441800595166647 ], [ 4.200388968148925, 51.441694711526956 ], [ 4.204516924890097, 51.438482362760332 ], [ 4.211593369730663, 51.437923816776603 ], [ 4.214803217079206, 51.43688708258972 ], [ 4.221645953091557, 51.437217643135256 ], [ 4.223053545927597, 51.438670141203886 ], [ 4.219546860362005, 51.456696280213194 ], [ 4.222456854497705, 51.463629272366695 ], [ 4.217613241862369, 51.487676207739796 ], [ 4.216476355173725, 51.490254708586662 ], [ 4.213754461283499, 51.492006090104994 ], [ 4.176686832809763, 51.501875770023098 ], [ 4.172815953904643, 51.504664322627669 ], [ 4.172221133854546, 51.508415893024512 ], [ 4.165739860982887, 51.510463487531851 ], [ 4.162485349665068, 51.512108284704645 ], [ 4.160613500594245, 51.514643333705834 ], [ 4.161030286932724, 51.514866080486591 ], [ 4.16296803862598, 51.51236075996723 ], [ 4.169515733747678, 51.510230819572904 ], [ 4.173048388516136, 51.510022625500532 ], [ 4.173456407311446, 51.510584354575776 ], [ 4.170714412811211, 51.511460094640697 ], [ 4.170313973554106, 51.512156586868194 ], [ 4.165830104631098, 51.513059283886001 ], [ 4.168085470418418, 51.513692944343198 ], [ 4.174023001387873, 51.512060469444627 ], [ 4.176118523864243, 51.515101293360679 ], [ 4.168520731482406, 51.519069352097702 ], [ 4.163935701998225, 51.522824646002469 ], [ 4.152828818910428, 51.523158104958299 ], [ 4.150204387552555, 51.524063476835117 ], [ 4.146841807955535, 51.522021367318892 ], [ 4.143988096902037, 51.521384627491798 ], [ 4.141327418514721, 51.521425412825117 ], [ 4.134746111058476, 51.526133088474523 ], [ 4.126162193168739, 51.523940499157852 ], [ 4.117997376062323, 51.523768558897181 ], [ 4.108285293093497, 51.524634339147461 ], [ 4.102454542373408, 51.5244338693145 ], [ 4.100990692569961, 51.5256467853104 ], [ 4.098791189528962, 51.525084541615584 ], [ 4.093351956678197, 51.524906106758529 ], [ 4.092342539343, 51.525071774199617 ], [ 4.091931225137098, 51.526663974355039 ], [ 4.079701453143028, 51.527367519843253 ], [ 4.079505593256557, 51.525413445046105 ], [ 4.076982378886552, 51.525059077493786 ], [ 4.071289054089702, 51.529647569079387 ], [ 4.073068558396698, 51.531357086391687 ], [ 4.070095590205912, 51.532066015497364 ], [ 4.068018159456372, 51.533402122060501 ], [ 4.066002643504597, 51.533239667480544 ], [ 4.064355145913623, 51.534337462794461 ], [ 4.059786842654304, 51.541056341055892 ], [ 4.061172421373723, 51.543219703776813 ], [ 4.060746585288053, 51.544042182292586 ], [ 4.056050020175388, 51.546508532866149 ], [ 4.05229716328146, 51.547231718962848 ], [ 4.049073085875667, 51.552589360722266 ], [ 4.033219419706341, 51.554308302693357 ], [ 4.031875900402513, 51.555401643189214 ], [ 4.02753148504683, 51.556423370648311 ], [ 4.030447875164599, 51.561290810617486 ], [ 4.030119891975334, 51.562843501974108 ], [ 4.026716018814314, 51.565226528390852 ], [ 4.023138509822976, 51.567373597672081 ], [ 4.013003330189438, 51.570374763007408 ], [ 4.005447697320014, 51.575692423800753 ], [ 3.989829578887852, 51.57636843667418 ], [ 3.983872029247847, 51.580876958573036 ], [ 3.984728930891542, 51.587061391460409 ], [ 3.987830013726318, 51.5910186568033 ], [ 3.990007482220505, 51.592635295716626 ], [ 3.994734093272991, 51.594111693884635 ], [ 3.995287155686086, 51.593867122362425 ], [ 3.993898035015245, 51.5931862326293 ], [ 4.004569900203735, 51.593684153874676 ], [ 4.004594793101484, 51.593861401326841 ], [ 4.001909177682599, 51.594590391323401 ], [ 4.0087000433932, 51.596143526027916 ], [ 4.012007095809873, 51.595034511 ], [ 4.020756826647066, 51.597957519871976 ], [ 4.023782706481128, 51.596881780928811 ], [ 4.037487496046437, 51.602976638215871 ], [ 4.038685207931556, 51.604373653408715 ], [ 4.039656669702077, 51.603941026522996 ], [ 4.043212067809354, 51.604143178344529 ], [ 4.04397536391085, 51.604509230148473 ], [ 4.045825357858224, 51.603925563292073 ], [ 4.053592013983115, 51.608991260545437 ], [ 4.061976732934124, 51.609771828613532 ], [ 4.06374526794823, 51.611622800124685 ], [ 4.068903559635597, 51.612096073568253 ], [ 4.074556439934598, 51.613469974408865 ], [ 4.083463339422434, 51.61176424747493 ], [ 4.085094914056335, 51.612525935257452 ], [ 4.101488741815285, 51.610210092756738 ], [ 4.103833843284555, 51.609223081032383 ], [ 4.104370393603554, 51.606626993569712 ], [ 4.105466305396972, 51.606609273129671 ], [ 4.109166838254897, 51.60451370438156 ], [ 4.108924902665006, 51.60434801109902 ], [ 4.10479533499173, 51.606284478136715 ], [ 4.104413597799521, 51.605965063305739 ], [ 4.107129266589059, 51.603189041796448 ], [ 4.108257930843812, 51.602588016621979 ], [ 4.109971027695061, 51.604243319005136 ], [ 4.111292747725802, 51.603366092390978 ], [ 4.116589388281178, 51.602210870982688 ], [ 4.127872811678879, 51.601904790254459 ], [ 4.140175657623288, 51.603147380642341 ], [ 4.14488912305499, 51.603908019802105 ], [ 4.149351899247884, 51.603742987081773 ], [ 4.151188569259579, 51.603062958209925 ], [ 4.156189363680152, 51.603682387811951 ], [ 4.161710782509377, 51.605262653933565 ], [ 4.170996203244195, 51.605951863953109 ], [ 4.173483548277114, 51.605470320957792 ], [ 4.174496050633743, 51.607617209020347 ], [ 4.174067178704602, 51.608359277519227 ], [ 4.168786123416247, 51.608971940784947 ], [ 4.173729522219951, 51.611371197911275 ], [ 4.174807567757328, 51.614351183072543 ], [ 4.17633148671722, 51.614059121768349 ], [ 4.177481322474458, 51.616438907717622 ], [ 4.174223003331934, 51.617483530077799 ], [ 4.169519185288661, 51.616644630123282 ], [ 4.170816745408416, 51.618701427136735 ], [ 4.168548303751185, 51.615269950026679 ], [ 4.164341382407034, 51.613595242185248 ], [ 4.16164291909694, 51.615189721815774 ], [ 4.160463975329948, 51.614857388569128 ], [ 4.158258793649319, 51.612979851805342 ], [ 4.154070935919967, 51.612522516603264 ], [ 4.142194980627883, 51.613474819387115 ], [ 4.135876392934317, 51.612937565473892 ], [ 4.126263336575795, 51.613115011852003 ], [ 4.117601651764796, 51.624635786254586 ], [ 4.114112501143701, 51.62430538185599 ], [ 4.108672996731768, 51.629681635375668 ], [ 4.104691644301651, 51.630145337167903 ], [ 4.103700039872727, 51.629655525689394 ], [ 4.100481320473383, 51.630981862914837 ], [ 4.09939800246453, 51.632819847107662 ], [ 4.098499931032075, 51.638807157594215 ], [ 4.100301449496226, 51.641148332733763 ], [ 4.097757718874077, 51.642538365103512 ], [ 4.099923003769474, 51.642141423886855 ], [ 4.100580090233696, 51.642825494299274 ], [ 4.09852990319386, 51.643376371594641 ], [ 4.099561177287996, 51.643384554644243 ], [ 4.105282985621394, 51.641371416360421 ], [ 4.103937980787649, 51.643629490790225 ], [ 4.107212657681368, 51.646331057087465 ], [ 4.116723628634757, 51.65225867715754 ], [ 4.1202551528822, 51.653595532896446 ], [ 4.124167779585507, 51.65358050684322 ], [ 4.137163038675793, 51.652457893102962 ], [ 4.148728426956554, 51.650078840020385 ], [ 4.168552930074764, 51.643640982048701 ], [ 4.192900571468017, 51.634688797646547 ], [ 4.193175936020012, 51.638762999169408 ], [ 4.190610797200701, 51.643521040537287 ], [ 4.184858475845122, 51.647174413044304 ], [ 4.177212118567414, 51.649628612303751 ], [ 4.174838531556381, 51.647380579778591 ], [ 4.172647216775021, 51.647145517170337 ], [ 4.15647807741225, 51.653817284749806 ], [ 4.155928661114387, 51.654429221124936 ], [ 4.159421887092443, 51.657903106733656 ], [ 4.15772267789973, 51.659102795599956 ], [ 4.156772230983284, 51.659058293012983 ], [ 4.152125812665566, 51.655191287142053 ], [ 4.137793163794031, 51.657401126158391 ], [ 4.138593567192615, 51.659167735384877 ], [ 4.146694108805452, 51.65942798356334 ], [ 4.157257826298468, 51.660562890624291 ], [ 4.157110170888294, 51.662256669139332 ], [ 4.155960576790972, 51.662295164924082 ], [ 4.155015693358092, 51.663725118264942 ], [ 4.152366021000867, 51.66393890096797 ], [ 4.143044866586224, 51.663645271903178 ], [ 4.137727719436847, 51.661786386750848 ], [ 4.137574674053299, 51.661984581883679 ], [ 4.143064369459132, 51.663866982194897 ], [ 4.160061410392857, 51.664626315646728 ], [ 4.160023525039386, 51.665160838076879 ], [ 4.159266172384938, 51.665165780930757 ], [ 4.159175360497734, 51.665552901625844 ], [ 4.155729350430273, 51.665540819845589 ], [ 4.160262091854801, 51.667245270546616 ], [ 4.159582644072048, 51.669513816086202 ], [ 4.156018703820664, 51.673738723203392 ], [ 4.153795889437228, 51.675750231115565 ], [ 4.151947806235609, 51.676189841409155 ], [ 4.149935168999638, 51.678374645891985 ], [ 4.143016517661893, 51.675253501762867 ], [ 4.138864043407726, 51.676755953088232 ], [ 4.108878419835414, 51.673766865764982 ], [ 4.105056817756759, 51.67283726001515 ], [ 4.10469604683043, 51.672003778781395 ], [ 4.102231434753821, 51.670972878553236 ], [ 4.100633861157199, 51.671162864313253 ], [ 4.095336314407784, 51.667468856011631 ], [ 4.096672111382804, 51.666585602003593 ] ], [ [ 3.707461243577226, 51.516802871130459 ], [ 3.711987687286312, 51.517865559122988 ], [ 3.715011574484804, 51.519527670162084 ], [ 3.720586287732535, 51.522332228302211 ], [ 3.723394397655726, 51.523173948483723 ], [ 3.72611856828122, 51.523755060470791 ], [ 3.729030187312016, 51.52340972174342 ], [ 3.728134958265387, 51.524135213805934 ], [ 3.728153558604487, 51.524465666779982 ], [ 3.728594181853582, 51.525394546293263 ], [ 3.727892059598286, 51.525502445632291 ], [ 3.727219695764306, 51.524257344226491 ], [ 3.726012445724916, 51.524743289016094 ], [ 3.725061828327206, 51.525720879284926 ], [ 3.726553703635896, 51.529961482589961 ], [ 3.731343217747813, 51.534941952276228 ], [ 3.73235726799751, 51.538423487762778 ], [ 3.73439652723032, 51.540173970359042 ], [ 3.746270707673462, 51.544686439468791 ], [ 3.749629224987537, 51.54417474756967 ], [ 3.750407715284313, 51.546074574246191 ], [ 3.753645861461651, 51.547558395316869 ], [ 3.763736511368716, 51.545531601704567 ], [ 3.767519966797503, 51.546007035932547 ], [ 3.770173078515569, 51.543854904387317 ], [ 3.770186478466861, 51.542608464915567 ], [ 3.780949441061437, 51.542738222706618 ], [ 3.792467216294456, 51.541085788959215 ], [ 3.798555039686355, 51.542194380928997 ], [ 3.801178042760337, 51.542204010606049 ], [ 3.802797642166762, 51.542945627112168 ], [ 3.803706785609136, 51.544026910472148 ], [ 3.805198314640397, 51.545180597734614 ], [ 3.812948503934536, 51.547232948792029 ], [ 3.814320501440279, 51.546989174492047 ], [ 3.8138277506471, 51.547891940090977 ], [ 3.814178118751867, 51.548070081045111 ], [ 3.814854692864193, 51.547431758948655 ], [ 3.815022045691512, 51.546802433551392 ], [ 3.815610781013203, 51.546819628917909 ], [ 3.815125242371185, 51.547878050738518 ], [ 3.815676848663181, 51.547947152689275 ], [ 3.816856902564724, 51.546512559034511 ], [ 3.817294484541518, 51.546685872697061 ], [ 3.81636316313211, 51.548125744128939 ], [ 3.816518416855204, 51.548861707893629 ], [ 3.816781255703845, 51.548820380439643 ], [ 3.816970680084713, 51.548137713629188 ], [ 3.817818329972497, 51.548152908238684 ], [ 3.817900705217801, 51.547715339852367 ], [ 3.820160087717702, 51.547859470985614 ], [ 3.820303485423046, 51.546252483662833 ], [ 3.820787027248125, 51.546202606834875 ], [ 3.820708044055378, 51.547304754808827 ], [ 3.820883160050739, 51.547307108725398 ], [ 3.820888164342286, 51.546863568438845 ], [ 3.8211448216953, 51.546843910635893 ], [ 3.821248171928372, 51.54822571314935 ], [ 3.820578091565924, 51.548212518047194 ], [ 3.820631852097641, 51.549272761167046 ], [ 3.822469263290328, 51.548394429670587 ], [ 3.829628402638906, 51.54843564306416 ], [ 3.835728658490043, 51.547399482064463 ], [ 3.845366309734646, 51.543711019830013 ], [ 3.84595298489435, 51.541305063971357 ], [ 3.849205983907815, 51.539593986433587 ], [ 3.860246185847052, 51.538516259537687 ], [ 3.865871067952755, 51.539531135698937 ], [ 3.865115824578592, 51.541477033721243 ], [ 3.864572470572285, 51.543001793810639 ], [ 3.861675112687251, 51.543047581576232 ], [ 3.861612441773386, 51.543323960058807 ], [ 3.862199911047776, 51.543447203572185 ], [ 3.862039031047071, 51.544120542564109 ], [ 3.859092507732385, 51.543849390161547 ], [ 3.85886257304348, 51.544387782377505 ], [ 3.853738853898012, 51.544417399894236 ], [ 3.846790782309562, 51.549181946022721 ], [ 3.844564766761568, 51.54974140941011 ], [ 3.844523171584952, 51.551510899962814 ], [ 3.836801737898219, 51.55591937626415 ], [ 3.832880983140283, 51.556303984352645 ], [ 3.82557253578787, 51.555539989011407 ], [ 3.825310015873642, 51.555707007891222 ], [ 3.825182196335309, 51.555707457925259 ], [ 3.824795697059451, 51.555082565088512 ], [ 3.817581624224109, 51.553932275692283 ], [ 3.817133682767763, 51.554074827450094 ], [ 3.815794502045158, 51.553704146875241 ], [ 3.815200430936038, 51.55359672029239 ], [ 3.814989179349047, 51.553505640858461 ], [ 3.815103984754249, 51.553355491861488 ], [ 3.814325962324829, 51.553144374925019 ], [ 3.813365609435055, 51.552605533441088 ], [ 3.813542342864372, 51.551859932274574 ], [ 3.81309227003617, 51.551449147806004 ], [ 3.810767939080766, 51.554449848465367 ], [ 3.809175067702459, 51.554053617223616 ], [ 3.81152440404011, 51.550770020439657 ], [ 3.810150952691676, 51.550611720514809 ], [ 3.807527369687299, 51.552910338806761 ], [ 3.807445177137442, 51.553336629658176 ], [ 3.807203465110585, 51.553446159992149 ], [ 3.807029152649705, 51.554176610019731 ], [ 3.807332431358026, 51.554428584746411 ], [ 3.807242420118031, 51.554572241733723 ], [ 3.805696714332437, 51.554592827099242 ], [ 3.805524021550031, 51.554665349149033 ], [ 3.805354462158606, 51.554951077724326 ], [ 3.805108669927807, 51.554953013025539 ], [ 3.805077312819476, 51.554816848363714 ], [ 3.804976186291732, 51.554815471961753 ], [ 3.804976707087388, 51.554656071639855 ], [ 3.805160437236511, 51.554635089739456 ], [ 3.805219045221321, 51.554501382799145 ], [ 3.805086925480008, 51.554434928536587 ], [ 3.810114826088914, 51.549805400753968 ], [ 3.80886715586715, 51.5498542266388 ], [ 3.807827196055197, 51.549274563671773 ], [ 3.805925608360751, 51.548026444509986 ], [ 3.803546636261072, 51.547774044570843 ], [ 3.796681761415785, 51.549281313279089 ], [ 3.787397286384477, 51.550535850238042 ], [ 3.787041232003918, 51.550033508336895 ], [ 3.775092612513848, 51.554408489453976 ], [ 3.761858344450132, 51.555015857203102 ], [ 3.761871858941751, 51.554478230254105 ], [ 3.760364231036818, 51.555084331736801 ], [ 3.736426267168556, 51.546808742328082 ], [ 3.729974547992732, 51.542147266040359 ], [ 3.714777088394355, 51.535493880611 ], [ 3.711911339071816, 51.533428702742995 ], [ 3.705858101821791, 51.526680125667511 ], [ 3.704498335468843, 51.526024953102883 ], [ 3.702975015353297, 51.526133010212824 ], [ 3.700404975548143, 51.527735907305818 ], [ 3.69837396598125, 51.534499794128536 ], [ 3.7016982608309, 51.541784709736149 ], [ 3.698915860566235, 51.547308380388969 ], [ 3.688459395171357, 51.556090969133109 ], [ 3.691803312133167, 51.557730076590424 ], [ 3.695996892367667, 51.562100089232977 ], [ 3.700659109099328, 51.56636023399642 ], [ 3.700200143044818, 51.566591477819202 ], [ 3.697916272737232, 51.565194911305269 ], [ 3.695332931479556, 51.562135678352838 ], [ 3.692000162960845, 51.558609566653267 ], [ 3.691243010529195, 51.558883721797294 ], [ 3.688826643486893, 51.557821479906949 ], [ 3.689418565550223, 51.557096095369744 ], [ 3.686355537038103, 51.556910242445625 ], [ 3.67783555246916, 51.560599130959083 ], [ 3.671878721440615, 51.564659161642211 ], [ 3.663765991189206, 51.567198652198513 ], [ 3.655035449955482, 51.569309665099063 ], [ 3.653286099281448, 51.570024028108485 ], [ 3.651305973659257, 51.571928013034217 ], [ 3.649980809495165, 51.574762061913553 ], [ 3.650072348677298, 51.576370841902154 ], [ 3.645756960220243, 51.581441011647108 ], [ 3.643955662038236, 51.584971682583308 ], [ 3.64433394560413, 51.586584903214181 ], [ 3.646469970936284, 51.587278768554434 ], [ 3.645734057427881, 51.589008464337113 ], [ 3.640876215318233, 51.588435935230045 ], [ 3.634913484938107, 51.586892466514563 ], [ 3.629879858687018, 51.585341969806677 ], [ 3.627877685326882, 51.584060229313977 ], [ 3.62826119148832, 51.579823925140708 ], [ 3.628021581581976, 51.577551932621027 ], [ 3.628050956903256, 51.574584792493795 ], [ 3.630284827153733, 51.571566514425569 ], [ 3.639507717021781, 51.565594683371806 ], [ 3.638990284333919, 51.564481297114661 ], [ 3.640870209767131, 51.563104698121556 ], [ 3.643678560402596, 51.561450753895151 ], [ 3.650308163861973, 51.558977753011384 ], [ 3.653025810607904, 51.558699881124198 ], [ 3.653146501975798, 51.558444007544509 ], [ 3.650014136069175, 51.558853770093357 ], [ 3.646644546315402, 51.559595233607254 ], [ 3.644764656524861, 51.560403395165309 ], [ 3.64395667366711, 51.559758800030167 ], [ 3.648388334169665, 51.557764244558101 ], [ 3.65028775691539, 51.557604565194808 ], [ 3.650521312141605, 51.558065487831172 ], [ 3.653257012281611, 51.557695267034838 ], [ 3.653181394612491, 51.557320003052467 ], [ 3.653647399384689, 51.557311739693404 ], [ 3.653492876861044, 51.557682744025769 ], [ 3.653701986914453, 51.557713972607139 ], [ 3.653890057955615, 51.557393892567234 ], [ 3.653858794520834, 51.557194848892678 ], [ 3.656636383814843, 51.556566429644796 ], [ 3.659624571860626, 51.553786111875979 ], [ 3.664072391034581, 51.551238502518757 ], [ 3.665405592572641, 51.550886094335361 ], [ 3.668762930108613, 51.550382853091385 ], [ 3.66359721863384, 51.548542174777722 ], [ 3.664305420515359, 51.548338640795393 ], [ 3.669721997502715, 51.550293313864245 ], [ 3.671611007061849, 51.548135490420577 ], [ 3.667816168903687, 51.545017904437266 ], [ 3.666752933753486, 51.542475387489894 ], [ 3.668156610936422, 51.542234110111721 ], [ 3.668676492367365, 51.544054132556482 ], [ 3.66935126733545, 51.544960861023235 ], [ 3.672479763794723, 51.547252290816957 ], [ 3.677329623827462, 51.540541453648203 ], [ 3.680202319294667, 51.534496107004529 ], [ 3.682779504201401, 51.529613220361533 ], [ 3.687398954290154, 51.524072453949678 ], [ 3.697777492835046, 51.515637127247757 ], [ 3.707461243577226, 51.516802871130459 ] ] ] ] } },
{ "type": "Feature", "properties": { "fid": 26, "ck_zk": "ZK28", "jrstatcode": "2025ZK28", "statnaam": "Zuid-Holland Noord", "rubriek": "zorgkantoorregio", "id": 26 }, "geometry": { "type": "MultiPolygon", "coordinates": [ [ [ [ 4.54732226027155, 52.313996598189654 ], [ 4.563707432469421, 52.309298008065952 ], [ 4.568446809071977, 52.31564171294589 ], [ 4.569075469017712, 52.316483031519347 ], [ 4.57324055818885, 52.315355519966744 ], [ 4.583435366359737, 52.318382361153404 ], [ 4.585792521829635, 52.318197372419775 ], [ 4.585936527643314, 52.317570565466873 ], [ 4.586090327550492, 52.317315199873256 ], [ 4.586610487335905, 52.31701141683881 ], [ 4.586888919300578, 52.316995447220179 ], [ 4.587469018739465, 52.316763172201512 ], [ 4.587990814476502, 52.316939351280901 ], [ 4.587686422863171, 52.317880920999244 ], [ 4.591033663463803, 52.317789120392099 ], [ 4.593313157693507, 52.317777842479792 ], [ 4.59332130135062, 52.317777801864224 ], [ 4.595087713136808, 52.317676215190147 ], [ 4.596572880086198, 52.317706072690669 ], [ 4.599455999652789, 52.31710099194882 ], [ 4.599457804030372, 52.317100472772921 ], [ 4.601457200312237, 52.316521218442553 ], [ 4.602885936848013, 52.315846509465402 ], [ 4.611676039331039, 52.313559912559569 ], [ 4.611533101159008, 52.312240089860893 ], [ 4.610264168221247, 52.310879384010569 ], [ 4.604737836178874, 52.306278915458719 ], [ 4.602332997382585, 52.303243020572339 ], [ 4.599828295816091, 52.29986983083473 ], [ 4.598243926613805, 52.297735799710779 ], [ 4.596476542232974, 52.294445727127794 ], [ 4.596358650978737, 52.291843123151899 ], [ 4.595596001275878, 52.290798615390479 ], [ 4.593737781778294, 52.28870085805287 ], [ 4.591336994399368, 52.285957994142969 ], [ 4.589536309614496, 52.282478702111462 ], [ 4.588872361380153, 52.281107940478869 ], [ 4.588207152152533, 52.28023236940637 ], [ 4.584874290992585, 52.278332612535571 ], [ 4.584143946654533, 52.277915325240365 ], [ 4.577191351849016, 52.273843009125429 ], [ 4.577122320471025, 52.273802569433052 ], [ 4.572749034624725, 52.271240018756409 ], [ 4.568335793946374, 52.268553385737221 ], [ 4.56803834133811, 52.266517394791293 ], [ 4.568252630467208, 52.265551774708186 ], [ 4.568448632203926, 52.264705490743168 ], [ 4.569537572823251, 52.25986023145159 ], [ 4.568763657160266, 52.255670946163598 ], [ 4.567832079383025, 52.250747328514464 ], [ 4.566209167606861, 52.245013543855286 ], [ 4.565347726581195, 52.242347845003103 ], [ 4.565052662198637, 52.241423544989061 ], [ 4.564183737818655, 52.23862875755546 ], [ 4.56292120371899, 52.234723159778888 ], [ 4.562272647677873, 52.233843442505609 ], [ 4.560783683480807, 52.23305996786052 ], [ 4.555618978621389, 52.232018799192481 ], [ 4.555611692671009, 52.232017330456586 ], [ 4.553624982871213, 52.230932974593635 ], [ 4.55047036189576, 52.226744715954126 ], [ 4.553933983188353, 52.22220541854054 ], [ 4.556615361820582, 52.219273046261058 ], [ 4.558433146166438, 52.218798537598616 ], [ 4.572202191667555, 52.216999103067707 ], [ 4.573756956607362, 52.217257214605482 ], [ 4.583553195091426, 52.218874205889172 ], [ 4.598180765778404, 52.215545173726106 ], [ 4.602761585132805, 52.214558269113454 ], [ 4.618437147720568, 52.21447576921382 ], [ 4.62248379787611, 52.214922744125516 ], [ 4.625844648571428, 52.215301246479989 ], [ 4.625845242926888, 52.215301316824338 ], [ 4.632634452711475, 52.216184274239573 ], [ 4.638574556212056, 52.218486622648065 ], [ 4.644022106930556, 52.220651173888726 ], [ 4.647177779394168, 52.221205878401065 ], [ 4.653853757701697, 52.224345665029546 ], [ 4.658473734545848, 52.226098282768639 ], [ 4.665847204407883, 52.227996411988421 ], [ 4.668345769519378, 52.22958041092776 ], [ 4.670348087144909, 52.230755785422708 ], [ 4.676699023394591, 52.225925520230589 ], [ 4.679975125695983, 52.226763108914732 ], [ 4.683632300972573, 52.22635403358111 ], [ 4.686210563840143, 52.226633459714591 ], [ 4.696244105624449, 52.232109272883555 ], [ 4.700243660765442, 52.233079440440065 ], [ 4.704428049314886, 52.233842061575857 ], [ 4.724154531319085, 52.232371333449542 ], [ 4.722896598410053, 52.220363905487567 ], [ 4.723649577217825, 52.218234968161056 ], [ 4.72330196035959, 52.216353865116197 ], [ 4.723764399954997, 52.21657365211 ], [ 4.724558784547825, 52.213222835294999 ], [ 4.724738951775617, 52.212583381175413 ], [ 4.729562530948015, 52.210271146872252 ], [ 4.728765997731066, 52.209818813286056 ], [ 4.732833640012577, 52.206972062804702 ], [ 4.734999509699931, 52.206766847885696 ], [ 4.743629882603779, 52.214792826267065 ], [ 4.747905506909775, 52.214851057283106 ], [ 4.750668836204473, 52.2157205516746 ], [ 4.753298505748658, 52.21746780239112 ], [ 4.759847855077979, 52.217586497170124 ], [ 4.762074487262455, 52.218130271164618 ], [ 4.774650279292411, 52.224582747033729 ], [ 4.776400158120775, 52.227372662840068 ], [ 4.778852766199806, 52.227960713617684 ], [ 4.780985629174887, 52.22874123571205 ], [ 4.784016716460862, 52.22873699643624 ], [ 4.794575697702013, 52.226730665167196 ], [ 4.794429874012167, 52.223423400268828 ], [ 4.799014383289258, 52.219312031836623 ], [ 4.802146923109381, 52.217640635613058 ], [ 4.801480798556476, 52.20989144124065 ], [ 4.801615700413833, 52.204002582178411 ], [ 4.802925127414565, 52.201027757096718 ], [ 4.813594310150965, 52.201847118580837 ], [ 4.813104712427835, 52.201336482845143 ], [ 4.814399874184101, 52.199309252982033 ], [ 4.822253479093348, 52.196093515658667 ], [ 4.823615970080416, 52.193165472153225 ], [ 4.838383243368527, 52.183258299983706 ], [ 4.84299527375958, 52.180814890072661 ], [ 4.844061511056247, 52.180065687099898 ], [ 4.85546508215365, 52.178957715872919 ], [ 4.867129960502613, 52.173449253068526 ], [ 4.892178256131188, 52.161797920338351 ], [ 4.887574434214758, 52.159958165248518 ], [ 4.873623464337562, 52.156082509353375 ], [ 4.874518480819271, 52.13883141526054 ], [ 4.872710550213681, 52.138853474443238 ], [ 4.870543667138489, 52.138340157369385 ], [ 4.864915049596963, 52.137391122886861 ], [ 4.855238666869632, 52.137209618487162 ], [ 4.852483458079599, 52.138384312628688 ], [ 4.851535293860713, 52.13961564400995 ], [ 4.847412571871065, 52.138944942388001 ], [ 4.842583825816129, 52.139533122415159 ], [ 4.8407933405923, 52.141476767123997 ], [ 4.837520577969921, 52.140643750908673 ], [ 4.83305311287392, 52.144706057555666 ], [ 4.831970115514761, 52.144458043367877 ], [ 4.826471851529682, 52.142176331211722 ], [ 4.820533623926715, 52.142228768198201 ], [ 4.819170705531086, 52.141375535152029 ], [ 4.817916467146473, 52.140755207994957 ], [ 4.816665724377836, 52.139386931291519 ], [ 4.814929695918127, 52.139952522981268 ], [ 4.813111094566534, 52.140173243654658 ], [ 4.810250694305525, 52.13855929880414 ], [ 4.808726905233107, 52.137266629034883 ], [ 4.807675610122605, 52.134668205847696 ], [ 4.808846872494517, 52.13181379649518 ], [ 4.808352428335857, 52.131526212515624 ], [ 4.807790214039816, 52.129857720478768 ], [ 4.808052180238105, 52.129146650057066 ], [ 4.806674303205124, 52.12782250717185 ], [ 4.806365640775116, 52.12739626947748 ], [ 4.803497703642577, 52.126415648065922 ], [ 4.801980656694714, 52.124857543869247 ], [ 4.79835765554231, 52.125300603433971 ], [ 4.793490841428945, 52.123972736782214 ], [ 4.79236030114726, 52.123383272458433 ], [ 4.792080179629929, 52.122287379380644 ], [ 4.791893080758605, 52.12046046646995 ], [ 4.78750806012133, 52.11999328794009 ], [ 4.785372458981246, 52.120661996599914 ], [ 4.784069365539547, 52.120756051803916 ], [ 4.783306021696112, 52.120373409553245 ], [ 4.783019297022894, 52.119762828722337 ], [ 4.784438581495494, 52.118036007869712 ], [ 4.783969218791443, 52.117437231669292 ], [ 4.783151257810841, 52.117319999820197 ], [ 4.780450210837345, 52.117961143262974 ], [ 4.77954247787297, 52.117653345506092 ], [ 4.778259155111602, 52.115841175471964 ], [ 4.77650773866405, 52.116004026222761 ], [ 4.775948743272424, 52.115779885069045 ], [ 4.77492851223224, 52.114842712300792 ], [ 4.770861086781436, 52.115137538373034 ], [ 4.769977266537886, 52.114784934781113 ], [ 4.76921948635527, 52.113311519982325 ], [ 4.766675642623868, 52.113145090569532 ], [ 4.762532571699652, 52.113711609934491 ], [ 4.761049632976962, 52.112846131142014 ], [ 4.760239458529191, 52.11184493379281 ], [ 4.759328660729574, 52.110344617739237 ], [ 4.753225972174514, 52.108512570534465 ], [ 4.746379940589516, 52.107515879142241 ], [ 4.738856699861746, 52.106507437341584 ], [ 4.740222862857555, 52.104648091754186 ], [ 4.734518022451264, 52.102614615241478 ], [ 4.734809713555532, 52.101876382815554 ], [ 4.733073144526902, 52.101475494459486 ], [ 4.724517582610614, 52.099599443555135 ], [ 4.724440586795226, 52.099581871856451 ], [ 4.704731800808349, 52.095240861705179 ], [ 4.70506793038399, 52.094638732027562 ], [ 4.70700542128766, 52.093296540491728 ], [ 4.70875813396667, 52.093643893448501 ], [ 4.713101995695535, 52.084338398896449 ], [ 4.715505853006674, 52.081188412271423 ], [ 4.713027605898408, 52.076929384219532 ], [ 4.704905029014683, 52.076836410640588 ], [ 4.696834782485646, 52.074005757591614 ], [ 4.69441120306891, 52.067767388902617 ], [ 4.686259893698383, 52.069525798866636 ], [ 4.686148996729889, 52.069214349063614 ], [ 4.685346984539342, 52.069384379715054 ], [ 4.683121213847279, 52.062607479841574 ], [ 4.681973526512063, 52.059104063814203 ], [ 4.679298395936971, 52.059215896492837 ], [ 4.678997537782069, 52.0601970216564 ], [ 4.677246984107649, 52.065520527857679 ], [ 4.665660021833614, 52.06572393931328 ], [ 4.665910582068442, 52.063951609957364 ], [ 4.659967730229911, 52.064104308168574 ], [ 4.659147765353541, 52.064017738162462 ], [ 4.659150602479952, 52.064005953058775 ], [ 4.646904042329074, 52.06428003922634 ], [ 4.646860662047795, 52.064282711226078 ], [ 4.638225121412685, 52.064823595191378 ], [ 4.637624697742871, 52.068010160268138 ], [ 4.636881164490192, 52.073531640880432 ], [ 4.625307180049537, 52.074447226476444 ], [ 4.625320375285519, 52.076443249354085 ], [ 4.607023721983084, 52.077045843974851 ], [ 4.607427110877652, 52.065526518667987 ], [ 4.565925412473733, 52.059225958712389 ], [ 4.565042961073281, 52.058569379497065 ], [ 4.557808993890128, 52.061741162949929 ], [ 4.557180247335913, 52.06123936641557 ], [ 4.555855757037007, 52.061860829014073 ], [ 4.552771713071492, 52.063307759548856 ], [ 4.553209819451276, 52.063831483302607 ], [ 4.546771353769802, 52.066986712830314 ], [ 4.542729216117684, 52.06888730966088 ], [ 4.53948601200198, 52.070308342563393 ], [ 4.535339890526337, 52.072294093384834 ], [ 4.533694958314443, 52.073051132016516 ], [ 4.535168098402097, 52.074463194971393 ], [ 4.53390423616747, 52.075215149197639 ], [ 4.534042425667624, 52.075389423446154 ], [ 4.534180620497165, 52.075563703852829 ], [ 4.53601940423295, 52.076907936425961 ], [ 4.530316717027046, 52.079968995344579 ], [ 4.530103521141798, 52.080082104515931 ], [ 4.5305551791418, 52.080510732403745 ], [ 4.514267358146804, 52.088587150628911 ], [ 4.513134385270834, 52.088445166420762 ], [ 4.510126848031308, 52.090028075189565 ], [ 4.505531971694556, 52.092426700823168 ], [ 4.504449609923593, 52.093290331751149 ], [ 4.499967035235277, 52.091655202864949 ], [ 4.498908025940071, 52.089427769358522 ], [ 4.499367784918219, 52.088459856243837 ], [ 4.497805894858041, 52.087837562692854 ], [ 4.492218925884501, 52.090009763379278 ], [ 4.490413658031666, 52.097858385972117 ], [ 4.48464689052514, 52.103588112112391 ], [ 4.470825786445896, 52.117708103471408 ], [ 4.472975415649525, 52.118951610820247 ], [ 4.472289028140632, 52.119634651404624 ], [ 4.472321143813751, 52.123458607178101 ], [ 4.472941439489814, 52.123703185789168 ], [ 4.468149282386823, 52.128550817182784 ], [ 4.467481014273789, 52.128323205362243 ], [ 4.466845064105732, 52.128979894062439 ], [ 4.465981592507328, 52.127890301596807 ], [ 4.466420253255077, 52.127333395179257 ], [ 4.46519192514208, 52.126613357404729 ], [ 4.464492288578668, 52.127311170300743 ], [ 4.463211876385998, 52.126325851451959 ], [ 4.455982128650676, 52.121177287201974 ], [ 4.451074988714857, 52.117512122935793 ], [ 4.446442046412882, 52.113377071316471 ], [ 4.443142953976787, 52.111579726376085 ], [ 4.438993986455462, 52.109929249934019 ], [ 4.435744518497304, 52.107401532574492 ], [ 4.433578780264875, 52.104157991120857 ], [ 4.427902584065898, 52.101470244643558 ], [ 4.423703975062802, 52.103589828951321 ], [ 4.420816666965258, 52.104622436163062 ], [ 4.42121528307982, 52.104983266421137 ], [ 4.41415791239185, 52.107508331784537 ], [ 4.413074349766266, 52.106633109957585 ], [ 4.411378115207063, 52.107286580610392 ], [ 4.412048093575214, 52.107971219710777 ], [ 4.401159065184216, 52.111869994585554 ], [ 4.41354861911179, 52.121605422171491 ], [ 4.413224616873507, 52.122188631963859 ], [ 4.418304793382851, 52.124435792432571 ], [ 4.427411967356159, 52.133243155080613 ], [ 4.442988532648871, 52.14534578750748 ], [ 4.443939311443735, 52.146041264263538 ], [ 4.4413715863976, 52.149498496064787 ], [ 4.438865156957451, 52.153264485502305 ], [ 4.439215842181098, 52.154695464957676 ], [ 4.440478179940308, 52.155652983916383 ], [ 4.431094588911404, 52.158437425875412 ], [ 4.425973996325128, 52.159229807966391 ], [ 4.419771531874831, 52.162344330948258 ], [ 4.417786312486691, 52.161477528689304 ], [ 4.414764153752563, 52.16245466806194 ], [ 4.413193653572311, 52.163790856522347 ], [ 4.411567536542758, 52.163501070637423 ], [ 4.409319179021691, 52.169342056352576 ], [ 4.404801792779364, 52.167502405429978 ], [ 4.404214529003813, 52.168260232266583 ], [ 4.404112227864317, 52.168405111151429 ], [ 4.403220556265708, 52.168957283777196 ], [ 4.400079783703994, 52.171381387403969 ], [ 4.399148339403158, 52.171928464457956 ], [ 4.399024270635262, 52.171847823541121 ], [ 4.398325503133977, 52.172421983211677 ], [ 4.374378479943373, 52.186898473643929 ], [ 4.383647498427564, 52.196465222972122 ], [ 4.391436767249836, 52.206557336440632 ], [ 4.397040878517189, 52.212312009173999 ], [ 4.399760942712013, 52.210622771880395 ], [ 4.400174197053405, 52.210885567345585 ], [ 4.400440258219795, 52.211057903275012 ], [ 4.398195622905506, 52.212481187224675 ], [ 4.39978554212668, 52.21484591540284 ], [ 4.405464080424919, 52.219719903182757 ], [ 4.418301927426549, 52.233740062814064 ], [ 4.434516565893821, 52.253785547787572 ], [ 4.44726177814798, 52.267244853294379 ], [ 4.493971128476394, 52.328198082937682 ], [ 4.494926529779438, 52.327948528430561 ], [ 4.543370822266072, 52.314988613049735 ], [ 4.54732226027155, 52.313996598189654 ] ] ] ] } },
{ "type": "Feature", "properties": { "fid": 27, "ck_zk": "ZK29", "jrstatcode": "2025ZK29", "statnaam": "Zuid-Hollandse Eilanden", "rubriek": "zorgkantoorregio", "id": 27 }, "geometry": { "type": "MultiPolygon", "coordinates": [ [ [ [ 4.55492964570388, 51.69685465527705 ], [ 4.544376866175285, 51.695134781563659 ], [ 4.548200611168789, 51.69653996864654 ], [ 4.565560040166989, 51.699734318566115 ], [ 4.572305172771424, 51.700072932342565 ], [ 4.55492964570388, 51.69685465527705 ] ] ], [ [ [ 4.346149805182535, 51.704486405489689 ], [ 4.337140579152436, 51.703883193125549 ], [ 4.336055278990941, 51.704702867468214 ], [ 4.339987014379153, 51.705639839105409 ], [ 4.346149805182535, 51.704486405489689 ] ] ], [ [ [ 4.367891961021444, 51.706737754689676 ], [ 4.367097150803763, 51.704706797972683 ], [ 4.362563195738223, 51.706926834793123 ], [ 4.366401352787276, 51.709763362286218 ], [ 4.367891961021444, 51.706737754689676 ] ] ], [ [ [ 4.352904517633434, 51.73680754401866 ], [ 4.357170972718203, 51.734665664426416 ], [ 4.357144566778059, 51.731812703967655 ], [ 4.348018675422737, 51.730256056570184 ], [ 4.33845824522989, 51.727208429964485 ], [ 4.329735033945928, 51.726155302162951 ], [ 4.310421553477402, 51.727809522250446 ], [ 4.299321884386414, 51.731000472382803 ], [ 4.290866417633519, 51.734206956821168 ], [ 4.290472478052195, 51.734625363165812 ], [ 4.291151364938535, 51.734770770287021 ], [ 4.291225486634546, 51.734917430310261 ], [ 4.291210051345597, 51.735471969095109 ], [ 4.29161311284602, 51.735684379628836 ], [ 4.291667459802141, 51.735791909859493 ], [ 4.290240708957701, 51.735099966402949 ], [ 4.289178536717054, 51.73536007284774 ], [ 4.267763050812963, 51.745726603449796 ], [ 4.262022281541211, 51.746696444076434 ], [ 4.258307000417814, 51.74864262001153 ], [ 4.258365598581038, 51.750059738119027 ], [ 4.259367325280685, 51.751563144502946 ], [ 4.263349976455378, 51.754068661770823 ], [ 4.269622524594508, 51.753053226171033 ], [ 4.278587863914507, 51.752809634112403 ], [ 4.298482465805146, 51.749269985183169 ], [ 4.311311491924316, 51.747113434959182 ], [ 4.334275205042185, 51.740503720532963 ], [ 4.352904517633434, 51.73680754401866 ] ] ], [ [ [ 3.884950896156165, 51.759921050105497 ], [ 3.885070994309856, 51.758372813697768 ], [ 3.881828891760036, 51.757461958178702 ], [ 3.882172396668985, 51.756995068980345 ], [ 3.879523335340361, 51.75678613774889 ], [ 3.87740609766428, 51.758672455062275 ], [ 3.878019426430696, 51.759251107786014 ], [ 3.880348844374508, 51.758865373684095 ], [ 3.881648790324754, 51.759917023546656 ], [ 3.883776452323147, 51.760313178646875 ], [ 3.884950896156165, 51.759921050105497 ] ] ], [ [ [ 3.956211237705472, 51.778042776514944 ], [ 3.963278010393411, 51.775881080427453 ], [ 3.965654199577477, 51.77438822359872 ], [ 3.954179537520998, 51.776253522736148 ], [ 3.941817823347353, 51.776571922745696 ], [ 3.926327478096007, 51.775086920599371 ], [ 3.913120834609363, 51.770825401946176 ], [ 3.908948009634945, 51.77020940001217 ], [ 3.904584206611049, 51.771120493097989 ], [ 3.921706542161168, 51.781276434424157 ], [ 3.926449797460351, 51.786632749106431 ], [ 3.928718609915243, 51.788064404094499 ], [ 3.934298853189273, 51.789929303259349 ], [ 3.939439347051869, 51.785388831064232 ], [ 3.956211237705472, 51.778042776514944 ] ] ], [ [ [ 4.148512632082476, 51.798776264014364 ], [ 4.147353275798377, 51.79863508545678 ], [ 4.142726669549448, 51.79911540747792 ], [ 4.140620594872772, 51.800548984598628 ], [ 4.144873524106806, 51.801737009487965 ], [ 4.148900856762836, 51.801313690944696 ], [ 4.14746984871952, 51.799551454389977 ], [ 4.148512632082476, 51.798776264014364 ] ] ], [ [ [ 3.968042508214006, 51.798138807753091 ], [ 3.967277139076285, 51.797486191998793 ], [ 3.95939789959489, 51.798835637928121 ], [ 3.95701099487633, 51.79983905932859 ], [ 3.957279332663621, 51.800958325353292 ], [ 3.961768254242709, 51.802180291739646 ], [ 3.965569456518251, 51.802012380716512 ], [ 3.963630176012038, 51.801318109771778 ], [ 3.963285287296483, 51.800577562216993 ], [ 3.965269306593933, 51.798628091191688 ], [ 3.968042508214006, 51.798138807753091 ] ] ], [ [ [ 4.107723826765164, 51.936141607768711 ], [ 4.112674942931381, 51.934798479755024 ], [ 4.11305569233852, 51.935740710273841 ], [ 4.144889679494005, 51.931409461202044 ], [ 4.162668514566888, 51.926651947050168 ], [ 4.167018188438662, 51.923125487489742 ], [ 4.168186804762118, 51.919057017385718 ], [ 4.172385344114656, 51.91858599078094 ], [ 4.172712276141577, 51.918550082709402 ], [ 4.176772602697362, 51.917789308374275 ], [ 4.185370770790075, 51.912885510146992 ], [ 4.197099116192784, 51.90830135980692 ], [ 4.210704539746001, 51.901338676991507 ], [ 4.215907411590821, 51.898937717190684 ], [ 4.220067070282497, 51.896066955000428 ], [ 4.228998350640212, 51.885684610037032 ], [ 4.23002952991842, 51.883063135908124 ], [ 4.2329696161244, 51.87748579976936 ], [ 4.239383150979978, 51.872985910997912 ], [ 4.252577767114453, 51.868259550314036 ], [ 4.25975840251041, 51.865803319577367 ], [ 4.265031130894074, 51.86476725304076 ], [ 4.283792337774493, 51.864476320498895 ], [ 4.335539757588365, 51.864301790802955 ], [ 4.339651997714201, 51.859460618794458 ], [ 4.339718875591644, 51.859383503071157 ], [ 4.341555236790271, 51.85709709434434 ], [ 4.346271913259289, 51.853288897628254 ], [ 4.353630211018931, 51.849052940958408 ], [ 4.360778874073875, 51.846459565333681 ], [ 4.372089009900396, 51.843348141827526 ], [ 4.383664524768482, 51.842118255154816 ], [ 4.383228670734808, 51.852402151042369 ], [ 4.385067352680309, 51.853431511577782 ], [ 4.384909350795645, 51.853598867877167 ], [ 4.385162228545387, 51.853759222251526 ], [ 4.385021891659074, 51.855531798872235 ], [ 4.383512466592058, 51.857369764837834 ], [ 4.384347880105453, 51.861236935879226 ], [ 4.384347890576439, 51.861236987205459 ], [ 4.384349983266147, 51.861244648349327 ], [ 4.384436620481974, 51.861561619029544 ], [ 4.386368657589366, 51.86638099924842 ], [ 4.388021634781203, 51.868247004890762 ], [ 4.388355558409976, 51.868624941387068 ], [ 4.390431611163763, 51.870579678767292 ], [ 4.394846160952357, 51.872332708461748 ], [ 4.406300481491421, 51.872991093858296 ], [ 4.411500991230752, 51.871632671745729 ], [ 4.413698930750074, 51.871743052634031 ], [ 4.414629548252655, 51.871892130458988 ], [ 4.415001337811079, 51.871736267472535 ], [ 4.415823703510466, 51.872436283991362 ], [ 4.417618767301462, 51.872421057661754 ], [ 4.428368704063298, 51.87037810747097 ], [ 4.430227634954077, 51.869409249743661 ], [ 4.431736339636821, 51.869808557191668 ], [ 4.436530165603116, 51.868573550907783 ], [ 4.44024071291452, 51.866418332613136 ], [ 4.440240799870203, 51.866418271291259 ], [ 4.442149506899566, 51.866245320236388 ], [ 4.446475413973209, 51.866050916243353 ], [ 4.465228559251217, 51.862018487985473 ], [ 4.47186278678081, 51.861667237871522 ], [ 4.48040261540678, 51.862327561558033 ], [ 4.480087902478355, 51.865275921718172 ], [ 4.48072831548206, 51.865266357751047 ], [ 4.48152564236557, 51.865432504525401 ], [ 4.48170318218863, 51.865437025017741 ], [ 4.48354337784474, 51.865905492791093 ], [ 4.485694028790092, 51.866570525970751 ], [ 4.487175195830216, 51.867171497942962 ], [ 4.488752724729896, 51.867348161429881 ], [ 4.494389816512613, 51.868968904955899 ], [ 4.496455519854449, 51.868970892797435 ], [ 4.515233805286385, 51.869036578437246 ], [ 4.515239464451644, 51.869036622250164 ], [ 4.5226310389282, 51.8690780457394 ], [ 4.526018496643912, 51.869730572177382 ], [ 4.526848944824149, 51.869414801944153 ], [ 4.529503859505104, 51.868948491676051 ], [ 4.532026633344496, 51.868776712979631 ], [ 4.535295404828659, 51.869338896481416 ], [ 4.536396887285781, 51.869764170309388 ], [ 4.539971591555808, 51.870178649550319 ], [ 4.54263357132726, 51.870844973138595 ], [ 4.542970938001779, 51.871129635647058 ], [ 4.543398017577948, 51.871312182567145 ], [ 4.543984758618985, 51.871855870056692 ], [ 4.544250032255637, 51.872302458137561 ], [ 4.544942842958526, 51.872307474097326 ], [ 4.548184853395662, 51.873835505271913 ], [ 4.549383136969257, 51.874027230743685 ], [ 4.549253301815452, 51.874200892452969 ], [ 4.551912147299504, 51.874690686374173 ], [ 4.554872629324308, 51.875559903681406 ], [ 4.557845640441976, 51.876919297354213 ], [ 4.561525615225948, 51.878218615700092 ], [ 4.567737373740171, 51.878176991043176 ], [ 4.568911738282622, 51.878052037145061 ], [ 4.569146146904448, 51.878180356496514 ], [ 4.568906052254884, 51.878325175652584 ], [ 4.573148668375642, 51.891220172854823 ], [ 4.573463601902354, 51.891639161154288 ], [ 4.573467546655688, 51.892085046507169 ], [ 4.575407535838377, 51.898082712407309 ], [ 4.575599416293247, 51.898057602225734 ], [ 4.576095529979914, 51.899373849201034 ], [ 4.575905610971698, 51.901252660639855 ], [ 4.57632845404583, 51.903031720417992 ], [ 4.58302042196629, 51.90121270464973 ], [ 4.590797261793692, 51.895848505405887 ], [ 4.595028826032788, 51.894172730049291 ], [ 4.619572170348848, 51.88952269980738 ], [ 4.619248844805511, 51.888442247301604 ], [ 4.620300433404778, 51.887633847024475 ], [ 4.624229637321763, 51.883805880552501 ], [ 4.626391054034048, 51.880657763102121 ], [ 4.635260958543669, 51.869711155203007 ], [ 4.635449128606461, 51.86911757041846 ], [ 4.64002742627797, 51.862523872984319 ], [ 4.643763009950546, 51.859303604589655 ], [ 4.647294028997951, 51.857216207006033 ], [ 4.642492602185771, 51.853907413472626 ], [ 4.636515977288605, 51.849662424111528 ], [ 4.633440735171574, 51.850275516071271 ], [ 4.628757841434202, 51.85434613184291 ], [ 4.626042701707174, 51.854512879846723 ], [ 4.623422416474934, 51.853730714236256 ], [ 4.618715265282707, 51.851237914041782 ], [ 4.612500775923338, 51.850587500495223 ], [ 4.608288295486061, 51.849414014447945 ], [ 4.606995567002378, 51.848524829299734 ], [ 4.604912844704701, 51.848384516611716 ], [ 4.600154903506953, 51.838730078407842 ], [ 4.594684138619201, 51.840283112094596 ], [ 4.585362058392506, 51.842514681529117 ], [ 4.571058445970809, 51.847116774986951 ], [ 4.569035651229084, 51.844849304591875 ], [ 4.5638333077598, 51.840943732113686 ], [ 4.56001342427732, 51.838791264782124 ], [ 4.558635741207109, 51.836835502889798 ], [ 4.558911899635909, 51.836242432384225 ], [ 4.557249386159762, 51.833897470210367 ], [ 4.55360870054682, 51.829896905712211 ], [ 4.556345341217486, 51.827831860800103 ], [ 4.559300290575981, 51.823138707405988 ], [ 4.560725606775506, 51.818735549321659 ], [ 4.564462042806355, 51.814330161186554 ], [ 4.566743355119743, 51.81282915189918 ], [ 4.569631586962593, 51.811308492429873 ], [ 4.578295107504451, 51.80835516809109 ], [ 4.583083476734169, 51.807479877369943 ], [ 4.596875967770631, 51.806431497474172 ], [ 4.597775588999061, 51.80629581168602 ], [ 4.621221575591659, 51.800803681803664 ], [ 4.621871685768979, 51.797690488393982 ], [ 4.623212685988301, 51.792413160432339 ], [ 4.626840384407917, 51.784751313464227 ], [ 4.627421927609313, 51.782485506040423 ], [ 4.627495381297573, 51.782171941175029 ], [ 4.627711954912485, 51.777638097076355 ], [ 4.626985312449262, 51.772906458598555 ], [ 4.62692912835861, 51.772663155338243 ], [ 4.62611529822004, 51.766051579994937 ], [ 4.627110220395756, 51.760283135612838 ], [ 4.631122124731273, 51.75010697170179 ], [ 4.631126128007852, 51.741745959332867 ], [ 4.626579244130007, 51.728256287530378 ], [ 4.623597040914591, 51.721395865171836 ], [ 4.618555306064787, 51.723256559858243 ], [ 4.605927263751629, 51.717066357152895 ], [ 4.597024030919827, 51.715460938567169 ], [ 4.588661049157418, 51.712218604465093 ], [ 4.588288019081471, 51.712535388508527 ], [ 4.590134267554663, 51.713558593030051 ], [ 4.589371550960593, 51.714445391134745 ], [ 4.590528527660532, 51.716309090897091 ], [ 4.590189422112285, 51.71633478594152 ], [ 4.589051541257144, 51.714716242465698 ], [ 4.588476834750203, 51.714974010390172 ], [ 4.586982413476064, 51.713892853812425 ], [ 4.588098861535401, 51.712030139718443 ], [ 4.584387836023984, 51.711142705667861 ], [ 4.580456915441763, 51.711964469433077 ], [ 4.574895340001293, 51.710672298254153 ], [ 4.566364672977712, 51.706937190268313 ], [ 4.556760351249097, 51.704480153550932 ], [ 4.534974847154106, 51.701909429510359 ], [ 4.530444869977228, 51.700642705718572 ], [ 4.528823921690093, 51.701641413577526 ], [ 4.515900106899677, 51.703367255707597 ], [ 4.511885393313592, 51.704492178700121 ], [ 4.508715115525129, 51.706561098406553 ], [ 4.503903041772015, 51.70658871265379 ], [ 4.498370868458331, 51.70828035130306 ], [ 4.492911376102683, 51.708937135534747 ], [ 4.489548710353974, 51.71082495750418 ], [ 4.475512841714849, 51.712963856274257 ], [ 4.468276649484726, 51.714958122062022 ], [ 4.457988678843815, 51.715718500850045 ], [ 4.451963541867373, 51.715529656652222 ], [ 4.451619549624453, 51.717852757512318 ], [ 4.449790315160052, 51.71750811565407 ], [ 4.448870409700314, 51.717849518722488 ], [ 4.448033902588719, 51.717706214763574 ], [ 4.448255779251871, 51.716869428465891 ], [ 4.448977806656082, 51.71716108089813 ], [ 4.450240838897214, 51.717031195966577 ], [ 4.451310710269675, 51.716601740286364 ], [ 4.451567270647258, 51.714979769397999 ], [ 4.446190059384203, 51.715476407510316 ], [ 4.444889467963145, 51.717035452228032 ], [ 4.446703057685384, 51.717114049535027 ], [ 4.446585946010942, 51.717626520865224 ], [ 4.443986858994839, 51.717505985087719 ], [ 4.445266594586433, 51.715455685228505 ], [ 4.443127693702915, 51.715494061950182 ], [ 4.442091168847761, 51.716647871843307 ], [ 4.438729145190596, 51.71560283187258 ], [ 4.431984552465617, 51.717435541744244 ], [ 4.418133279816701, 51.718778821944809 ], [ 4.419525061963385, 51.720834662155113 ], [ 4.418421882340049, 51.720967069542255 ], [ 4.41691318693636, 51.71902661525003 ], [ 4.406019722257751, 51.721899242609595 ], [ 4.403203576160892, 51.719300442039177 ], [ 4.398230774354304, 51.711334347871031 ], [ 4.398169794681866, 51.710498861957596 ], [ 4.399409212233808, 51.710126834637144 ], [ 4.400933892936382, 51.709391911864927 ], [ 4.398880749848125, 51.708918442920798 ], [ 4.397762783806389, 51.707975337742489 ], [ 4.397297712041432, 51.706531933430313 ], [ 4.398487884565643, 51.704486893551874 ], [ 4.402160132005974, 51.704276770784908 ], [ 4.401467734493545, 51.702999686121267 ], [ 4.398878613605441, 51.702211593908196 ], [ 4.401936917242293, 51.699121615432738 ], [ 4.40363760711812, 51.698713001103698 ], [ 4.394487818707669, 51.693764993154375 ], [ 4.395036899269228, 51.695754682418645 ], [ 4.391380903459686, 51.697120426594999 ], [ 4.389835039890841, 51.696829921440411 ], [ 4.388416683310923, 51.695538530419064 ], [ 4.383669602356606, 51.695944185851936 ], [ 4.378349528113811, 51.693647674112 ], [ 4.372205141474913, 51.69365971052774 ], [ 4.371461168386245, 51.695254926131156 ], [ 4.363358235738619, 51.694955217736251 ], [ 4.367389998696456, 51.68775427636642 ], [ 4.367965737993212, 51.685267809381742 ], [ 4.367244880886324, 51.68312161840808 ], [ 4.3660415120753, 51.68256634066757 ], [ 4.363702865887754, 51.682495947256982 ], [ 4.363701545053012, 51.68234080606566 ], [ 4.365739995656209, 51.681819109576125 ], [ 4.364518227426737, 51.677772609742284 ], [ 4.357139836366732, 51.671218097289383 ], [ 4.338617713041254, 51.664978152465387 ], [ 4.329256015171408, 51.662908038207306 ], [ 4.309008380150314, 51.659772387994828 ], [ 4.300589149479486, 51.659228303176917 ], [ 4.299298534869846, 51.659561098965192 ], [ 4.280630985806995, 51.654528132677385 ], [ 4.27183893331217, 51.654617228313136 ], [ 4.257492613955585, 51.656364234792562 ], [ 4.250619491705407, 51.657879112453806 ], [ 4.245860642751598, 51.658138644480374 ], [ 4.232463893855988, 51.661404829648561 ], [ 4.22278020160011, 51.668137433815808 ], [ 4.219584628588894, 51.672617891729352 ], [ 4.220150439339214, 51.673784072390973 ], [ 4.210672682052629, 51.676313926347568 ], [ 4.207599925898772, 51.676231996511 ], [ 4.206972029302496, 51.674894906674076 ], [ 4.205485157951306, 51.676175562417804 ], [ 4.205373863638167, 51.67764270593478 ], [ 4.194453172876063, 51.679291797325661 ], [ 4.189117097262939, 51.682983296556095 ], [ 4.183848903316599, 51.68255193456335 ], [ 4.168378630088629, 51.683439341178143 ], [ 4.164960591805192, 51.686506087997607 ], [ 4.164166486193457, 51.68723346405563 ], [ 4.157346466399526, 51.682492013351606 ], [ 4.155479750720507, 51.683418724486835 ], [ 4.162513162794145, 51.687781304178642 ], [ 4.160861075069104, 51.690849322030942 ], [ 4.155228529793765, 51.696588138318248 ], [ 4.152295150804846, 51.697824181835919 ], [ 4.134954365490578, 51.701988140032633 ], [ 4.131756705402469, 51.703834770152483 ], [ 4.128888958970245, 51.703343745192271 ], [ 4.122708101572923, 51.706382150571372 ], [ 4.116047955485639, 51.707235161482409 ], [ 4.111019618369001, 51.707846774117087 ], [ 4.09951128687818, 51.707416242252677 ], [ 4.096246930334653, 51.70716520639192 ], [ 4.095185581578045, 51.706485192481658 ], [ 4.091347814646912, 51.706448419692158 ], [ 4.08659209471174, 51.707535994271382 ], [ 4.085906470879507, 51.709011580451396 ], [ 4.085366360245105, 51.708967886430628 ], [ 4.085902473899546, 51.708024715069769 ], [ 4.082565493182396, 51.707679421907329 ], [ 4.082770309084314, 51.706513914943685 ], [ 4.080766646571715, 51.707977740436654 ], [ 4.076483755418318, 51.708638330435846 ], [ 4.069915560691262, 51.707847613243665 ], [ 4.058900990872336, 51.711641804382552 ], [ 4.050714055086901, 51.711695096430013 ], [ 4.048402117262578, 51.714728440321686 ], [ 4.050586772893471, 51.717550918101061 ], [ 4.043145674050424, 51.725019458811715 ], [ 4.040686229821379, 51.727240247068721 ], [ 4.0402408007688, 51.73100666317044 ], [ 4.037957446501349, 51.735288210696091 ], [ 4.033222386702652, 51.738434247161891 ], [ 4.032777702375126, 51.739643225114435 ], [ 4.034776339554582, 51.743807427610427 ], [ 4.031456098795958, 51.745533511601188 ], [ 4.029823549627326, 51.742687780696762 ], [ 4.025914640907456, 51.741619497946196 ], [ 4.024020350391118, 51.741871929801007 ], [ 4.022381623762842, 51.743298847701311 ], [ 4.01891174365622, 51.751707609831378 ], [ 4.018573396190128, 51.755202230435486 ], [ 4.017191800857508, 51.756170737903588 ], [ 4.027253336895884, 51.757699918117623 ], [ 4.026091944298804, 51.758763482408739 ], [ 4.022666292649385, 51.758650963838896 ], [ 4.019178637055399, 51.760936551667676 ], [ 4.02093368849563, 51.764142545774732 ], [ 4.022229937412554, 51.766901942980745 ], [ 4.022853979769106, 51.769046690015948 ], [ 4.018417179051998, 51.77052032039424 ], [ 4.018819019108555, 51.777079161013219 ], [ 4.020347264100743, 51.779290267356437 ], [ 4.010274223520219, 51.786514917431454 ], [ 4.004390539813541, 51.791221923174234 ], [ 4.002275391319565, 51.794415722146155 ], [ 4.003490221835152, 51.79701493900982 ], [ 3.995392329969674, 51.800194825234904 ], [ 3.992170187845262, 51.801835864056763 ], [ 3.989107611310066, 51.802472245040697 ], [ 3.98318194169321, 51.801156101250506 ], [ 3.970614037077473, 51.800809696169004 ], [ 3.968247887521044, 51.803116035726113 ], [ 3.956983718853685, 51.80408193766381 ], [ 3.949428693673569, 51.803379668556218 ], [ 3.945000778949069, 51.800799570079469 ], [ 3.935791098399975, 51.797612843337681 ], [ 3.935620801739485, 51.797768571425728 ], [ 3.936917787808786, 51.798593646920075 ], [ 3.934678283081333, 51.798203710932874 ], [ 3.935585419780586, 51.797477059244585 ], [ 3.935117542275667, 51.797301133926254 ], [ 3.933749590964132, 51.798235359175898 ], [ 3.92575559602755, 51.797587408055186 ], [ 3.925059761689826, 51.796894502771984 ], [ 3.921161577879431, 51.796907020084817 ], [ 3.912101543997197, 51.795143143681962 ], [ 3.912613118222364, 51.793809023731356 ], [ 3.907643104636052, 51.792181055673048 ], [ 3.903068762376054, 51.792060518067501 ], [ 3.89698054796023, 51.793590000024963 ], [ 3.890672472053605, 51.79207904633877 ], [ 3.889705172782411, 51.789486129978926 ], [ 3.892116293317595, 51.786896569388418 ], [ 3.895728574161742, 51.784910923994552 ], [ 3.892472215893861, 51.782392163367533 ], [ 3.88902332694781, 51.781223788368642 ], [ 3.887059957250478, 51.780472276561255 ], [ 3.885934628354756, 51.780426747232276 ], [ 3.885681724693232, 51.780584748151732 ], [ 3.885752944773244, 51.780808411273426 ], [ 3.886343831587951, 51.781124440982481 ], [ 3.886320830803442, 51.781519141021214 ], [ 3.885757844402737, 51.781791779949344 ], [ 3.884203115460524, 51.781208242143535 ], [ 3.884304324278063, 51.780945119711063 ], [ 3.884806323748684, 51.780901073196887 ], [ 3.88511521396408, 51.780527597168145 ], [ 3.885612269296187, 51.78033142526904 ], [ 3.885517298585583, 51.779985037485794 ], [ 3.884312474656721, 51.779798615694126 ], [ 3.883922250791075, 51.779846112068562 ], [ 3.883810205651313, 51.780042736628971 ], [ 3.883758598712626, 51.78062457309241 ], [ 3.883907269076129, 51.780846797749575 ], [ 3.884229115851413, 51.780944537865366 ], [ 3.884135693059091, 51.781186021955484 ], [ 3.88347510526496, 51.780995906334944 ], [ 3.882033923957981, 51.780634848427667 ], [ 3.88243939453621, 51.780044930543056 ], [ 3.883453114640325, 51.779956131106253 ], [ 3.883571198034259, 51.779736789021385 ], [ 3.883395305280066, 51.779586868928575 ], [ 3.882782273505192, 51.779575686663648 ], [ 3.882910068119747, 51.779179337772902 ], [ 3.882229510917075, 51.779135015828722 ], [ 3.880065837308336, 51.779288984085504 ], [ 3.877365323931811, 51.779672651345393 ], [ 3.87172744594954, 51.781936725731512 ], [ 3.869498477197589, 51.78117763005379 ], [ 3.867117494376499, 51.776287671090913 ], [ 3.868513939932213, 51.775727152977367 ], [ 3.865538314777083, 51.774978235436102 ], [ 3.859472771732932, 51.765318908199397 ], [ 3.86124685577599, 51.762937252544511 ], [ 3.860565950122939, 51.762187547460286 ], [ 3.858701177548099, 51.762593548976994 ], [ 3.855426077686494, 51.757864341149165 ], [ 3.859062076050933, 51.756700458865147 ], [ 3.858716651195373, 51.757847898862593 ], [ 3.85968814622237, 51.758021114764063 ], [ 3.860091517545154, 51.756904394558823 ], [ 3.860614780750553, 51.75702061523387 ], [ 3.863205041343216, 51.760913297886482 ], [ 3.864914668644352, 51.758731712335496 ], [ 3.869229340824642, 51.757447471832727 ], [ 3.874287524447981, 51.75489372254841 ], [ 3.874414563459613, 51.753754942183143 ], [ 3.871049979217852, 51.750827233234531 ], [ 3.86476368076078, 51.750936070686713 ], [ 3.862063073039123, 51.752639483448426 ], [ 3.861680763270216, 51.75211397086187 ], [ 3.857421331618183, 51.753164271065295 ], [ 3.856212845025055, 51.752411139252366 ], [ 3.853389445740085, 51.752803932294583 ], [ 3.853111949974344, 51.754473925229476 ], [ 3.852067683762007, 51.75291450444616 ], [ 3.851376804695348, 51.75387983827121 ], [ 3.852141454703288, 51.755116439009853 ], [ 3.850520441603537, 51.755832565970138 ], [ 3.849947164869721, 51.75535331370034 ], [ 3.848896210178202, 51.75576129370377 ], [ 3.848698856405766, 51.756605348062507 ], [ 3.846112268723917, 51.757161943131059 ], [ 3.842477250286677, 51.75630501708531 ], [ 3.839193830420802, 51.758230608976653 ], [ 3.838531395017366, 51.759867158848785 ], [ 3.850521524945968, 51.766430082722898 ], [ 3.859935233530656, 51.770905084309099 ], [ 3.864435318286608, 51.778125449275244 ], [ 3.86549043505555, 51.782193600160468 ], [ 3.865100500755739, 51.785046727227709 ], [ 3.863122524510871, 51.789852687982361 ], [ 3.855392440095293, 51.802509724966804 ], [ 3.854669775416119, 51.805259397721784 ], [ 3.855382255156341, 51.808391422906951 ], [ 3.857439473880786, 51.811539770172473 ], [ 3.859575588837143, 51.813898573609158 ], [ 3.865262356637126, 51.817731663545999 ], [ 3.869330608643748, 51.819603032085389 ], [ 3.877779786109052, 51.821205566014029 ], [ 3.892389709026217, 51.825773831691329 ], [ 3.903611707738159, 51.825941811102439 ], [ 3.909282237837099, 51.826788164085045 ], [ 3.937277340968278, 51.835750516091544 ], [ 3.9480818165348, 51.839697407880188 ], [ 3.950857070803436, 51.838254594489342 ], [ 3.960468591808159, 51.841064064461079 ], [ 3.968768882168249, 51.84256796267529 ], [ 3.984413674407152, 51.844259169084339 ], [ 4.000221457992049, 51.849297902181384 ], [ 4.00888860546323, 51.849927995782551 ], [ 4.012303017289803, 51.849292557922752 ], [ 4.012449863487425, 51.84769000275584 ], [ 4.008507147677802, 51.845466553503329 ], [ 4.008279940547176, 51.842733215912595 ], [ 4.014922255684437, 51.840479892667474 ], [ 4.013732949396088, 51.836530583308516 ], [ 4.019868295452294, 51.832255281915202 ], [ 4.026658671234498, 51.82925993199693 ], [ 4.028432972916826, 51.828992647122746 ], [ 4.031811533395456, 51.831014090316579 ], [ 4.032343512351993, 51.830538065616928 ], [ 4.028518134644025, 51.827335710826759 ], [ 4.036014137036098, 51.823635958970776 ], [ 4.038195063251015, 51.825231683357039 ], [ 4.033075415859423, 51.827917129759022 ], [ 4.03326246449815, 51.829625711143329 ], [ 4.039501391262772, 51.828077017056302 ], [ 4.041657461157081, 51.82833418587019 ], [ 4.043733730729175, 51.829672074753987 ], [ 4.044723528656431, 51.82917896460927 ], [ 4.048596442301823, 51.832055250265128 ], [ 4.054419134687857, 51.836400788769581 ], [ 4.053370380262102, 51.83694214470983 ], [ 4.056318897953095, 51.839151517071919 ], [ 4.061405774506483, 51.841942058667051 ], [ 4.066297938949828, 51.84364378299167 ], [ 4.067459571833728, 51.845423423449063 ], [ 4.067955111368829, 51.849179259717502 ], [ 4.06566445831748, 51.852784659266462 ], [ 4.052368157720194, 51.86636664162878 ], [ 4.037323807589449, 51.879644913839059 ], [ 4.030564888344085, 51.884228814550255 ], [ 4.029378653558065, 51.886373963921905 ], [ 4.029602892520539, 51.889747585541343 ], [ 4.030947530081666, 51.892371792985479 ], [ 4.047597675855536, 51.907778991763806 ], [ 4.050308807884484, 51.907324141077581 ], [ 4.052272066786055, 51.909129973071771 ], [ 4.051779195785503, 51.909429982521246 ], [ 4.0505315577314, 51.909917696493224 ], [ 4.051294285128762, 51.912619595205378 ], [ 4.053275465732048, 51.914509544854461 ], [ 4.052658693642727, 51.91837969864099 ], [ 4.047554887862388, 51.92140884848542 ], [ 4.040137053229322, 51.923907489302508 ], [ 4.029425658364523, 51.920707258923805 ], [ 4.018814371076434, 51.92058895127883 ], [ 4.01621017808731, 51.918814446186687 ], [ 4.009970928062591, 51.918376406016776 ], [ 4.003096841083008, 51.916659251550328 ], [ 3.999063335330182, 51.915131009583277 ], [ 3.993527780788627, 51.915848094271745 ], [ 4.063935341602892, 51.932227117090598 ], [ 4.073716311081518, 51.933628500899104 ], [ 4.08283753682446, 51.93367142864404 ], [ 4.092893892431784, 51.932527941077218 ], [ 4.102002503278962, 51.923530376291282 ], [ 4.102002703544944, 51.92353049084641 ], [ 4.101719639983708, 51.927009279077751 ], [ 4.107723826765164, 51.936141607768711 ] ], [ [ 4.057876198412009, 51.837575094245288 ], [ 4.055428808196955, 51.835908521633442 ], [ 4.054676461416163, 51.836274171516699 ], [ 4.048791239769612, 51.831880097382424 ], [ 4.044977634667181, 51.829054023593095 ], [ 4.045652960394921, 51.828660565664045 ], [ 4.044607639999501, 51.825359893614717 ], [ 4.044914277776297, 51.823220556903074 ], [ 4.046716569131325, 51.821670609677895 ], [ 4.041227352284917, 51.823199201170702 ], [ 4.038689995488166, 51.821213259289223 ], [ 4.04383218692294, 51.818584937091032 ], [ 4.042598298181746, 51.817695672315132 ], [ 4.043688607149377, 51.817076805762881 ], [ 4.049025450383246, 51.821016601778545 ], [ 4.049765126920675, 51.820163366527879 ], [ 4.053257078394455, 51.819705804303872 ], [ 4.053691097941143, 51.819648207092769 ], [ 4.054228987648266, 51.820991771353562 ], [ 4.054491025379584, 51.820981539543375 ], [ 4.056027852179537, 51.818738330647228 ], [ 4.06335979960011, 51.813440664031226 ], [ 4.08373875987705, 51.807084442817072 ], [ 4.093435898577658, 51.804475624597615 ], [ 4.115992634312063, 51.7956316526503 ], [ 4.121040322022767, 51.795420561820983 ], [ 4.122448077596231, 51.794690844326766 ], [ 4.121567008449433, 51.793863660307146 ], [ 4.125313556695672, 51.792843335031229 ], [ 4.129004811300515, 51.791830170951044 ], [ 4.126335438271543, 51.789439736614085 ], [ 4.13136390823378, 51.787856782776664 ], [ 4.133657118299396, 51.790585208532299 ], [ 4.137876102192005, 51.789414015996257 ], [ 4.136013330405833, 51.786701482507063 ], [ 4.140247034245422, 51.785428071306711 ], [ 4.143031233881514, 51.787935979651223 ], [ 4.148955647936864, 51.785852089598997 ], [ 4.164667775980704, 51.779424052666037 ], [ 4.181200691587414, 51.775578247513792 ], [ 4.187552063341047, 51.775512659781533 ], [ 4.191718761231766, 51.773840824517599 ], [ 4.19011206260261, 51.772986025205682 ], [ 4.19081658714433, 51.772613493919799 ], [ 4.192163706648068, 51.773219394061655 ], [ 4.193383064205842, 51.77446603776648 ], [ 4.193504108338713, 51.774134910427428 ], [ 4.193146826151514, 51.773039598326086 ], [ 4.19397993673343, 51.771619388157504 ], [ 4.216972804342559, 51.757054436599752 ], [ 4.217747371884774, 51.757224096068931 ], [ 4.21906593367859, 51.756624591486094 ], [ 4.228144666816539, 51.75146946584087 ], [ 4.242602920525987, 51.745218027966395 ], [ 4.244656177448591, 51.743982209294963 ], [ 4.243168908329224, 51.742786569158781 ], [ 4.245178546838225, 51.741746402275808 ], [ 4.246002152074211, 51.742053899858767 ], [ 4.246304983107398, 51.741930421067352 ], [ 4.245144619923691, 51.741032812791119 ], [ 4.245213148350595, 51.740954149820176 ], [ 4.244904876699209, 51.740741158660626 ], [ 4.244803147935631, 51.740778421646624 ], [ 4.244177655058317, 51.740348329028492 ], [ 4.243464315902188, 51.740489746055395 ], [ 4.243235031953207, 51.740420902774531 ], [ 4.243412033426132, 51.740156751741246 ], [ 4.244014111120618, 51.740148137945162 ], [ 4.24416246559642, 51.739625445346235 ], [ 4.244395459660692, 51.73968540571132 ], [ 4.244373138344716, 51.740101160360496 ], [ 4.245008911425355, 51.740534750962397 ], [ 4.245012163639806, 51.740685126341774 ], [ 4.245300702601451, 51.74090023699577 ], [ 4.245452275227488, 51.740898915291048 ], [ 4.246574919487485, 51.741715439337341 ], [ 4.246752610938588, 51.741016293250603 ], [ 4.260276508235014, 51.730168737712404 ], [ 4.262834129934871, 51.727539757193135 ], [ 4.271732314810657, 51.72313682638606 ], [ 4.279715846414391, 51.720809746746177 ], [ 4.280123171447954, 51.721249791749536 ], [ 4.281735977150058, 51.72096291875075 ], [ 4.279708171827485, 51.718942684037721 ], [ 4.280529580280435, 51.718236926885737 ], [ 4.281334632831277, 51.719836768995812 ], [ 4.282611681828513, 51.720435824063443 ], [ 4.288396367497999, 51.718288018141777 ], [ 4.295008046856274, 51.717661446752842 ], [ 4.298578132001538, 51.71678453275215 ], [ 4.318763418528237, 51.705872066146661 ], [ 4.329449739385754, 51.702624369748939 ], [ 4.341216661168911, 51.702942383549875 ], [ 4.351590243937197, 51.702102721601925 ], [ 4.365584731067856, 51.703102544735124 ], [ 4.383713265061939, 51.702089258711069 ], [ 4.386751225862344, 51.702569275869678 ], [ 4.389712166372011, 51.704642217616019 ], [ 4.391065975024459, 51.70431036340063 ], [ 4.393897326017025, 51.706451688426014 ], [ 4.395749414301903, 51.709401495759941 ], [ 4.39438920104342, 51.710293816059682 ], [ 4.394801313399592, 51.710969774256007 ], [ 4.397134665037171, 51.710722759883502 ], [ 4.397899164025632, 51.711413086901246 ], [ 4.403309650922149, 51.720108058192871 ], [ 4.400005874667966, 51.721604534834491 ], [ 4.402915837553908, 51.721385162197677 ], [ 4.404230389860321, 51.723328480195313 ], [ 4.400715321252812, 51.724946334007164 ], [ 4.384466674752804, 51.730594210402991 ], [ 4.383594947017271, 51.731755138331593 ], [ 4.372841033969936, 51.734647116593031 ], [ 4.349498755377211, 51.74333175144158 ], [ 4.317199436560089, 51.751851158443451 ], [ 4.317615566690909, 51.754412372902856 ], [ 4.316836560562426, 51.752139058659012 ], [ 4.293067184190538, 51.756857654830249 ], [ 4.290243022142983, 51.757589570067218 ], [ 4.290432736955056, 51.757729730991734 ], [ 4.295905198409158, 51.756580815551601 ], [ 4.2963560194151, 51.757356683932741 ], [ 4.290105482435687, 51.758558820367021 ], [ 4.282220351276057, 51.758702753479142 ], [ 4.27169731444322, 51.760327644872731 ], [ 4.25729274440868, 51.764228418268551 ], [ 4.248950224869959, 51.765829529470345 ], [ 4.246080473044113, 51.767651171912654 ], [ 4.240671028158443, 51.770948971859724 ], [ 4.236035984484909, 51.775564988916571 ], [ 4.230888941295047, 51.779212727866955 ], [ 4.230411516658013, 51.780418385791307 ], [ 4.232244010047961, 51.781721403985564 ], [ 4.237324691516505, 51.779858671750127 ], [ 4.250416919815168, 51.784078558896788 ], [ 4.246628033462405, 51.785339325630581 ], [ 4.239869244553156, 51.785368206761156 ], [ 4.230053659188036, 51.788045951797798 ], [ 4.221891260688386, 51.794372667529466 ], [ 4.221746330226765, 51.796271467937686 ], [ 4.217583348506716, 51.796733149018806 ], [ 4.211629810672548, 51.800131473442107 ], [ 4.204331816771499, 51.801571730007943 ], [ 4.20110292294673, 51.80319584322649 ], [ 4.194242577208186, 51.804304849612578 ], [ 4.183605352263788, 51.804346107276679 ], [ 4.181975237924131, 51.804941216494427 ], [ 4.166466107564539, 51.817537450196653 ], [ 4.162847270666795, 51.81942402946504 ], [ 4.159883960960306, 51.820012677425893 ], [ 4.15891766258193, 51.821143115294866 ], [ 4.15859669527603, 51.821826014601072 ], [ 4.156281260439945, 51.822506998361966 ], [ 4.147367402849806, 51.821541344429605 ], [ 4.143042503110874, 51.822850807681114 ], [ 4.1399872741707, 51.822593153321797 ], [ 4.138301730300927, 51.82108268705052 ], [ 4.138786591134171, 51.819949513692002 ], [ 4.136962700235203, 51.820096752288528 ], [ 4.136610271294919, 51.820399238456119 ], [ 4.131443243756588, 51.819661371435387 ], [ 4.128881970209377, 51.819832545371682 ], [ 4.128609705204438, 51.819245840647525 ], [ 4.128325837102463, 51.81922559189443 ], [ 4.128607276857024, 51.820833242845474 ], [ 4.128729565707407, 51.822995700693191 ], [ 4.129031081682854, 51.823088521091144 ], [ 4.130072493715318, 51.827621073849663 ], [ 4.130321387776331, 51.82859557152527 ], [ 4.129958244940832, 51.828630792449879 ], [ 4.129313092423359, 51.828497841467701 ], [ 4.129385918658127, 51.828377624394236 ], [ 4.129325911852342, 51.82836085177123 ], [ 4.128438602535911, 51.829642799622775 ], [ 4.128112035909129, 51.82953492466121 ], [ 4.129035943930879, 51.828278813059754 ], [ 4.128261897611803, 51.827255541381668 ], [ 4.127983403341984, 51.826134715306935 ], [ 4.128598062028204, 51.824456943825119 ], [ 4.128310884335604, 51.822589757022953 ], [ 4.128086473744079, 51.820844668975475 ], [ 4.127849748599024, 51.819319024091662 ], [ 4.127666130921542, 51.819322794795717 ], [ 4.127562090408056, 51.819697804709115 ], [ 4.126931560805956, 51.819889750236321 ], [ 4.126999171356639, 51.819948985908283 ], [ 4.127358323082869, 51.819835149994752 ], [ 4.127509232133519, 51.820310420796417 ], [ 4.127222464212486, 51.820552793946156 ], [ 4.126181778167608, 51.820781359805068 ], [ 4.12534916671577, 51.820606226042429 ], [ 4.125187485135001, 51.820650377712646 ], [ 4.125562898406772, 51.820844344118228 ], [ 4.125136326520545, 51.821411503671037 ], [ 4.12416204286926, 51.821705924017195 ], [ 4.122717920195282, 51.821595516566106 ], [ 4.122576637532593, 51.820806452681815 ], [ 4.121380645112126, 51.820339506646739 ], [ 4.121247619908067, 51.820446361314296 ], [ 4.121558907357246, 51.820606353355124 ], [ 4.122172105675585, 51.821943032223736 ], [ 4.121284124049487, 51.822198023278915 ], [ 4.121253010270258, 51.822311568661824 ], [ 4.121934532108638, 51.822296833058722 ], [ 4.122768702665002, 51.823993362790866 ], [ 4.122654114988239, 51.824017923788411 ], [ 4.122850009664168, 51.824453855555213 ], [ 4.123003521035812, 51.824427184986995 ], [ 4.123568917813436, 51.825676176455033 ], [ 4.121878368523591, 51.825974546328354 ], [ 4.122229597228602, 51.826802442184153 ], [ 4.121568075276498, 51.826928439633576 ], [ 4.121369886977018, 51.826557071933621 ], [ 4.11983977506357, 51.826628473237655 ], [ 4.117604725008974, 51.821777701877984 ], [ 4.119583891123216, 51.820817888712263 ], [ 4.119421286688928, 51.820624780212491 ], [ 4.116548178570961, 51.821650946809015 ], [ 4.117436399455715, 51.825224132729346 ], [ 4.115489779521052, 51.826858784689769 ], [ 4.113113897672855, 51.827454660101893 ], [ 4.102907731950634, 51.828293353556525 ], [ 4.103045383579451, 51.827081002060801 ], [ 4.094248602927761, 51.829034728209287 ], [ 4.073784114950628, 51.842561363363707 ], [ 4.071892352987414, 51.842560761305862 ], [ 4.057876198412009, 51.837575094245288 ] ] ] ] } },
{ "type": "Feature", "properties": { "fid": 28, "ck_zk": "ZK30", "jrstatcode": "2025ZK30", "statnaam": "Zuidoost-Brabant", "rubriek": "zorgkantoorregio", "id": 28 }, "geometry": { "type": "MultiPolygon", "coordinates": [ [ [ [ 5.78834239990127, 51.594191261204543 ], [ 5.800586009598337, 51.578621772437423 ], [ 5.809580725511416, 51.574081129481947 ], [ 5.820216135396957, 51.568673685910518 ], [ 5.822785417199333, 51.568291351174693 ], [ 5.83823846425486, 51.566414616134992 ], [ 5.847686043728228, 51.525295242008859 ], [ 5.851018875655202, 51.510844068512661 ], [ 5.852573702735848, 51.50414442468248 ], [ 5.860696879236037, 51.49200652587578 ], [ 5.871695195927734, 51.450111965296045 ], [ 5.874965893378916, 51.446557721958577 ], [ 5.876591361997421, 51.444815805807664 ], [ 5.878737190596868, 51.442513282060197 ], [ 5.879916698507603, 51.44124748034632 ], [ 5.902907706993534, 51.416614971899321 ], [ 5.920002128435333, 51.397890143499801 ], [ 5.931287515808569, 51.384752676548686 ], [ 5.922450013010949, 51.379841888503897 ], [ 5.895778516839156, 51.365010445939923 ], [ 5.89527331567058, 51.364729312503236 ], [ 5.879440738913769, 51.355944382035226 ], [ 5.873531287067798, 51.35312764885068 ], [ 5.870359565007229, 51.352534966026532 ], [ 5.858466686004235, 51.350294748627327 ], [ 5.840193687883534, 51.346877063742774 ], [ 5.788251545437134, 51.337182550267272 ], [ 5.771061016896435, 51.333920917925404 ], [ 5.770448612871386, 51.333804588777625 ], [ 5.760092766843139, 51.331837902935575 ], [ 5.747064213848794, 51.329362482440914 ], [ 5.741052935506392, 51.32821478635735 ], [ 5.714363058712963, 51.323147371074491 ], [ 5.701730171613075, 51.320743654054674 ], [ 5.672110782048025, 51.315094012914564 ], [ 5.651876135387297, 51.297741651336217 ], [ 5.643996708349969, 51.290575489781972 ], [ 5.625972195056806, 51.273601601407861 ], [ 5.623480582311873, 51.249108782493948 ], [ 5.623467374666471, 51.248997916418851 ], [ 5.618781562639911, 51.229425278633393 ], [ 5.602195613602266, 51.225856021186338 ], [ 5.594414375191799, 51.22418039344111 ], [ 5.594320582981395, 51.226073689881481 ], [ 5.566045273703402, 51.220909406903353 ], [ 5.56045060221523, 51.222327326827113 ], [ 5.55617266125076, 51.240337114882436 ], [ 5.554866377183425, 51.244497294579169 ], [ 5.556603701901009, 51.250850594534107 ], [ 5.555985927179716, 51.254389510944989 ], [ 5.557370764917117, 51.257182469786585 ], [ 5.556637554941932, 51.257475535886606 ], [ 5.55676911015378, 51.260060250751764 ], [ 5.557305434535562, 51.260052326395311 ], [ 5.557930545473921, 51.262463838070317 ], [ 5.556695160293661, 51.263127660088188 ], [ 5.557177227234113, 51.264299224926276 ], [ 5.556214752810571, 51.266643975629883 ], [ 5.544588847408937, 51.271187940603724 ], [ 5.528685310090584, 51.281756554752143 ], [ 5.519006320844762, 51.289475252381813 ], [ 5.51578058270536, 51.295199053749116 ], [ 5.515773885506556, 51.295202506545017 ], [ 5.484859326308681, 51.299999944389477 ], [ 5.483016497546417, 51.300164678023371 ], [ 5.474232021957571, 51.290214528458129 ], [ 5.464836219342427, 51.28456533167676 ], [ 5.441781537442904, 51.282105870071312 ], [ 5.440610065641631, 51.278586879008536 ], [ 5.438371270891573, 51.276026192857714 ], [ 5.433297705097176, 51.276333155855085 ], [ 5.41741151905494, 51.262285729851733 ], [ 5.395944780809271, 51.266971622669615 ], [ 5.346140319603697, 51.275764387767182 ], [ 5.34574799396461, 51.272203984400015 ], [ 5.344159537388157, 51.270198198946652 ], [ 5.342610552724319, 51.265754926189672 ], [ 5.339394265751159, 51.264062509279107 ], [ 5.336475588483227, 51.263067211036287 ], [ 5.315137028383831, 51.263455259090662 ], [ 5.296153755205995, 51.261481623551653 ], [ 5.263119764654163, 51.266801780479895 ], [ 5.237914201546757, 51.261353148627208 ], [ 5.225971942754497, 51.268259749631135 ], [ 5.242192615593963, 51.30521857745368 ], [ 5.24111849526878, 51.305665010828442 ], [ 5.200255056280694, 51.322661215569077 ], [ 5.196564729667111, 51.320359240560691 ], [ 5.190556258085938, 51.32007015675763 ], [ 5.17306275542151, 51.315771642231319 ], [ 5.162639768158138, 51.310316605357023 ], [ 5.13435325286528, 51.315500456073742 ], [ 5.131710903116715, 51.346774510308407 ], [ 5.126282557599567, 51.350228399920091 ], [ 5.119401773262539, 51.355639665542846 ], [ 5.116570383384476, 51.361118002014791 ], [ 5.071181694993063, 51.393487467838987 ], [ 5.095456428843444, 51.422500672820988 ], [ 5.102020556081373, 51.428922728159904 ], [ 5.119459113293277, 51.428274835261256 ], [ 5.152499813517961, 51.428968547501306 ], [ 5.153211529927523, 51.42835432142062 ], [ 5.157948249789555, 51.428830855332336 ], [ 5.158553217017335, 51.432174251723502 ], [ 5.170765628103259, 51.429733081737851 ], [ 5.173458333740277, 51.428240218857916 ], [ 5.178153519849224, 51.430261023691109 ], [ 5.184980787731371, 51.428764026258335 ], [ 5.190182475330537, 51.430112399961736 ], [ 5.191020000434413, 51.430215823227798 ], [ 5.191024878796082, 51.430224999903686 ], [ 5.209730271545729, 51.465613070209379 ], [ 5.220434967595474, 51.472879519666243 ], [ 5.223120499807424, 51.481573804441801 ], [ 5.225256122971551, 51.488374333712308 ], [ 5.226155181981597, 51.489110829808936 ], [ 5.229966910311983, 51.489726772837713 ], [ 5.230606150705935, 51.490938664315784 ], [ 5.228443943797803, 51.498700006010743 ], [ 5.24711077022892, 51.498878571530895 ], [ 5.247892068148485, 51.506336084282545 ], [ 5.250969140822626, 51.506209015269576 ], [ 5.250076280074796, 51.508000936754371 ], [ 5.251249803467959, 51.509630849172552 ], [ 5.235942579833295, 51.513909593887028 ], [ 5.232363168140222, 51.508919787051745 ], [ 5.226534156198319, 51.507473665425756 ], [ 5.224434789579901, 51.517148451125891 ], [ 5.23084374524312, 51.520937334956741 ], [ 5.234791330666956, 51.530994368127338 ], [ 5.244006819973303, 51.525750630545815 ], [ 5.249495459536528, 51.531635634551613 ], [ 5.253330656500998, 51.540332681774025 ], [ 5.261305004512312, 51.540687633161504 ], [ 5.269862124501103, 51.546209158141359 ], [ 5.276884477843458, 51.544863184375579 ], [ 5.277487363810235, 51.548736720748352 ], [ 5.271932644159918, 51.54980699471033 ], [ 5.273270948237091, 51.552820793855645 ], [ 5.298993751411897, 51.547848798789751 ], [ 5.308395626189729, 51.545979832035776 ], [ 5.324943136863709, 51.551208370661826 ], [ 5.333135885658849, 51.551108364031322 ], [ 5.337193398382031, 51.546402723137355 ], [ 5.343931944375863, 51.54447086559005 ], [ 5.350846246038111, 51.544235723681638 ], [ 5.356910779416933, 51.544716573592098 ], [ 5.365170911839069, 51.545003026698026 ], [ 5.36852003914678, 51.543523190343024 ], [ 5.382674972278291, 51.543728446905781 ], [ 5.388166034881616, 51.544332332787363 ], [ 5.40423333534287, 51.548291669653807 ], [ 5.405360289030632, 51.548353268089983 ], [ 5.410935744501103, 51.54226908446843 ], [ 5.412045088306289, 51.542699937128774 ], [ 5.414583390895463, 51.540621540703462 ], [ 5.416343266651474, 51.540389404075185 ], [ 5.420303506887189, 51.538565174079793 ], [ 5.422158155797316, 51.536910744060151 ], [ 5.422977942821118, 51.533940664707309 ], [ 5.423842807511351, 51.534055099195804 ], [ 5.429834783780996, 51.534970139544967 ], [ 5.431572648864797, 51.53334689160662 ], [ 5.434424361682381, 51.534328054934775 ], [ 5.437412300973904, 51.533972806019868 ], [ 5.457009874674745, 51.538011740467539 ], [ 5.468283847222851, 51.540646795118136 ], [ 5.482749516757661, 51.541571135998801 ], [ 5.487145717790996, 51.541848370654783 ], [ 5.487944593958292, 51.541362621684968 ], [ 5.488815413741941, 51.533285212956777 ], [ 5.493449072240688, 51.526685553696694 ], [ 5.494253692437788, 51.527206374153536 ], [ 5.496452520420048, 51.527048715185643 ], [ 5.498271528741384, 51.52852964457805 ], [ 5.501898241891133, 51.527437135547913 ], [ 5.501858418684686, 51.526726866219647 ], [ 5.50257155912085, 51.527293174826994 ], [ 5.503725146865265, 51.526496453545434 ], [ 5.503342825601314, 51.525789177928708 ], [ 5.499923882317765, 51.525203542986503 ], [ 5.500108861965664, 51.521377103001512 ], [ 5.505453341388338, 51.521667279659226 ], [ 5.506564941943957, 51.52303670730879 ], [ 5.508341081680088, 51.523827718685588 ], [ 5.508931407757442, 51.522687030864255 ], [ 5.51303045482648, 51.524296374832282 ], [ 5.514551348098417, 51.523249103687419 ], [ 5.519781761859638, 51.522464713586047 ], [ 5.521064775352412, 51.522902441283712 ], [ 5.521603313183823, 51.522448583652441 ], [ 5.522613573418311, 51.523430817089086 ], [ 5.525047826071297, 51.521869004292157 ], [ 5.530863591734274, 51.525048675319766 ], [ 5.547437344072707, 51.53773203260991 ], [ 5.543042784155194, 51.540000690526483 ], [ 5.545207344740525, 51.54168695904746 ], [ 5.537947252783092, 51.55131873916396 ], [ 5.533083050327249, 51.557803641870393 ], [ 5.545239651813644, 51.558096407254183 ], [ 5.5553372244439, 51.558524631338358 ], [ 5.584340985611722, 51.562731391317882 ], [ 5.607416138837899, 51.559693023129604 ], [ 5.614225132454341, 51.554604721351382 ], [ 5.618192415511262, 51.555841531035455 ], [ 5.619234008827287, 51.553996077119031 ], [ 5.621795352719483, 51.553268543232484 ], [ 5.625670014311785, 51.555099320918117 ], [ 5.640335143880971, 51.564418255153157 ], [ 5.652485789161545, 51.56967852338115 ], [ 5.654379974627852, 51.571255143453214 ], [ 5.656094470206154, 51.573678019922603 ], [ 5.656486087752632, 51.574268743305119 ], [ 5.656517496308913, 51.574794841071856 ], [ 5.6542438402921, 51.576400521605308 ], [ 5.652673049796828, 51.578317186932949 ], [ 5.65135725139028, 51.582360196537209 ], [ 5.658053963960359, 51.583151369082721 ], [ 5.660201953845103, 51.582977932314158 ], [ 5.685529466159073, 51.583736232513893 ], [ 5.687102538532955, 51.583806709885231 ], [ 5.699385896218431, 51.58411653453674 ], [ 5.706138282410856, 51.587086774693226 ], [ 5.709050945120604, 51.585552325795881 ], [ 5.709788213285681, 51.585835754167299 ], [ 5.709393237320106, 51.586258545872894 ], [ 5.709972702067733, 51.586348268707262 ], [ 5.729478996775775, 51.589811526995142 ], [ 5.732620655418486, 51.590375334304547 ], [ 5.75861458742041, 51.593946506959611 ], [ 5.786678405436075, 51.598208266926086 ], [ 5.78834239990127, 51.594191261204543 ] ] ] ] } },
{ "type": "Feature", "properties": { "fid": 29, "ck_zk": "ZK31", "jrstatcode": "2025ZK31", "statnaam": "Zuid-Limburg", "rubriek": "zorgkantoorregio", "id": 29 }, "geometry": { "type": "MultiPolygon", "coordinates": [ [ [ [ 5.823677810494795, 51.066731571328887 ], [ 5.826772487358631, 51.055868523069009 ], [ 5.827253150516897, 51.047558180862211 ], [ 5.835275412631054, 51.048929552640807 ], [ 5.838152336044667, 51.046614971550511 ], [ 5.841284892458344, 51.045716356276507 ], [ 5.842390400668215, 51.04645542178578 ], [ 5.844230492275836, 51.045721904902557 ], [ 5.848580504006499, 51.046282894916729 ], [ 5.852740588618714, 51.03812321291791 ], [ 5.84911693763384, 51.036537744618663 ], [ 5.851080820821213, 51.032398300642939 ], [ 5.852614134032044, 51.029318094874149 ], [ 5.856735703556566, 51.028537149237593 ], [ 5.865313831485554, 51.029168332588597 ], [ 5.877000416848277, 51.032041790734695 ], [ 5.874606611399821, 51.029179702918675 ], [ 5.876659259873079, 51.023846270452687 ], [ 5.878895572231023, 51.020643764450938 ], [ 5.878661051179352, 51.018208749609457 ], [ 5.881845451382318, 51.015372751878544 ], [ 5.884261644818991, 51.013381579497242 ], [ 5.885445741543134, 51.013816017123546 ], [ 5.88834399340522, 51.013472339476493 ], [ 5.895739565120926, 51.011019064093851 ], [ 5.895482668649266, 51.004714369505805 ], [ 5.900588125281005, 51.003319994480108 ], [ 5.905517416588451, 51.002171963073927 ], [ 5.90365022856273, 50.987148191036901 ], [ 5.895723355276165, 50.9813741814907 ], [ 5.893802312138591, 50.981097048464029 ], [ 5.892761956627734, 50.980210021944991 ], [ 5.896796749566599, 50.976486149428013 ], [ 5.897085535000427, 50.97486501722193 ], [ 5.904828404136133, 50.974565314544961 ], [ 5.915590268503003, 50.977824557416376 ], [ 5.919655718328638, 50.97819317333974 ], [ 5.927723290867631, 50.982320759884523 ], [ 5.933886362533179, 50.985353202321811 ], [ 5.950134400504628, 50.9872071970278 ], [ 5.955184997763152, 50.988416998176206 ], [ 5.957392227155256, 50.985005263886706 ], [ 5.966325829569703, 50.979769444076375 ], [ 5.968046168662123, 50.979379786246177 ], [ 5.971318470277559, 50.979996659316491 ], [ 5.981357148168922, 50.983217265901047 ], [ 5.984222161601465, 50.982114586702451 ], [ 6.017363443017619, 50.983401723741736 ], [ 6.018700495523902, 50.983818543956609 ], [ 6.026511759099017, 50.983272030098142 ], [ 6.026802266195734, 50.981309389080074 ], [ 6.021163117748618, 50.9710029252834 ], [ 6.015206976837701, 50.962364390938454 ], [ 6.013000394354167, 50.960397765019636 ], [ 6.009080732685546, 50.95948473563957 ], [ 6.006053520461303, 50.957535399654581 ], [ 6.005198416377907, 50.956776553655388 ], [ 6.016852845429342, 50.952642638998981 ], [ 6.015078570825327, 50.947882882567413 ], [ 6.015851822025866, 50.944624210194412 ], [ 6.018201659382992, 50.934701396419214 ], [ 6.038439024789211, 50.930890410136946 ], [ 6.044150932095982, 50.92944810550663 ], [ 6.045582163376466, 50.928080111388518 ], [ 6.050870797216333, 50.929905423126883 ], [ 6.056160447529503, 50.927152548627156 ], [ 6.055723602559786, 50.926148288249379 ], [ 6.05402276552292, 50.922247339614863 ], [ 6.061818166559894, 50.921236466251131 ], [ 6.062966573365747, 50.922035004890809 ], [ 6.068184214590992, 50.920653005584583 ], [ 6.071774980624441, 50.923133294210061 ], [ 6.075256983057471, 50.922753611730698 ], [ 6.082127449099296, 50.921541168817456 ], [ 6.089435919349353, 50.918525211098455 ], [ 6.090161437500055, 50.919571538476696 ], [ 6.093725966293757, 50.921230697514311 ], [ 6.094148939738207, 50.920702253648393 ], [ 6.092146571461637, 50.917511932129585 ], [ 6.088933288737968, 50.915924846183614 ], [ 6.086741758633166, 50.913906136959014 ], [ 6.086036397327144, 50.912018470479808 ], [ 6.081528454991554, 50.909406150511948 ], [ 6.079813306573712, 50.905770287813041 ], [ 6.079909328358936, 50.90291676542234 ], [ 6.07803321040038, 50.900296328082959 ], [ 6.076548275931144, 50.894630459067038 ], [ 6.075181650452115, 50.892952652934568 ], [ 6.075615097165456, 50.892532089537482 ], [ 6.076240282340387, 50.89147276736886 ], [ 6.075418426971544, 50.890519139296366 ], [ 6.076384573679054, 50.888955934593007 ], [ 6.077592088020234, 50.887522323627834 ], [ 6.078004434038141, 50.888037127858105 ], [ 6.079338278508422, 50.886718397018356 ], [ 6.078341322279695, 50.884868999617112 ], [ 6.079640769252529, 50.883678870168147 ], [ 6.079636918944678, 50.882230414908598 ], [ 6.080314472972111, 50.882699351589274 ], [ 6.081325610511758, 50.882163580640771 ], [ 6.082609130664192, 50.88247517079364 ], [ 6.082298711426517, 50.881634204850876 ], [ 6.086333415020782, 50.879876624660234 ], [ 6.087208165406129, 50.87847388524078 ], [ 6.085073701826518, 50.876368414335317 ], [ 6.088102299837591, 50.87242694962179 ], [ 6.086269923179213, 50.871571679219713 ], [ 6.086642871879324, 50.869606120369966 ], [ 6.084763725357315, 50.866790553428771 ], [ 6.083396496844563, 50.864837331288214 ], [ 6.08102702929298, 50.864544372532791 ], [ 6.081040481072254, 50.86256395876336 ], [ 6.077473954947183, 50.860959582224311 ], [ 6.077019238511507, 50.859667673562406 ], [ 6.076089633982068, 50.855627012517544 ], [ 6.074170890527499, 50.846537869827991 ], [ 6.06334054566734, 50.850218588338755 ], [ 6.056698756468551, 50.851052763918922 ], [ 6.056978442128551, 50.852795521804055 ], [ 6.05711694003058, 50.855475227667377 ], [ 6.056080668011045, 50.857215620690511 ], [ 6.056023112475961, 50.857218182936052 ], [ 6.053937448891682, 50.856930512724382 ], [ 6.052263609204856, 50.855582468650979 ], [ 6.050303302534934, 50.855057434423742 ], [ 6.050081803668656, 50.854224568005485 ], [ 6.045082491799, 50.852390994978911 ], [ 6.044478523935412, 50.852704210019581 ], [ 6.042141319769196, 50.851236506532388 ], [ 6.034281487965716, 50.850575058474298 ], [ 6.027839215107832, 50.847630202040932 ], [ 6.026032652728643, 50.847237591180878 ], [ 6.025647386459013, 50.847721961826572 ], [ 6.021990009097314, 50.846384359602446 ], [ 6.018945629379024, 50.846255640467916 ], [ 6.017958894398237, 50.843805467939873 ], [ 6.015942454205596, 50.838796224607719 ], [ 6.01843449519887, 50.837303771727825 ], [ 6.01743926184767, 50.835692711513076 ], [ 6.016315604474593, 50.833883748315429 ], [ 6.018676889776504, 50.829766252323125 ], [ 6.025270176428311, 50.827821223491462 ], [ 6.022744390371083, 50.826605761212029 ], [ 6.024432687116665, 50.822765847082671 ], [ 6.026379346848459, 50.820122038181999 ], [ 6.023722864370789, 50.818403174061125 ], [ 6.022101285606848, 50.816810076754649 ], [ 6.024489380346307, 50.815923738875597 ], [ 6.023528750470038, 50.814649899204369 ], [ 6.024758235028063, 50.813888495278917 ], [ 6.016500423069052, 50.80978026960188 ], [ 6.009994566129288, 50.803988540594609 ], [ 6.003692640040034, 50.801471549565512 ], [ 5.991384883689422, 50.808044770645978 ], [ 5.984989495531848, 50.810449861017965 ], [ 5.983518167118582, 50.809729698090017 ], [ 5.981369340815976, 50.808594972954104 ], [ 5.98017338840121, 50.807118837544849 ], [ 5.980200153966159, 50.805794715890841 ], [ 5.978700687412878, 50.804670333265186 ], [ 5.977897651271873, 50.80506114722936 ], [ 5.976680869565, 50.803369977267522 ], [ 5.975741810433262, 50.80235272071215 ], [ 5.974916248260983, 50.798013990155333 ], [ 5.97721416619311, 50.79668845864439 ], [ 5.979153747528865, 50.796314077844407 ], [ 5.979883724465052, 50.795201771258689 ], [ 5.983510821879388, 50.794863146571906 ], [ 5.985008164304888, 50.794826942331213 ], [ 5.98577492410943, 50.793843363281034 ], [ 5.988269446279262, 50.7940498298126 ], [ 5.995869977614526, 50.790070396957788 ], [ 5.995810574786041, 50.787459181191799 ], [ 5.997455783562987, 50.786566345019729 ], [ 5.998509264826562, 50.786982859762773 ], [ 6.000729125349809, 50.785220123683303 ], [ 6.00215943323215, 50.784175094066292 ], [ 6.005531815058744, 50.783357644334671 ], [ 6.006556864687115, 50.781915488994223 ], [ 6.010039495917082, 50.780429991997245 ], [ 6.017412919751983, 50.778561388347548 ], [ 6.017610734967227, 50.778029545357072 ], [ 6.020210019253423, 50.77710146173586 ], [ 6.020333418482414, 50.776488177197336 ], [ 6.026081635711194, 50.775538437199195 ], [ 6.027865036746464, 50.773833476602597 ], [ 6.018361147689865, 50.763356810482819 ], [ 6.020989249646663, 50.754294749361954 ], [ 6.01735153817138, 50.755014356330179 ], [ 6.013965092898212, 50.755055553910672 ], [ 6.004310970310076, 50.753788559410097 ], [ 6.002558827949834, 50.754114198258776 ], [ 5.999277802179559, 50.753025882797019 ], [ 5.997914875863684, 50.75365674796771 ], [ 5.996532344009862, 50.753805619116683 ], [ 5.993371788347656, 50.752759980039379 ], [ 5.984522812311359, 50.75339656504574 ], [ 5.983190379413124, 50.752819844607252 ], [ 5.979335253789348, 50.754632376131497 ], [ 5.976495375111721, 50.754353050624353 ], [ 5.97414689871209, 50.755226830067031 ], [ 5.975118178901989, 50.757888502227537 ], [ 5.972608408664152, 50.759720049087271 ], [ 5.969205217151777, 50.760601347273983 ], [ 5.96096410740112, 50.761538417010087 ], [ 5.960663360878734, 50.762475192843567 ], [ 5.959007546676743, 50.762366828153482 ], [ 5.953582743695073, 50.7601414643078 ], [ 5.951706498950279, 50.760548369038283 ], [ 5.946492702596752, 50.759818450908917 ], [ 5.944083024038816, 50.7584269288744 ], [ 5.938969377523661, 50.757938773118568 ], [ 5.935757628041358, 50.756979438016792 ], [ 5.933184200795051, 50.756553868724481 ], [ 5.931105260188965, 50.756942178748922 ], [ 5.921450183871683, 50.751357468209591 ], [ 5.91622058647367, 50.750450474538553 ], [ 5.915080951755227, 50.750367492863433 ], [ 5.915382633249643, 50.75472018444767 ], [ 5.913980582749509, 50.754324238820587 ], [ 5.913703493843996, 50.755747736119169 ], [ 5.910750193245039, 50.755238292794715 ], [ 5.909009803080415, 50.754218786752674 ], [ 5.908211432447598, 50.755693444281427 ], [ 5.907068065111422, 50.755114922909662 ], [ 5.905845401772549, 50.755502235150814 ], [ 5.904850078387978, 50.755223822149645 ], [ 5.90300551269026, 50.753711751067875 ], [ 5.903526376477902, 50.75345455129618 ], [ 5.901630042160776, 50.751400516111026 ], [ 5.901023132480363, 50.751494303767672 ], [ 5.889738335998163, 50.756327718851381 ], [ 5.889188377991288, 50.757548016256678 ], [ 5.890215419219063, 50.760131177389574 ], [ 5.889672101203892, 50.764221151792036 ], [ 5.886664496164183, 50.769816859414263 ], [ 5.886228145823496, 50.770046935500716 ], [ 5.876228062772686, 50.765616265640311 ], [ 5.870620326533788, 50.764915538775838 ], [ 5.863453990135316, 50.763508687264483 ], [ 5.85994969345939, 50.761830089745345 ], [ 5.852296672538804, 50.757216743691608 ], [ 5.848919977184348, 50.753407783898638 ], [ 5.846171683099386, 50.761671505421283 ], [ 5.845037578186922, 50.765370852892389 ], [ 5.843250596900293, 50.764882291302179 ], [ 5.837707690897821, 50.763135897180724 ], [ 5.830677482012923, 50.758539194857264 ], [ 5.822710970513351, 50.758824017865116 ], [ 5.814416774308468, 50.756163139182732 ], [ 5.808789997358301, 50.755928202369425 ], [ 5.807329123459491, 50.756175670271773 ], [ 5.79322954753435, 50.770191226406595 ], [ 5.788289687753766, 50.768013437447657 ], [ 5.784502587897476, 50.767169222000994 ], [ 5.77971483646604, 50.774309280496638 ], [ 5.776944025615156, 50.782674544516269 ], [ 5.777367099889505, 50.782955485816309 ], [ 5.773575122037204, 50.78324520036152 ], [ 5.765810913440081, 50.782545915313207 ], [ 5.759562941024118, 50.777956651617146 ], [ 5.758826357860481, 50.77820059958681 ], [ 5.755776443088637, 50.775019053744749 ], [ 5.754557928849878, 50.775189383384308 ], [ 5.750415180759524, 50.772193433295399 ], [ 5.747088617759539, 50.770484920887149 ], [ 5.744088202837706, 50.767758490885768 ], [ 5.740554844532579, 50.76306685581978 ], [ 5.741437344622796, 50.762285773259549 ], [ 5.740459512844378, 50.761449052484522 ], [ 5.741571598900324, 50.761162037547152 ], [ 5.73917895341888, 50.757073828701991 ], [ 5.730387573518147, 50.75741603506733 ], [ 5.730221642954519, 50.758273278988121 ], [ 5.726403959430593, 50.759414904451404 ], [ 5.724012250482545, 50.760905898022294 ], [ 5.724619546912324, 50.761439758643377 ], [ 5.722317617302125, 50.762781626698789 ], [ 5.722782312115838, 50.763133087505381 ], [ 5.722024025940898, 50.763494284656161 ], [ 5.722842009336212, 50.763776413967214 ], [ 5.722153581694186, 50.764114792960257 ], [ 5.720266494470762, 50.764715105893025 ], [ 5.715632849130325, 50.759878075597783 ], [ 5.713561280938028, 50.760151934838255 ], [ 5.713668416702196, 50.760683652382411 ], [ 5.712292585194117, 50.760960570584245 ], [ 5.712157023598673, 50.760479772507438 ], [ 5.710627477484866, 50.760786874440299 ], [ 5.710234959094447, 50.759811564617046 ], [ 5.708897467158664, 50.759934968071789 ], [ 5.708679163312208, 50.759011410315104 ], [ 5.707406407622019, 50.759012988697897 ], [ 5.707046456812875, 50.758287295863589 ], [ 5.702976945844457, 50.758808124234839 ], [ 5.699408753541432, 50.755409302374943 ], [ 5.69509401778267, 50.754765008014992 ], [ 5.688474975443555, 50.755713661823215 ], [ 5.687823024377058, 50.757681939712825 ], [ 5.68206195697431, 50.757536378866718 ], [ 5.682832329678384, 50.761259544825606 ], [ 5.693754501207819, 50.770939767703418 ], [ 5.69736787463825, 50.775310270703272 ], [ 5.69874597494448, 50.779620288687035 ], [ 5.698708275083167, 50.78314957740475 ], [ 5.69397820686103, 50.796636826712664 ], [ 5.693817016842319, 50.810449709103814 ], [ 5.693840835074405, 50.811103071685821 ], [ 5.69385589043638, 50.811515976141074 ], [ 5.691679539257819, 50.812122186427594 ], [ 5.688773477095062, 50.811626607422113 ], [ 5.6859937940499, 50.8122240368956 ], [ 5.684360071915187, 50.813420177107858 ], [ 5.680602091285631, 50.812031753880525 ], [ 5.67942026695639, 50.814711348386801 ], [ 5.678455834509792, 50.815065786086869 ], [ 5.678282885568966, 50.816468386868493 ], [ 5.67317316791119, 50.815995520488464 ], [ 5.672750015092086, 50.816949345296059 ], [ 5.669671789610385, 50.817246263548192 ], [ 5.669453916835852, 50.817850286842635 ], [ 5.668076150555276, 50.81773732098587 ], [ 5.667648162181275, 50.816544431282203 ], [ 5.666397784448287, 50.816829493169692 ], [ 5.666691632422183, 50.817258825137692 ], [ 5.664272267387997, 50.817187071302172 ], [ 5.663183768273882, 50.818066013982786 ], [ 5.659009734251962, 50.818481648050998 ], [ 5.65417996461915, 50.819974393019017 ], [ 5.655164811400208, 50.820966148714746 ], [ 5.654339185900207, 50.821268565779015 ], [ 5.656455951619106, 50.823157763629439 ], [ 5.655506395230244, 50.823796425476218 ], [ 5.656177706669457, 50.824289653248009 ], [ 5.651878293744802, 50.827483991901026 ], [ 5.649275355499872, 50.826360737039032 ], [ 5.648862164198814, 50.826754403588808 ], [ 5.651360460351246, 50.83183103456323 ], [ 5.649966908872599, 50.833872226908717 ], [ 5.64833423793468, 50.833218163637085 ], [ 5.647418958783504, 50.83593232280608 ], [ 5.64373156545873, 50.837936119992669 ], [ 5.645345594224493, 50.839395094105988 ], [ 5.641853698916145, 50.840793168703193 ], [ 5.642792834041331, 50.841467215251363 ], [ 5.641218389494512, 50.842891700900708 ], [ 5.642257431509567, 50.843124873864106 ], [ 5.639218864137139, 50.846333848824329 ], [ 5.638866056305385, 50.847674480510719 ], [ 5.640765984237708, 50.847696960942621 ], [ 5.640286892911865, 50.849465543656237 ], [ 5.642708416238031, 50.850080541683752 ], [ 5.641784584592659, 50.852394969973382 ], [ 5.640325935056197, 50.853724976417588 ], [ 5.643513540579971, 50.856783773592852 ], [ 5.641685496312512, 50.857554810621032 ], [ 5.643790508098781, 50.85887860214153 ], [ 5.641801744008132, 50.85924789391099 ], [ 5.643616407946299, 50.860482900103626 ], [ 5.642278632017041, 50.861407474219909 ], [ 5.644005313610539, 50.862920431979191 ], [ 5.641664645687524, 50.864161561608 ], [ 5.649472010133601, 50.868343503893769 ], [ 5.644159223408254, 50.871349853926212 ], [ 5.647887743277486, 50.873707892666744 ], [ 5.648566157851067, 50.873337576638384 ], [ 5.651323273182161, 50.875091698285559 ], [ 5.653367332463294, 50.874001304727805 ], [ 5.656442312888638, 50.876568608991064 ], [ 5.657907229400688, 50.876662069600194 ], [ 5.658596260071588, 50.876184693852792 ], [ 5.660936507628459, 50.877369324230116 ], [ 5.66167762512616, 50.878665048719128 ], [ 5.665868114545509, 50.87973499999044 ], [ 5.669637414607891, 50.881820497028883 ], [ 5.67327351408139, 50.881045758295762 ], [ 5.675728995461323, 50.880914437078467 ], [ 5.679331022124541, 50.880542267031089 ], [ 5.679105982459483, 50.883468713414885 ], [ 5.682515567450507, 50.888524272606723 ], [ 5.686344375215755, 50.89119301327527 ], [ 5.692566235443209, 50.89393329065723 ], [ 5.696246226779995, 50.898595889225902 ], [ 5.697180644493776, 50.902261733362224 ], [ 5.695781606120178, 50.905802941713581 ], [ 5.696534657825821, 50.908609672741875 ], [ 5.698263916551055, 50.9101546215269 ], [ 5.703418269092788, 50.911713873370637 ], [ 5.706427414635148, 50.912002779734877 ], [ 5.709269928500065, 50.911593369113575 ], [ 5.714854119964466, 50.908457847648357 ], [ 5.718925380184004, 50.90781243157943 ], [ 5.720381358350799, 50.908070811345461 ], [ 5.724529355687999, 50.910606679045124 ], [ 5.726772608377567, 50.913768890849333 ], [ 5.72725940617286, 50.915797927444224 ], [ 5.725907170326455, 50.921198441160925 ], [ 5.72693032146782, 50.923841220248654 ], [ 5.732544465701706, 50.930221698624202 ], [ 5.740879424683095, 50.935224801804168 ], [ 5.743575253157594, 50.938355351886472 ], [ 5.744217837665561, 50.941169222175681 ], [ 5.74599258879187, 50.943411021513938 ], [ 5.745877403820423, 50.946495745023498 ], [ 5.746588304578588, 50.94730343647938 ], [ 5.751576839345081, 50.949242109288853 ], [ 5.755667273879993, 50.949841212708058 ], [ 5.758108041793498, 50.950750372004364 ], [ 5.759185328608787, 50.952541992283663 ], [ 5.758010234949584, 50.955505985732685 ], [ 5.756048257880107, 50.957723146721683 ], [ 5.75284035699639, 50.959656670968783 ], [ 5.750523075405422, 50.960740922612082 ], [ 5.746226943874993, 50.961644852201189 ], [ 5.742036634669975, 50.960560141097417 ], [ 5.740020743574246, 50.959195860390444 ], [ 5.739013728548414, 50.957434411564655 ], [ 5.734159561228152, 50.955451018269677 ], [ 5.731240773880122, 50.954876352878223 ], [ 5.725323896284072, 50.955558243208465 ], [ 5.722012221465287, 50.957134626379244 ], [ 5.719903319952553, 50.959587472721132 ], [ 5.720127426273579, 50.962421283834153 ], [ 5.724272794121365, 50.966210675771293 ], [ 5.725667176022445, 50.966685444182097 ], [ 5.728544751469006, 50.969873434028869 ], [ 5.733160934124601, 50.971824166577044 ], [ 5.735388679965071, 50.974372384832378 ], [ 5.736377366687418, 50.977914884380553 ], [ 5.73729523704959, 50.978690997937115 ], [ 5.739778836094832, 50.97979835146127 ], [ 5.746645312379288, 50.980664353156889 ], [ 5.749883983733198, 50.98253661421677 ], [ 5.751496234371732, 50.984141100617983 ], [ 5.75264580731793, 50.986722048343523 ], [ 5.755132123271745, 50.988980270551046 ], [ 5.7550185488426, 50.99011538627159 ], [ 5.759138142531267, 50.993166318481215 ], [ 5.766087079574642, 50.99768785430318 ], [ 5.76767288520948, 51.000653849493929 ], [ 5.767438286796439, 51.004355007482069 ], [ 5.766069437334988, 51.006912422798322 ], [ 5.766006600086904, 51.008997234831376 ], [ 5.767492931405363, 51.013255074106965 ], [ 5.773406528221964, 51.018999218634775 ], [ 5.775640949947511, 51.020678746898184 ], [ 5.776434185700358, 51.022448422690786 ], [ 5.775490907938804, 51.025115082294811 ], [ 5.772854903058382, 51.027429711861586 ], [ 5.767165469558186, 51.029159242412916 ], [ 5.760818545543069, 51.030006251163528 ], [ 5.758301533553078, 51.032052385384532 ], [ 5.75800232349278, 51.033665677121071 ], [ 5.759615270607028, 51.036739913583872 ], [ 5.766407640830087, 51.042526321549069 ], [ 5.770759243503794, 51.04919091974444 ], [ 5.772564334886717, 51.056295675328393 ], [ 5.771669409526123, 51.059891321108772 ], [ 5.772566489882409, 51.061615016513286 ], [ 5.774655573610347, 51.062976790960349 ], [ 5.77905459478808, 51.062859984156233 ], [ 5.78439744087202, 51.061446550562266 ], [ 5.787845094487873, 51.059701362295463 ], [ 5.793179282458868, 51.058526387334517 ], [ 5.797453698460111, 51.059157013704393 ], [ 5.79933879672287, 51.060071806450487 ], [ 5.800536713787774, 51.059304008790569 ], [ 5.80294588034825, 51.058557559267129 ], [ 5.803233364586927, 51.057594734590886 ], [ 5.806261178607752, 51.058098480742764 ], [ 5.806934306930509, 51.057572047317784 ], [ 5.80785614713596, 51.059212065152103 ], [ 5.80934353649733, 51.059144168591764 ], [ 5.813518799836064, 51.065544339828421 ], [ 5.819623098636277, 51.072609862870948 ], [ 5.820541884428074, 51.072588842089864 ], [ 5.823960466277137, 51.072510550747388 ], [ 5.823677810494795, 51.066731571328887 ] ] ] ] } },
{ "type": "Feature", "properties": { "fid": 30, "ck_zk": "ZK32", "jrstatcode": "2025ZK32", "statnaam": "Zwolle", "rubriek": "zorgkantoorregio", "id": 30 }, "geometry": { "type": "MultiPolygon", "coordinates": [ [ [ [ 5.605991237698152, 52.363216046779563 ], [ 5.603903004179828, 52.361743449430158 ], [ 5.601445541863489, 52.360902755490173 ], [ 5.601881507125379, 52.361520166900448 ], [ 5.600945585225775, 52.361789603135506 ], [ 5.599309616202659, 52.361591871598229 ], [ 5.595680660813332, 52.361694709846553 ], [ 5.593680896620064, 52.362077679742505 ], [ 5.593330093240843, 52.362826138814363 ], [ 5.594581903797089, 52.363307095145466 ], [ 5.598461038307269, 52.363519139249924 ], [ 5.605991237698152, 52.363216046779563 ] ] ], [ [ [ 5.796299949641434, 52.592285370355079 ], [ 5.797743197608563, 52.590770953675225 ], [ 5.79236905912492, 52.591166678773959 ], [ 5.789106498207036, 52.591838732615606 ], [ 5.788078103641989, 52.592123375394976 ], [ 5.787710807564531, 52.591545464469199 ], [ 5.788149403243618, 52.590760127120433 ], [ 5.788991630568401, 52.590316290156359 ], [ 5.79086050381733, 52.589231144506748 ], [ 5.791197165852159, 52.587786592752906 ], [ 5.790331046891735, 52.587389919176282 ], [ 5.788996929029462, 52.588208499994714 ], [ 5.788597789854778, 52.589336629024793 ], [ 5.785750449470277, 52.59103933493401 ], [ 5.785525595680463, 52.592534776641031 ], [ 5.787351003358322, 52.593126968927663 ], [ 5.790613403591093, 52.592135072961582 ], [ 5.792559427415988, 52.592742461846207 ], [ 5.793692034487129, 52.593473178916064 ], [ 5.796299949641434, 52.592285370355079 ] ] ], [ [ [ 5.806660935652827, 52.590742581834036 ], [ 5.808610524065536, 52.590255495714452 ], [ 5.811050080810847, 52.591453315342712 ], [ 5.810950687143566, 52.592714069149061 ], [ 5.811820380219712, 52.593571632205965 ], [ 5.817047573273706, 52.591701561391083 ], [ 5.81210542733235, 52.591232902482602 ], [ 5.810770547599446, 52.590023164797998 ], [ 5.807829628001696, 52.589130434100952 ], [ 5.802096027351906, 52.591732548279353 ], [ 5.800525109076373, 52.593771795235533 ], [ 5.800034199889576, 52.59544276365655 ], [ 5.80035264782379, 52.596995025006059 ], [ 5.802064509892729, 52.597300398414497 ], [ 5.805863721118693, 52.596291657577048 ], [ 5.80824313278852, 52.594305478988815 ], [ 5.807304231403956, 52.593389100460897 ], [ 5.807220028703425, 52.592837954227157 ], [ 5.806660935652827, 52.590742581834036 ] ] ], [ [ [ 5.833956660115772, 52.607286442748936 ], [ 5.83393953350013, 52.606064069193778 ], [ 5.834100268660707, 52.605514449527732 ], [ 5.828528500448525, 52.601907591775785 ], [ 5.827901554582701, 52.601510312768333 ], [ 5.826642568622105, 52.600521680863864 ], [ 5.825762907380926, 52.599201465127081 ], [ 5.826096319244796, 52.596800523371563 ], [ 5.828342401118682, 52.594394180477543 ], [ 5.829686976285083, 52.593009041679352 ], [ 5.824985134298051, 52.593186263601886 ], [ 5.822126729286995, 52.59427156244854 ], [ 5.820469006125268, 52.595672983692893 ], [ 5.818220477562384, 52.596142325696427 ], [ 5.81627744610745, 52.597326393075249 ], [ 5.813053964962521, 52.598097570071076 ], [ 5.809876800381451, 52.597905265194086 ], [ 5.808324734963583, 52.599246526982306 ], [ 5.801739865717485, 52.602721043154602 ], [ 5.801257382766111, 52.604885582507542 ], [ 5.802709860040729, 52.606215598654131 ], [ 5.808474469907954, 52.607319703816607 ], [ 5.810751720394312, 52.606850248176983 ], [ 5.812911301094942, 52.605602567231529 ], [ 5.814632420299388, 52.604473260760578 ], [ 5.816148778371655, 52.604399298578556 ], [ 5.81659449192566, 52.605677873379392 ], [ 5.817590109669935, 52.606708757004455 ], [ 5.819240742606769, 52.606892712366594 ], [ 5.821118092656206, 52.606999099212693 ], [ 5.822250202381849, 52.607233916029585 ], [ 5.824725863349812, 52.607050514139367 ], [ 5.828564866571638, 52.606914033583607 ], [ 5.831467469180187, 52.607026768010037 ], [ 5.833956660115772, 52.607286442748936 ] ] ], [ [ [ 6.136794483032991, 52.838917075416624 ], [ 6.150288736260284, 52.829940318500924 ], [ 6.151962155268811, 52.828829686180249 ], [ 6.149564678432338, 52.828458970748862 ], [ 6.149198956909105, 52.828402418387867 ], [ 6.149895735808826, 52.828123878831406 ], [ 6.151714833102758, 52.827399158478634 ], [ 6.157643904295626, 52.825035548879612 ], [ 6.171408177771927, 52.815255504945277 ], [ 6.172418931200511, 52.815639083785271 ], [ 6.177229782604304, 52.813851091568431 ], [ 6.180458078998799, 52.81103425793949 ], [ 6.185121238065105, 52.807224112495028 ], [ 6.199103524028965, 52.795828296162412 ], [ 6.201730742250688, 52.793696094817079 ], [ 6.193807864719061, 52.78640280634567 ], [ 6.184810149049468, 52.78030455941115 ], [ 6.176583985143909, 52.775199754642045 ], [ 6.172905974006889, 52.773054255543229 ], [ 6.168525388810377, 52.767093492618336 ], [ 6.163939986186745, 52.766449346108693 ], [ 6.160153703574037, 52.764658577178494 ], [ 6.156496419307966, 52.762650138322762 ], [ 6.137708752644956, 52.759004269736039 ], [ 6.132468094210344, 52.75866799431914 ], [ 6.126330462254879, 52.756834372980869 ], [ 6.121597328516485, 52.754210156892015 ], [ 6.120376223473515, 52.750242462786325 ], [ 6.127093624404966, 52.740263863537891 ], [ 6.129147870073887, 52.738028284859119 ], [ 6.132976388754846, 52.731396320068448 ], [ 6.139934973710029, 52.720362512538443 ], [ 6.142647085262952, 52.716326359268045 ], [ 6.14391846973262, 52.714264958208517 ], [ 6.151422778458543, 52.702882722176454 ], [ 6.151985051448839, 52.701596989063233 ], [ 6.151435882741209, 52.701376520061622 ], [ 6.153820607020068, 52.697336960385464 ], [ 6.156606681442305, 52.691957347156226 ], [ 6.158802689982939, 52.692480210676429 ], [ 6.158976041701886, 52.692154178243577 ], [ 6.162579865414327, 52.691061151131976 ], [ 6.164924734811396, 52.68888951156147 ], [ 6.166352122354099, 52.688945174946269 ], [ 6.168195568880411, 52.688135876627548 ], [ 6.169650899088706, 52.686120770486554 ], [ 6.168972509145628, 52.685533311993133 ], [ 6.162996113548568, 52.680061819242596 ], [ 6.163959274739764, 52.679473855181215 ], [ 6.168621119151559, 52.678386983579827 ], [ 6.170132267268467, 52.677936059580091 ], [ 6.177680229787347, 52.676129281469542 ], [ 6.180723093160034, 52.675436557183495 ], [ 6.183146848169665, 52.675063274466623 ], [ 6.181932923846942, 52.676868203159209 ], [ 6.184208083337609, 52.677207832519422 ], [ 6.182627763302469, 52.67950436622111 ], [ 6.182017809058922, 52.679449900873536 ], [ 6.180548205728703, 52.681587873585045 ], [ 6.18587068916535, 52.682503513492669 ], [ 6.18786218502019, 52.679613748261012 ], [ 6.189382673102885, 52.679233862140244 ], [ 6.191444465048912, 52.67931984914518 ], [ 6.192054771478228, 52.676426471952858 ], [ 6.194229772859433, 52.676629584739651 ], [ 6.194474830628677, 52.678825046860986 ], [ 6.196477516221693, 52.680865756048888 ], [ 6.201681516883486, 52.684620281535203 ], [ 6.203936625216651, 52.684666966263585 ], [ 6.204984856643936, 52.684161047349221 ], [ 6.206463368140239, 52.684858525812039 ], [ 6.210181145336232, 52.685224203424134 ], [ 6.21249957568071, 52.684632930914127 ], [ 6.212113741420614, 52.685308399766669 ], [ 6.213743566252629, 52.685652839504073 ], [ 6.214095681496453, 52.686315589871114 ], [ 6.216584426166579, 52.686392844297544 ], [ 6.217417094766796, 52.685524614243221 ], [ 6.218402153883292, 52.686004547150304 ], [ 6.219806801429319, 52.685704467255078 ], [ 6.2187146943423, 52.684377279853713 ], [ 6.221170383083431, 52.683475919590109 ], [ 6.220993952363883, 52.682827613725621 ], [ 6.222720663661625, 52.682682680766838 ], [ 6.224905432004001, 52.682431151605826 ], [ 6.227182079201267, 52.681252623959402 ], [ 6.227698472179235, 52.681725566479066 ], [ 6.228231321524478, 52.681286352872533 ], [ 6.228691677935881, 52.681648828269381 ], [ 6.230663080562548, 52.681185548995906 ], [ 6.232650879322269, 52.681486432978687 ], [ 6.234060829111597, 52.680237735302768 ], [ 6.232925214914879, 52.679870503725837 ], [ 6.23284313212624, 52.679109353717202 ], [ 6.236807713437353, 52.678028818668444 ], [ 6.237074549476974, 52.67754764204566 ], [ 6.240503845977083, 52.677728662828287 ], [ 6.2434989787382, 52.678785503776822 ], [ 6.248365116115928, 52.675616795185832 ], [ 6.24896575680243, 52.673901117476021 ], [ 6.247337724691819, 52.67277560279669 ], [ 6.249219425141229, 52.671384041555704 ], [ 6.250612398168625, 52.671867177789018 ], [ 6.250269866157701, 52.671095749729162 ], [ 6.252001453259641, 52.669881372345905 ], [ 6.254256084485587, 52.670197874230801 ], [ 6.25473558614395, 52.669578783803956 ], [ 6.255079121221753, 52.670072004836946 ], [ 6.255911664609813, 52.66960163547072 ], [ 6.257419645720104, 52.670407574304562 ], [ 6.258176249145111, 52.66981836486876 ], [ 6.260535137853612, 52.670477824985689 ], [ 6.265488593579009, 52.669139098750207 ], [ 6.265287134628332, 52.668762575355686 ], [ 6.265501196200828, 52.667987742818426 ], [ 6.265574228200737, 52.667263715036491 ], [ 6.270067118640723, 52.664794115489258 ], [ 6.273338909296204, 52.664910160152452 ], [ 6.274513303199958, 52.666897962810488 ], [ 6.276253934660228, 52.667313113492042 ], [ 6.277350399376807, 52.6689305049876 ], [ 6.277905351934542, 52.668539358943484 ], [ 6.279056394253375, 52.669051256916859 ], [ 6.282704902858257, 52.668219297085699 ], [ 6.284508407882273, 52.667162999924116 ], [ 6.285490726718195, 52.66699179000144 ], [ 6.285052513019399, 52.665394352940908 ], [ 6.287226183041431, 52.664180645275486 ], [ 6.287486929725603, 52.663452600924948 ], [ 6.288269668275239, 52.663887389773514 ], [ 6.288644623240116, 52.663434293497204 ], [ 6.291946865009482, 52.662437314664515 ], [ 6.295547777955921, 52.662322212525872 ], [ 6.295195624925863, 52.663577513741672 ], [ 6.297562993626467, 52.666369434185995 ], [ 6.299688873554443, 52.665830723752478 ], [ 6.299676185312037, 52.66649693663593 ], [ 6.302288076626361, 52.666426722742578 ], [ 6.301889387898437, 52.666996864078918 ], [ 6.302621769081127, 52.667346233027814 ], [ 6.305825840189184, 52.666239250165859 ], [ 6.309670373821541, 52.666752931597841 ], [ 6.311659698958236, 52.66733871442144 ], [ 6.312080466000435, 52.668055459193347 ], [ 6.314103204466315, 52.668058168843629 ], [ 6.313868221904579, 52.668666866705216 ], [ 6.314821762135714, 52.668750793977367 ], [ 6.314957066778227, 52.669424572505129 ], [ 6.316816293861136, 52.669493482532779 ], [ 6.316740213285884, 52.669895287559932 ], [ 6.318960577669068, 52.669721239855448 ], [ 6.319587166594433, 52.670397975190461 ], [ 6.32252931668311, 52.670437817420932 ], [ 6.326938166791152, 52.669206946563691 ], [ 6.328711465218054, 52.666738531138684 ], [ 6.328004446000202, 52.666131656029435 ], [ 6.329290121716742, 52.665398458295165 ], [ 6.328516813302949, 52.665378105782885 ], [ 6.328422837954554, 52.664633938172173 ], [ 6.327620350646542, 52.663717666444185 ], [ 6.325905633559724, 52.662915627284185 ], [ 6.325871335468251, 52.661154530180696 ], [ 6.327224595200471, 52.660446807063785 ], [ 6.32588363516166, 52.659708768908381 ], [ 6.326340171654624, 52.658958165972216 ], [ 6.327797712082432, 52.658692745940009 ], [ 6.331200772252643, 52.657161135681818 ], [ 6.334002897046376, 52.65469886288426 ], [ 6.341719616459216, 52.653685593520741 ], [ 6.343596313948654, 52.651157800614463 ], [ 6.355987564285188, 52.645894188410175 ], [ 6.359440778852816, 52.645518667708629 ], [ 6.364102333411775, 52.643141677145927 ], [ 6.363907090116774, 52.638376033242679 ], [ 6.366407941294693, 52.637453368237537 ], [ 6.369051547105605, 52.635639309893541 ], [ 6.368619661547614, 52.633541589580126 ], [ 6.369515611594508, 52.631901198470956 ], [ 6.374590216012983, 52.62848675660338 ], [ 6.375183747421145, 52.626028466116431 ], [ 6.373618325118223, 52.623326411227922 ], [ 6.377239350738519, 52.620013453821045 ], [ 6.376510377655419, 52.616923931654441 ], [ 6.380252686628686, 52.615021413709542 ], [ 6.38204825941548, 52.615645496110346 ], [ 6.384084204030553, 52.612250148694528 ], [ 6.386778182706293, 52.613619992426514 ], [ 6.391522214618107, 52.614519411388137 ], [ 6.39384557965928, 52.617233470619539 ], [ 6.396318037630048, 52.617779960810651 ], [ 6.401248052268383, 52.616274221431951 ], [ 6.403720254803646, 52.616254218100906 ], [ 6.406760876306695, 52.617942046449315 ], [ 6.405893772310601, 52.618708819186423 ], [ 6.406217656433062, 52.620419096981209 ], [ 6.409975445473501, 52.621603608264145 ], [ 6.411164158202961, 52.620823961530725 ], [ 6.412049107736523, 52.619868522530346 ], [ 6.416150181103323, 52.618667685391415 ], [ 6.418232210360622, 52.619045724457919 ], [ 6.42039779853525, 52.622390114233902 ], [ 6.426886440704144, 52.624638413643282 ], [ 6.426036660433753, 52.62651255391242 ], [ 6.428176485008926, 52.628188499183295 ], [ 6.431326151571549, 52.628369560054928 ], [ 6.432992225603014, 52.627765045330307 ], [ 6.433803064378484, 52.626409209750264 ], [ 6.434934370169245, 52.619285543995552 ], [ 6.438253473357252, 52.617148827736102 ], [ 6.442217879266121, 52.615720184058233 ], [ 6.443069857076686, 52.616187024717959 ], [ 6.453476975385101, 52.61395567145393 ], [ 6.460707527145392, 52.616991427603772 ], [ 6.464094655014341, 52.62383812556736 ], [ 6.467218782286683, 52.624278391974599 ], [ 6.469965169490716, 52.62498568091199 ], [ 6.472368731049734, 52.624579261021765 ], [ 6.472990969685716, 52.622265543082783 ], [ 6.478016185958721, 52.618631302333931 ], [ 6.480085118659694, 52.61835224527217 ], [ 6.48389550660296, 52.619076566970342 ], [ 6.490902468590064, 52.619155756603192 ], [ 6.505028418028679, 52.616860142964782 ], [ 6.509307056891327, 52.614795029566586 ], [ 6.511675591090133, 52.614040843590359 ], [ 6.512026842164047, 52.613649665850154 ], [ 6.518532691022407, 52.614080769633624 ], [ 6.518246983973325, 52.616468197433711 ], [ 6.517865759899093, 52.618917923488432 ], [ 6.514013777540985, 52.645272014794784 ], [ 6.513861463898781, 52.64629376771876 ], [ 6.529283785065127, 52.654452755540134 ], [ 6.529288043898234, 52.654455007408579 ], [ 6.52938067357998, 52.654507311662918 ], [ 6.547745896806874, 52.663971361415008 ], [ 6.552821389712455, 52.665594962035094 ], [ 6.581019395705199, 52.669468640067393 ], [ 6.603800826961591, 52.672585345039835 ], [ 6.612980139712229, 52.673838285224257 ], [ 6.614526801508529, 52.674049271295019 ], [ 6.629453215700452, 52.669688235180011 ], [ 6.646743983147335, 52.664638101176052 ], [ 6.655650817346135, 52.662033669628173 ], [ 6.682509173088225, 52.654178509583431 ], [ 6.68584861090886, 52.653479200414942 ], [ 6.685849932916022, 52.653478924421549 ], [ 6.701414907027465, 52.650221834393285 ], [ 6.708334040325407, 52.648758865457012 ], [ 6.708024982936118, 52.647720721084774 ], [ 6.705528562262308, 52.645652050496103 ], [ 6.705383141851224, 52.643320828573181 ], [ 6.702065961567727, 52.642466315179924 ], [ 6.70116870336049, 52.641668372709709 ], [ 6.702170324789996, 52.641083649670058 ], [ 6.70569791038866, 52.640890288005757 ], [ 6.706525507477098, 52.639542141108038 ], [ 6.70349769377431, 52.635232557250099 ], [ 6.704522781240946, 52.633139431879634 ], [ 6.70091086143047, 52.62940079650992 ], [ 6.700860413614461, 52.628320239411842 ], [ 6.702004531148243, 52.627267051404864 ], [ 6.706417094778031, 52.627004326285963 ], [ 6.710053111744895, 52.627820281038389 ], [ 6.710145316298439, 52.627314922639876 ], [ 6.713012384825913, 52.626788665973919 ], [ 6.722969639591715, 52.620316385100018 ], [ 6.727288774745401, 52.614927882040377 ], [ 6.720973400515876, 52.598351607392907 ], [ 6.720717382497578, 52.596281850112241 ], [ 6.721573865187763, 52.594874251117709 ], [ 6.719937894304374, 52.593215737970425 ], [ 6.718771560383683, 52.588636020589149 ], [ 6.746682288560969, 52.574017406844419 ], [ 6.766659903901161, 52.563532729659649 ], [ 6.766692023326292, 52.561636895475011 ], [ 6.764045566477053, 52.561584291755572 ], [ 6.752272381340485, 52.559038857670892 ], [ 6.740103234711993, 52.562053473618143 ], [ 6.734371319932805, 52.561762451078096 ], [ 6.726646106642845, 52.563057604019356 ], [ 6.720959541812083, 52.55294717087984 ], [ 6.720585102519798, 52.552577672393959 ], [ 6.720175193453453, 52.552574583033163 ], [ 6.72019986116833, 52.55219305893079 ], [ 6.71989988146102, 52.551925413125765 ], [ 6.719996096164958, 52.551669757475807 ], [ 6.71818538725867, 52.550972453748074 ], [ 6.716235787258998, 52.550327282249199 ], [ 6.716241296257717, 52.549748303276537 ], [ 6.71594718080572, 52.549177218435034 ], [ 6.716264184179021, 52.548524813402274 ], [ 6.697653954749676, 52.551044211678182 ], [ 6.68533481506064, 52.552715013474838 ], [ 6.68535068848774, 52.552739844202755 ], [ 6.685070586796114, 52.552812296746097 ], [ 6.685029316124871, 52.552756429626761 ], [ 6.684766117217412, 52.552792110031291 ], [ 6.684789617579014, 52.552860310128622 ], [ 6.684546696375029, 52.552893435891512 ], [ 6.684522343220565, 52.552825156986671 ], [ 6.683957431833617, 52.552901736373087 ], [ 6.680879905650527, 52.553317438494808 ], [ 6.694318908104405, 52.535571527692007 ], [ 6.705332478360745, 52.52100755762001 ], [ 6.697584620905226, 52.486298238587104 ], [ 6.693485356756647, 52.486327108808766 ], [ 6.673404531472954, 52.493513703963323 ], [ 6.669301277978281, 52.494980733280094 ], [ 6.662972057560196, 52.492335895610559 ], [ 6.653659030798507, 52.487832163353403 ], [ 6.654578210321505, 52.482715243467723 ], [ 6.647459617032291, 52.478614039207137 ], [ 6.651100231411975, 52.475156775430598 ], [ 6.649555602188943, 52.473089884524732 ], [ 6.641541226493295, 52.471243853269876 ], [ 6.640584449524852, 52.473105145973086 ], [ 6.635620649250807, 52.471647225033607 ], [ 6.631216804852325, 52.47197258753183 ], [ 6.626820825612096, 52.473831259871304 ], [ 6.62260703990185, 52.471475266138548 ], [ 6.616570462711909, 52.469368533915848 ], [ 6.613001383776306, 52.46560324783502 ], [ 6.611421202507752, 52.466864917936974 ], [ 6.601035022487896, 52.479470231660919 ], [ 6.595188119720464, 52.480303296289563 ], [ 6.572990616939872, 52.484271540403093 ], [ 6.565289076124336, 52.485654092924534 ], [ 6.554463460120806, 52.487593288491439 ], [ 6.534402524701936, 52.48897537207359 ], [ 6.510017273871759, 52.490650694913491 ], [ 6.510015803978149, 52.490650796018002 ], [ 6.505468751316482, 52.49096261412965 ], [ 6.503773163427531, 52.481721681768917 ], [ 6.496031776180835, 52.481194865839839 ], [ 6.488721367287992, 52.476895667453093 ], [ 6.47840512492063, 52.477604500518289 ], [ 6.472442446026532, 52.475688325263071 ], [ 6.46430935262861, 52.474663024196538 ], [ 6.461700531322365, 52.473406513423612 ], [ 6.46137007904152, 52.471290913080637 ], [ 6.458472921826719, 52.469938157059026 ], [ 6.454222080571851, 52.469334088379775 ], [ 6.452912438930019, 52.470047811924758 ], [ 6.453005979468811, 52.471206734418992 ], [ 6.451100593981367, 52.468826621917593 ], [ 6.453273315275438, 52.466489283430441 ], [ 6.45235536839072, 52.464516656121575 ], [ 6.451545327202552, 52.464741813391456 ], [ 6.450492141764782, 52.466898713783742 ], [ 6.448375183023087, 52.466468661387523 ], [ 6.447465170249764, 52.465324581130353 ], [ 6.451244575849588, 52.461583498696982 ], [ 6.450098300749774, 52.461256417645565 ], [ 6.447423634286914, 52.461698150816986 ], [ 6.445628045635755, 52.460918954673261 ], [ 6.442959848393643, 52.456929779337507 ], [ 6.441781763160535, 52.455249981152598 ], [ 6.444381940010968, 52.454615478890517 ], [ 6.442515760796065, 52.450070679789221 ], [ 6.438379463185208, 52.447563163792729 ], [ 6.438619367577152, 52.445798003665161 ], [ 6.438408355518782, 52.444025024642869 ], [ 6.428777161179853, 52.438687450001467 ], [ 6.390315132103749, 52.428144518025022 ], [ 6.380572743620283, 52.429816143789317 ], [ 6.380398642774828, 52.427799175234149 ], [ 6.368319125796104, 52.427751672450064 ], [ 6.356254401573208, 52.429104364398981 ], [ 6.355537208971998, 52.425954534684045 ], [ 6.350057509883405, 52.426407362822047 ], [ 6.349578567412591, 52.424905725982022 ], [ 6.343344992407309, 52.425310178504198 ], [ 6.343136408380367, 52.425970584643458 ], [ 6.337109557477237, 52.427722570769092 ], [ 6.334331142404185, 52.424491198930824 ], [ 6.328522725865862, 52.428059459889873 ], [ 6.31894400434299, 52.432067275475809 ], [ 6.314438207141717, 52.433028176878082 ], [ 6.303719400224482, 52.43163305032315 ], [ 6.302262863483793, 52.431443619166984 ], [ 6.30183410377254, 52.435228485572594 ], [ 6.291825244884093, 52.434721413556474 ], [ 6.291580526738809, 52.435884056219514 ], [ 6.291713495193687, 52.435894991364286 ], [ 6.289315782482352, 52.443807931152492 ], [ 6.289947947271952, 52.446444745503449 ], [ 6.278637125993321, 52.447440133283031 ], [ 6.278238412857547, 52.457043169998144 ], [ 6.267766062955676, 52.459511028125448 ], [ 6.256431533153155, 52.462318360638029 ], [ 6.245413304595136, 52.46387499230282 ], [ 6.236257226229982, 52.465616806208267 ], [ 6.218723831764552, 52.464833306059212 ], [ 6.211418557245791, 52.464854559599715 ], [ 6.206097379327211, 52.467592681711011 ], [ 6.202419775264512, 52.468744338438498 ], [ 6.199746783388389, 52.468396648445442 ], [ 6.196860577993221, 52.468540737147585 ], [ 6.193853873880122, 52.468046347254962 ], [ 6.190949683136783, 52.468440957566614 ], [ 6.186673227727947, 52.468417635218422 ], [ 6.178021895758404, 52.470635640577875 ], [ 6.177058880186671, 52.470581214991903 ], [ 6.174485113516799, 52.468401237782345 ], [ 6.170091991136962, 52.468922246568496 ], [ 6.162495458066081, 52.474388353749553 ], [ 6.152227466760682, 52.470836521778601 ], [ 6.151314629764652, 52.471087101111642 ], [ 6.144145747001668, 52.467664729047115 ], [ 6.147491915055964, 52.46573201554542 ], [ 6.151591036466174, 52.461770059759054 ], [ 6.152285470839899, 52.457803427607686 ], [ 6.154914837571916, 52.453183025744998 ], [ 6.153133681472903, 52.450229937701337 ], [ 6.147675923326005, 52.444441076166491 ], [ 6.140435156802589, 52.44341234577729 ], [ 6.139660018262937, 52.441617146549326 ], [ 6.137075090458907, 52.440761548283611 ], [ 6.135907263591901, 52.441565829972468 ], [ 6.130271761843357, 52.441611988921913 ], [ 6.120409810751315, 52.44230948090474 ], [ 6.109580016796527, 52.440530727870694 ], [ 6.105023646038435, 52.442586571067778 ], [ 6.102294635813016, 52.445771899025083 ], [ 6.101985938318848, 52.447799946877502 ], [ 6.103545928864001, 52.453963716689124 ], [ 6.100060383595274, 52.453973143209446 ], [ 6.094876886579504, 52.451863399532208 ], [ 6.092848172646546, 52.454806440586992 ], [ 6.078991183176144, 52.452083465257779 ], [ 6.068768835093465, 52.451306731612547 ], [ 6.063320504101763, 52.451151341755683 ], [ 6.060676375822726, 52.450459100950731 ], [ 6.035476649607161, 52.443778260769676 ], [ 6.02266741761997, 52.44410310866796 ], [ 6.017755219298865, 52.444208635672467 ], [ 5.994003192074276, 52.4260627168076 ], [ 5.973724951130134, 52.409769662526472 ], [ 5.966727261808303, 52.405571733655798 ], [ 5.951861241063201, 52.400956060742452 ], [ 5.951024347614379, 52.398437120182692 ], [ 5.942427144803232, 52.396636003870746 ], [ 5.924338612117357, 52.391392940805041 ], [ 5.911693851248698, 52.386793363231263 ], [ 5.876009356648951, 52.357872767773202 ], [ 5.875000215988378, 52.357044381518435 ], [ 5.864814276832325, 52.351328897288852 ], [ 5.87426102913067, 52.342130374348983 ], [ 5.880951329263021, 52.335185950853244 ], [ 5.876210147514205, 52.33200628166324 ], [ 5.874890757144533, 52.329661902267013 ], [ 5.875517353383229, 52.329268770162798 ], [ 5.870425432816656, 52.32330927890024 ], [ 5.850992635465055, 52.308786983907183 ], [ 5.840830961413955, 52.30439701525993 ], [ 5.841184466775376, 52.299530579821855 ], [ 5.844281922349922, 52.294898442547577 ], [ 5.845695909458163, 52.28732112953162 ], [ 5.852154972925185, 52.280090143658796 ], [ 5.851500571974057, 52.278543749969103 ], [ 5.848780349662562, 52.276829683739933 ], [ 5.848169928763115, 52.27511411849661 ], [ 5.85081115248714, 52.268695370430493 ], [ 5.84271841738469, 52.267145860591228 ], [ 5.829737860461667, 52.27127861325733 ], [ 5.82142665182071, 52.272671888172781 ], [ 5.809989428884197, 52.270304208881974 ], [ 5.802232394297611, 52.270498666247718 ], [ 5.797241624026286, 52.269695738965567 ], [ 5.792457585185078, 52.269976540441924 ], [ 5.780038167143695, 52.270601828029619 ], [ 5.772995297067864, 52.270354190518411 ], [ 5.751263267222115, 52.269561219443638 ], [ 5.749227317243409, 52.268272924844247 ], [ 5.76144867515114, 52.248303827505374 ], [ 5.751679291194089, 52.246081720387657 ], [ 5.726388866191383, 52.242503060872195 ], [ 5.7187981505012, 52.241491739725355 ], [ 5.715387653399923, 52.240177700641219 ], [ 5.711615310142021, 52.239706376901268 ], [ 5.710997629527789, 52.239620914682099 ], [ 5.706716112967313, 52.239399985946001 ], [ 5.693725571054489, 52.239717259445868 ], [ 5.689847869761929, 52.240442776706061 ], [ 5.683642095377853, 52.240616862517648 ], [ 5.68127007051124, 52.225339467169114 ], [ 5.670863151311839, 52.223968376585717 ], [ 5.66551866058263, 52.222704482541772 ], [ 5.657662473875667, 52.219172819233641 ], [ 5.646360724984387, 52.214075575909682 ], [ 5.633267391437077, 52.20816659764845 ], [ 5.607968502787256, 52.205093082286318 ], [ 5.607726033596117, 52.205063357205049 ], [ 5.549917344083392, 52.202336240026597 ], [ 5.549551284477806, 52.203649306785302 ], [ 5.54135448547485, 52.212278863957231 ], [ 5.539845980070644, 52.212127221780406 ], [ 5.539610663084491, 52.213173361453798 ], [ 5.540414714474423, 52.213254055206605 ], [ 5.53622373140152, 52.217602389157385 ], [ 5.534592309612901, 52.219296372309444 ], [ 5.533144806892784, 52.219103828193916 ], [ 5.526941412094557, 52.223043626849119 ], [ 5.523014948323614, 52.227303869114998 ], [ 5.523485770915264, 52.22750081553319 ], [ 5.5193971517135, 52.230620980096724 ], [ 5.517510435794504, 52.230958828436826 ], [ 5.517681208997223, 52.231412128969843 ], [ 5.514878603960341, 52.231141741564443 ], [ 5.515573269994932, 52.23412794400199 ], [ 5.515015182575516, 52.234345274948375 ], [ 5.512765143978324, 52.2346903141041 ], [ 5.512974437169173, 52.235731931113179 ], [ 5.510246938001279, 52.235330158670756 ], [ 5.510998771527339, 52.233808652366882 ], [ 5.510333315638734, 52.23283800004176 ], [ 5.508152144411423, 52.232506054045281 ], [ 5.506443027190484, 52.231593419042071 ], [ 5.501705333840608, 52.232960261950403 ], [ 5.500994386142935, 52.234119856400731 ], [ 5.499382209866829, 52.233884050804988 ], [ 5.497391884118923, 52.236372269509545 ], [ 5.496081783908344, 52.23627908016568 ], [ 5.490012967884455, 52.235828780634911 ], [ 5.487881236114133, 52.236594727168104 ], [ 5.483690292626931, 52.239243547756978 ], [ 5.481325042940306, 52.243392167874013 ], [ 5.474192020158945, 52.25646992395297 ], [ 5.478542890613271, 52.257431534415801 ], [ 5.478619572754936, 52.257819679198576 ], [ 5.488408671827409, 52.262539929283221 ], [ 5.501902655126242, 52.26448229468464 ], [ 5.505544870214905, 52.264758010709102 ], [ 5.527439778065334, 52.263680047044048 ], [ 5.528204599965913, 52.26425975441056 ], [ 5.526080453449049, 52.264800211266653 ], [ 5.528748678985345, 52.264841465338861 ], [ 5.530822714449141, 52.266055129992502 ], [ 5.531590436051248, 52.267692553354586 ], [ 5.530605784546951, 52.269166425698366 ], [ 5.531037479131141, 52.271560773951762 ], [ 5.531173101297282, 52.271560612214927 ], [ 5.53160140534404, 52.269112309106681 ], [ 5.533313865406268, 52.269013498057888 ], [ 5.534813766689756, 52.270569273928331 ], [ 5.533115983139298, 52.271244120836343 ], [ 5.531627323930506, 52.27140383493191 ], [ 5.531627577397682, 52.271481800681855 ], [ 5.533515233160834, 52.2717495490772 ], [ 5.534582630696999, 52.27125263924723 ], [ 5.53577091640834, 52.271430677391365 ], [ 5.541007646440172, 52.279168371669975 ], [ 5.548078700410442, 52.291811081604585 ], [ 5.559309474806368, 52.311118248974957 ], [ 5.558999190560605, 52.313558690701214 ], [ 5.56038854686325, 52.314935313791452 ], [ 5.55980724156621, 52.315948473231735 ], [ 5.559401421903442, 52.316790951364339 ], [ 5.560711514810633, 52.318214287414534 ], [ 5.561117244869592, 52.31810260050684 ], [ 5.559971086945623, 52.316732651606372 ], [ 5.560399438429438, 52.316058733002549 ], [ 5.56192300043292, 52.315300454904879 ], [ 5.563352955158938, 52.315619155979661 ], [ 5.564360857097419, 52.316466566193817 ], [ 5.563962320366121, 52.316676976917883 ], [ 5.564090621432364, 52.316902753189559 ], [ 5.563858976958936, 52.317006323272579 ], [ 5.563992523297117, 52.317111070877843 ], [ 5.562736336061718, 52.317613981786387 ], [ 5.562533625933682, 52.317484626498988 ], [ 5.561902131731383, 52.317742273389491 ], [ 5.561932413005152, 52.317996716538495 ], [ 5.562391608988266, 52.317988244259773 ], [ 5.562677870693327, 52.317902330466801 ], [ 5.564840159234781, 52.317806939756565 ], [ 5.56607863993942, 52.31781892133656 ], [ 5.566996344304692, 52.318637681180469 ], [ 5.566609439680851, 52.318806698365265 ], [ 5.565654039888523, 52.317986180570827 ], [ 5.565351142055409, 52.317975749972284 ], [ 5.565387998338305, 52.318720880822219 ], [ 5.565086994791846, 52.3187305557177 ], [ 5.565027696524043, 52.318020070111032 ], [ 5.564421944158796, 52.318039431919381 ], [ 5.564477445136183, 52.318745321823094 ], [ 5.564127496015823, 52.31875045702153 ], [ 5.564094623152194, 52.318053763432005 ], [ 5.562631772708379, 52.318079792331709 ], [ 5.563890214142243, 52.319159646248245 ], [ 5.564151445787344, 52.31917549156573 ], [ 5.566784101700403, 52.319135294872922 ], [ 5.567828764385442, 52.320410642025749 ], [ 5.575753570100171, 52.326597858904492 ], [ 5.581731586848028, 52.329956352376698 ], [ 5.593994719632233, 52.334281848634092 ], [ 5.598278302636997, 52.337128935423564 ], [ 5.603180048401167, 52.33983390557654 ], [ 5.607491228432528, 52.342713050262077 ], [ 5.611366171636941, 52.345567460369729 ], [ 5.612272420560997, 52.347427914831272 ], [ 5.612586671027096, 52.349598925195778 ], [ 5.614678982217431, 52.350739493628552 ], [ 5.612819048324639, 52.351086308362888 ], [ 5.612014922323655, 52.351698600767655 ], [ 5.615144133969329, 52.351694991608994 ], [ 5.614931336708973, 52.351991085720101 ], [ 5.613396286080454, 52.352040682440439 ], [ 5.613354952052312, 52.352284223829734 ], [ 5.615550065086064, 52.353494264467059 ], [ 5.614282995416841, 52.356802220110637 ], [ 5.619954406057345, 52.354622285185606 ], [ 5.620649097825541, 52.353770036302329 ], [ 5.620656259876049, 52.353556912877877 ], [ 5.621055050618435, 52.353380533561285 ], [ 5.621132307408601, 52.353448657082794 ], [ 5.621228237535307, 52.3534013523117 ], [ 5.621190696957518, 52.353216596877722 ], [ 5.621474426199415, 52.353016266127746 ], [ 5.621341384314059, 52.35284202758114 ], [ 5.622268638216785, 52.352249771491309 ], [ 5.623676784180569, 52.351958653137487 ], [ 5.623840010935791, 52.351832034166193 ], [ 5.623831301536876, 52.351541638663917 ], [ 5.623440419440437, 52.351182380077645 ], [ 5.624171160814177, 52.350870435544174 ], [ 5.624815265249339, 52.351437574075049 ], [ 5.621165871758661, 52.353531346081489 ], [ 5.621378130020019, 52.353736599750903 ], [ 5.620368986927188, 52.354966729960999 ], [ 5.620499989065464, 52.355206975092464 ], [ 5.622664549941209, 52.355435775404906 ], [ 5.623805764703869, 52.355388482128191 ], [ 5.623961798231944, 52.355269323734646 ], [ 5.624836017244832, 52.354601692075811 ], [ 5.625476197413353, 52.354954639596698 ], [ 5.62415313295304, 52.355549832627254 ], [ 5.622444412201849, 52.355584769117328 ], [ 5.621973830025722, 52.355670512452591 ], [ 5.620849281224814, 52.355489171020679 ], [ 5.617509552594679, 52.356483826549564 ], [ 5.615675402651012, 52.356674340506203 ], [ 5.615445871461025, 52.357057093848681 ], [ 5.616938797582282, 52.35758626296392 ], [ 5.619139423453842, 52.358444413199329 ], [ 5.619378831301624, 52.360019412876376 ], [ 5.619097731022197, 52.360170563632622 ], [ 5.61898248481119, 52.358629781395109 ], [ 5.618872610024697, 52.358643938289404 ], [ 5.619018866764098, 52.359673754199804 ], [ 5.618386976571667, 52.359540510320656 ], [ 5.618272042739837, 52.358950997042939 ], [ 5.618110629225821, 52.358981749796214 ], [ 5.617829408321867, 52.35931299980804 ], [ 5.615718950913314, 52.358602245822922 ], [ 5.615875097815336, 52.358400212367314 ], [ 5.615356553226782, 52.358225835813712 ], [ 5.615895473353883, 52.357692616243952 ], [ 5.6149803264178, 52.357234337616021 ], [ 5.614417363776181, 52.357821743380448 ], [ 5.614336339876612, 52.35810282867449 ], [ 5.61439997251716, 52.358141544640588 ], [ 5.614523670439949, 52.357935464355705 ], [ 5.614760701613287, 52.3579764351148 ], [ 5.61493876455647, 52.358161408977168 ], [ 5.614916834182623, 52.358386162377549 ], [ 5.614659045549394, 52.358506591985083 ], [ 5.614417064575941, 52.358319549360459 ], [ 5.614390666493886, 52.358414655839276 ], [ 5.618897603832792, 52.360340943189065 ], [ 5.617495779541814, 52.361019359510614 ], [ 5.616754243293214, 52.360644575096444 ], [ 5.614033940522963, 52.362250426452349 ], [ 5.614926215247963, 52.362504286134431 ], [ 5.615318687956771, 52.362614069299852 ], [ 5.625167672941383, 52.358247323019377 ], [ 5.62708521734052, 52.356995705135802 ], [ 5.627436627451067, 52.35715265271778 ], [ 5.627156250268106, 52.357912538726943 ], [ 5.625058926129883, 52.359165263376141 ], [ 5.625543064417649, 52.359674280407873 ], [ 5.626939522301875, 52.358843548683062 ], [ 5.626612948652177, 52.358466683374793 ], [ 5.627607762785067, 52.357876809065942 ], [ 5.628510420555995, 52.358490413475693 ], [ 5.628581542000084, 52.360549952564334 ], [ 5.627079275423627, 52.360570211453343 ], [ 5.627064188233468, 52.360995826474401 ], [ 5.627382151790679, 52.36098353950387 ], [ 5.627411958860476, 52.360686626905711 ], [ 5.628057947355459, 52.360675273898742 ], [ 5.628106399361632, 52.361043946205733 ], [ 5.627519297629475, 52.361143609002006 ], [ 5.628100830506395, 52.361453631163499 ], [ 5.628196891521871, 52.364441215337536 ], [ 5.628959594355169, 52.364720638509851 ], [ 5.629718112978632, 52.364241636667863 ], [ 5.629277693598603, 52.363980019719669 ], [ 5.629219763636832, 52.361815762262104 ], [ 5.62981486117063, 52.361521105351265 ], [ 5.630956490854781, 52.362195965947478 ], [ 5.630253950114954, 52.362600728412652 ], [ 5.629762894751391, 52.362612982746818 ], [ 5.6297799570091, 52.363657872174713 ], [ 5.630358137340843, 52.363905859318891 ], [ 5.633172661420119, 52.361796902088955 ], [ 5.638863837516873, 52.362421492480756 ], [ 5.640499475691612, 52.363377976504751 ], [ 5.639961118414845, 52.363715570705828 ], [ 5.63409841609762, 52.362815541429434 ], [ 5.630172525970433, 52.365456674052083 ], [ 5.630659843287997, 52.365853796167471 ], [ 5.641295579620431, 52.366056170124018 ], [ 5.644205574986738, 52.367585695270158 ], [ 5.648777714097656, 52.367500212734292 ], [ 5.653339680930545, 52.36484073231918 ], [ 5.67404498885166, 52.375106544954711 ], [ 5.677226137629808, 52.377005736515855 ], [ 5.677591213725409, 52.37868545821015 ], [ 5.678921586770261, 52.378841258824977 ], [ 5.683464577326233, 52.378234280798999 ], [ 5.690132760767075, 52.378971769430478 ], [ 5.694633769855529, 52.380690117545392 ], [ 5.699883317014763, 52.381249226788171 ], [ 5.703346900060938, 52.383678811533095 ], [ 5.703027204036315, 52.3844760485485 ], [ 5.703277738447765, 52.384621276221274 ], [ 5.704095798192529, 52.384123737478617 ], [ 5.704785989237005, 52.3843035103407 ], [ 5.703752860539598, 52.384896684939299 ], [ 5.704225363722585, 52.385062275680873 ], [ 5.705414368168723, 52.384299308333937 ], [ 5.706633591365419, 52.384550408407598 ], [ 5.707291215073321, 52.385302905016111 ], [ 5.707091996523878, 52.385813698577053 ], [ 5.706692447968042, 52.386012963568021 ], [ 5.706569734994876, 52.38641410039601 ], [ 5.707579083474593, 52.385940566472073 ], [ 5.707900718107857, 52.386413445092586 ], [ 5.707373018994543, 52.386801567272848 ], [ 5.707656176062247, 52.386877380542046 ], [ 5.708172689996572, 52.386715384874059 ], [ 5.70954699462914, 52.386802420386452 ], [ 5.709866460412669, 52.387470102138785 ], [ 5.711481582293009, 52.387903106423806 ], [ 5.712773244945542, 52.38774583055838 ], [ 5.716019125054567, 52.387726479762129 ], [ 5.722473589695104, 52.39077216738513 ], [ 5.724020827167195, 52.390838417349244 ], [ 5.726299424816927, 52.392033705798241 ], [ 5.727824067717868, 52.39395589035577 ], [ 5.730923376889478, 52.395213989031895 ], [ 5.73163567957848, 52.394713441173856 ], [ 5.735392837393533, 52.396080013672915 ], [ 5.734815169594571, 52.396793563088494 ], [ 5.737702037741639, 52.397965109173853 ], [ 5.739964965075301, 52.39765499675066 ], [ 5.750326093841239, 52.403780826436751 ], [ 5.755282442649385, 52.405271499908984 ], [ 5.756912383120765, 52.406867804752594 ], [ 5.766283033371591, 52.411157182674181 ], [ 5.783604836854574, 52.420377708645852 ], [ 5.787625308920826, 52.421895793910309 ], [ 5.79148520549179, 52.424309582185053 ], [ 5.79760383940622, 52.428201325752113 ], [ 5.804103085692886, 52.431260556128585 ], [ 5.80741443996899, 52.433581309606389 ], [ 5.811099519157296, 52.435705965608214 ], [ 5.812498364194847, 52.437381218730565 ], [ 5.821915474784932, 52.446023650922008 ], [ 5.820745122757188, 52.446547993902591 ], [ 5.819863791835107, 52.447313897472206 ], [ 5.820767156657902, 52.448162344291056 ], [ 5.822410678418972, 52.449705849542539 ], [ 5.822063023185769, 52.449988106974885 ], [ 5.823035730201891, 52.451798916196957 ], [ 5.823280474221328, 52.452897613497704 ], [ 5.820629744967595, 52.454411141058721 ], [ 5.816228229342282, 52.45593030855067 ], [ 5.81737723482119, 52.457255306994981 ], [ 5.817417671041997, 52.457301930304645 ], [ 5.818513126145246, 52.458157213309036 ], [ 5.819313673756574, 52.459170501952279 ], [ 5.823324210586812, 52.463851525642376 ], [ 5.82799869348943, 52.469333768032875 ], [ 5.829001589193624, 52.469017349398989 ], [ 5.828927488960049, 52.468024676854775 ], [ 5.82743972167493, 52.46728148792598 ], [ 5.824918713731047, 52.465118949312973 ], [ 5.823017004509195, 52.462322754933233 ], [ 5.823778907561606, 52.461348928936204 ], [ 5.823419538048526, 52.460287724654322 ], [ 5.823149619310583, 52.459447036584528 ], [ 5.824902053862957, 52.45926775683192 ], [ 5.826422574954938, 52.459215023013179 ], [ 5.827231533938921, 52.458833132096274 ], [ 5.827263012087397, 52.457643287992752 ], [ 5.831363978799699, 52.459153733180024 ], [ 5.831685690586097, 52.460235802160412 ], [ 5.836441927106534, 52.46662714801802 ], [ 5.836906808363405, 52.466762640159722 ], [ 5.837520307257805, 52.466318720019757 ], [ 5.838744984309306, 52.465989809364082 ], [ 5.839654844942173, 52.465946811833362 ], [ 5.84002436038088, 52.466152742252923 ], [ 5.840857227170178, 52.467194974813822 ], [ 5.842363474215184, 52.470550451520126 ], [ 5.850216686602582, 52.485606878393249 ], [ 5.851101192697625, 52.491401122346865 ], [ 5.852175722727554, 52.494808585279458 ], [ 5.858222915682815, 52.500269664759792 ], [ 5.86454986483984, 52.515814246017584 ], [ 5.866437872016407, 52.517755689667972 ], [ 5.865801302973852, 52.518658060938485 ], [ 5.865854222052324, 52.519988957775219 ], [ 5.864401121804767, 52.52053976051188 ], [ 5.863511720159767, 52.52035449198187 ], [ 5.862857616579269, 52.520906212025814 ], [ 5.862736580904953, 52.522136051339992 ], [ 5.86366598585468, 52.522870048652024 ], [ 5.863606211599517, 52.523811267795374 ], [ 5.862817825473125, 52.526116616692732 ], [ 5.862160041091085, 52.52764753654909 ], [ 5.861476277393568, 52.528521166543406 ], [ 5.862411340161528, 52.530338821702216 ], [ 5.861778925388635, 52.533198453128868 ], [ 5.860654437986469, 52.534313523849043 ], [ 5.86041825086547, 52.536172285931102 ], [ 5.861954953540415, 52.537278164974161 ], [ 5.861780748641909, 52.537370801049335 ], [ 5.860821007558255, 52.537098203381689 ], [ 5.86030895478193, 52.537440114065596 ], [ 5.862524041059208, 52.53812110441627 ], [ 5.862255900024018, 52.538429360679693 ], [ 5.860701239302228, 52.538510594055388 ], [ 5.860562135864606, 52.537931927056576 ], [ 5.860356958782251, 52.537928727251767 ], [ 5.859753113082983, 52.538914136307163 ], [ 5.859349408770075, 52.542266460400256 ], [ 5.858436315609884, 52.542819803631097 ], [ 5.858029463956614, 52.542769162659177 ], [ 5.85785935116829, 52.542945955806061 ], [ 5.858126558135517, 52.543460094491529 ], [ 5.856950304552938, 52.544027182833318 ], [ 5.857869490673203, 52.544604536357198 ], [ 5.857721220994054, 52.545181403045412 ], [ 5.857600673013995, 52.545650356179486 ], [ 5.857691804312582, 52.545839334273921 ], [ 5.857271164884162, 52.546424693562145 ], [ 5.857859357223755, 52.546830646833847 ], [ 5.858576523648459, 52.546953068506305 ], [ 5.858533987490102, 52.547296940100452 ], [ 5.85822210845572, 52.547537402200106 ], [ 5.857350359924109, 52.547390420074954 ], [ 5.856773341290211, 52.549884691394873 ], [ 5.856620045906608, 52.551085576449175 ], [ 5.8561697007023, 52.55135968090881 ], [ 5.857208328824577, 52.552843465612092 ], [ 5.856969826534425, 52.552949570022371 ], [ 5.855534028849294, 52.551337024111916 ], [ 5.853334836544806, 52.552525701786287 ], [ 5.85273779978183, 52.555616755227142 ], [ 5.842092766185685, 52.562951741936757 ], [ 5.839917833859657, 52.56971198393223 ], [ 5.832130156137669, 52.576883988361402 ], [ 5.826959238901786, 52.578732867852587 ], [ 5.824645153183255, 52.579595234291475 ], [ 5.819706149737478, 52.580124374497608 ], [ 5.814313540761248, 52.582431309163447 ], [ 5.814268865490313, 52.582781693513425 ], [ 5.82968546051441, 52.582458519587846 ], [ 5.839531563058938, 52.581563042971723 ], [ 5.839720787451994, 52.582258685602064 ], [ 5.838860727360558, 52.583060504089858 ], [ 5.829841719285929, 52.583758523172897 ], [ 5.805555436148717, 52.584224229674376 ], [ 5.815114235799142, 52.588359042374378 ], [ 5.819929892252362, 52.589002925914208 ], [ 5.819838928468994, 52.587920814968157 ], [ 5.814143928601782, 52.586864424717902 ], [ 5.81393592550277, 52.58587044188549 ], [ 5.814375118772363, 52.584938047220007 ], [ 5.81728622456084, 52.584655976763649 ], [ 5.820043376770735, 52.586406095098688 ], [ 5.82195321764132, 52.586753559323533 ], [ 5.82854062678577, 52.587109243413302 ], [ 5.833601599535915, 52.585723174864192 ], [ 5.839122653154777, 52.58332989843737 ], [ 5.83992350072399, 52.582790835648801 ], [ 5.841625567197761, 52.5838118534583 ], [ 5.833909969761171, 52.588671829028115 ], [ 5.831708132641619, 52.591510410333939 ], [ 5.835617046349417, 52.59628272721244 ], [ 5.835082752750166, 52.59717148139152 ], [ 5.832147875696999, 52.597847773815239 ], [ 5.831956478052525, 52.599983231365684 ], [ 5.832858399306145, 52.601854079688813 ], [ 5.835292762454718, 52.603222101056787 ], [ 5.83604310084439, 52.604735915137375 ], [ 5.836239396252619, 52.60602883270758 ], [ 5.838244619534916, 52.606727797359973 ], [ 5.840485416732577, 52.607743915019782 ], [ 5.839762601215947, 52.609045998521502 ], [ 5.840646320865956, 52.610429739310348 ], [ 5.84067362454986, 52.610433448348601 ], [ 5.841333713258122, 52.610523106493389 ], [ 5.842608726254623, 52.610696286729642 ], [ 5.843007307892451, 52.610750419289914 ], [ 5.843008727211804, 52.610750612460841 ], [ 5.888084402481143, 52.616862924073949 ], [ 5.896298374350842, 52.617974690510934 ], [ 5.896583849259776, 52.618013318861948 ], [ 5.896810124703034, 52.61787082468279 ], [ 5.897245088518908, 52.617756495373023 ], [ 5.899228924124721, 52.618342314031352 ], [ 5.905750168054433, 52.618263893635756 ], [ 5.904823103396172, 52.616459417709144 ], [ 5.906753254074475, 52.615521871882478 ], [ 5.907750151363767, 52.616060858405469 ], [ 5.912461575189965, 52.615206498783472 ], [ 5.914446486054365, 52.61346097342242 ], [ 5.91727227183235, 52.612744659614201 ], [ 5.920171700225107, 52.612862450649388 ], [ 5.921509475092497, 52.613364006151528 ], [ 5.931423243269215, 52.613861576493505 ], [ 5.937583294680794, 52.615582585458391 ], [ 5.943433231267043, 52.618207458367699 ], [ 5.955100528731728, 52.621462795711956 ], [ 5.955745339779936, 52.622894970997137 ], [ 5.956934294995399, 52.624199164846601 ], [ 5.95838771128408, 52.624800124130402 ], [ 5.962258680323994, 52.624399047407685 ], [ 5.976854272894064, 52.622153934303569 ], [ 5.981882605410512, 52.623155273290621 ], [ 5.986496907268211, 52.623175249384666 ], [ 5.987949957832485, 52.624071147254078 ], [ 5.986384462421205, 52.625028165535937 ], [ 5.987174906987368, 52.626930108049784 ], [ 5.989669822333509, 52.625338077913412 ], [ 6.010786503834627, 52.637144284699751 ], [ 6.013162978943576, 52.639318665366851 ], [ 6.012473829409077, 52.63943935499514 ], [ 6.012861632073047, 52.639744051146366 ], [ 6.018061311879431, 52.639002225841018 ], [ 6.020339052585899, 52.637893672095096 ], [ 6.020353286202121, 52.638661893941183 ], [ 6.022226768090551, 52.639512185722204 ], [ 6.021704165317121, 52.64061165400495 ], [ 6.021031993064798, 52.640937213182305 ], [ 6.018598690464737, 52.64325905981859 ], [ 6.017504775319403, 52.643399497131263 ], [ 6.017069993012709, 52.643362545754165 ], [ 6.015736626327377, 52.644114917845471 ], [ 6.014327328950946, 52.645999751007942 ], [ 6.014243427496107, 52.646054233111101 ], [ 6.012501278498678, 52.64718545662673 ], [ 6.01230157669153, 52.647315124451055 ], [ 6.011323567726005, 52.647984222749884 ], [ 6.010859241042101, 52.648332074799562 ], [ 6.010569683526564, 52.648549001778072 ], [ 6.010115081421572, 52.648889557909683 ], [ 6.007917314724616, 52.650535894147339 ], [ 6.007675246243786, 52.65071721366543 ], [ 6.007411159554082, 52.650915023203794 ], [ 6.007322208403873, 52.650981650419091 ], [ 6.006441089546516, 52.651501485631911 ], [ 6.006257116076666, 52.6515849323211 ], [ 6.006124356365003, 52.651645148792703 ], [ 6.005560094189792, 52.651901082345795 ], [ 6.004939000458102, 52.65218279003318 ], [ 6.002852942196555, 52.653128908928878 ], [ 6.002642588327286, 52.653224309265198 ], [ 6.002584223030647, 52.653250779539981 ], [ 5.999529743310671, 52.654635944329605 ], [ 5.996914905450349, 52.655050717256977 ], [ 5.996414776736722, 52.655130041238856 ], [ 5.995044137459143, 52.655347420576732 ], [ 5.991781472535715, 52.655864798567215 ], [ 5.990842097360617, 52.656013741635697 ], [ 5.990360908380969, 52.656090033822004 ], [ 5.987512979004215, 52.656541525592246 ], [ 5.986267093182817, 52.656739015283669 ], [ 5.985219282796214, 52.656905091887353 ], [ 5.984203383715758, 52.657153653390296 ], [ 5.984108270165343, 52.657176922563686 ], [ 5.984048064927869, 52.657191648415619 ], [ 5.98330689485672, 52.657585520667517 ], [ 5.983243754648109, 52.657619073736662 ], [ 5.982923140788972, 52.657789449706122 ], [ 5.982651821687711, 52.657943745140088 ], [ 5.979546420979964, 52.660495570114854 ], [ 5.974667269105189, 52.662713911874626 ], [ 5.970814000439276, 52.665188817393989 ], [ 5.966851667729428, 52.666580183331888 ], [ 5.964968381780952, 52.666154371009611 ], [ 5.963054292289044, 52.666398312168603 ], [ 5.961794957408784, 52.66729648647636 ], [ 5.958172509199565, 52.667809474599501 ], [ 5.954017326446539, 52.667674058123062 ], [ 5.941593519481772, 52.670516676289765 ], [ 5.940101132670559, 52.670426564229942 ], [ 5.939725865726139, 52.668835247164431 ], [ 5.935147852609884, 52.669233803554256 ], [ 5.934593466912041, 52.669781616115642 ], [ 5.93308401620595, 52.671263516168011 ], [ 5.932750590019315, 52.673188922592558 ], [ 5.933870298665179, 52.675510458509194 ], [ 5.940160538974165, 52.679223209114269 ], [ 5.945376969690003, 52.682301419808326 ], [ 5.944707565303116, 52.682712575088189 ], [ 5.946847878797455, 52.684002772528039 ], [ 5.949519112966519, 52.685713458564685 ], [ 5.951508805288473, 52.684951902447587 ], [ 5.952740279675786, 52.685240021558386 ], [ 5.959400149806233, 52.689950309309801 ], [ 5.962104800177944, 52.690350674222522 ], [ 5.965155429263163, 52.69356972280216 ], [ 5.964825026891277, 52.698104423271253 ], [ 5.959011668664417, 52.703863423520495 ], [ 5.954839010279306, 52.703767625656972 ], [ 5.955315511003246, 52.707261773050256 ], [ 5.952091738539221, 52.710876222179522 ], [ 5.951161371143035, 52.711919221711497 ], [ 5.942555031301335, 52.715001999593056 ], [ 5.941885217567108, 52.71594903321968 ], [ 5.941169754132894, 52.717550648616346 ], [ 5.935559418644981, 52.730251722705596 ], [ 5.930150529520861, 52.739586126801356 ], [ 5.921829484094165, 52.751169701389429 ], [ 5.906009446363249, 52.761325557395594 ], [ 5.900054127240127, 52.761195253141096 ], [ 5.897761868482398, 52.762134868772293 ], [ 5.896085417085646, 52.762822015055271 ], [ 5.894382821713619, 52.765133700301327 ], [ 5.892550334345012, 52.765959693989508 ], [ 5.885136550783225, 52.769300849389431 ], [ 5.879938535151886, 52.773091565583591 ], [ 5.862083295200251, 52.781022553402572 ], [ 5.850296490711259, 52.784530799425788 ], [ 5.843389942568436, 52.784463617986816 ], [ 5.841618422995423, 52.785138379833896 ], [ 5.837310574979447, 52.785023887886162 ], [ 5.836054309703256, 52.785635095644267 ], [ 5.828146520578368, 52.785545339297443 ], [ 5.818791763500077, 52.78469664770391 ], [ 5.818656493205891, 52.787635733404656 ], [ 5.812725480421597, 52.791186413553973 ], [ 5.803474410190059, 52.796858701980611 ], [ 5.795177033982417, 52.806521837382419 ], [ 5.810015541433563, 52.813883551092104 ], [ 5.817070756758223, 52.816688386057614 ], [ 5.81974419827096, 52.817278388588818 ], [ 5.819896856797564, 52.816903304274874 ], [ 5.820306033018416, 52.815950193824897 ], [ 5.822354325060527, 52.815109428109764 ], [ 5.824154493653732, 52.813297054465565 ], [ 5.828720575659601, 52.813426933445712 ], [ 5.833411154900568, 52.811760618825929 ], [ 5.83736534585289, 52.808261814500206 ], [ 5.836101862643067, 52.805954609838039 ], [ 5.838444419259773, 52.805947028796822 ], [ 5.842201968061011, 52.807584265380676 ], [ 5.843593643370088, 52.805032542601253 ], [ 5.849951822689008, 52.806161687265252 ], [ 5.854802503426849, 52.805518196796889 ], [ 5.857026771679714, 52.807228860857784 ], [ 5.859639957763688, 52.804536244399877 ], [ 5.865636138636162, 52.804650455320264 ], [ 5.868679640983712, 52.802726229349432 ], [ 5.876292243042149, 52.80085487188024 ], [ 5.879580817917839, 52.801202677854214 ], [ 5.882577946902519, 52.803919600683429 ], [ 5.893428707937263, 52.806282881735648 ], [ 5.897881478136421, 52.807803312165468 ], [ 5.900657173528274, 52.811824865473355 ], [ 5.908583603373417, 52.813712079145539 ], [ 5.911965720349007, 52.816115948827765 ], [ 5.91385994440868, 52.818622114198853 ], [ 5.916321230362877, 52.820280337124657 ], [ 5.924202018826967, 52.823589843310849 ], [ 5.922946169257385, 52.827525835092793 ], [ 5.926409573961534, 52.828183444963173 ], [ 5.922747258220824, 52.829872580895618 ], [ 5.923097636703166, 52.831034503323963 ], [ 5.926983265579941, 52.831576785117242 ], [ 5.930115122195552, 52.831356541784373 ], [ 5.930653798564274, 52.832247560232062 ], [ 5.926732157708866, 52.833291768494306 ], [ 5.930157747360847, 52.835012906904595 ], [ 5.938019494307728, 52.835381769702941 ], [ 5.94180257789286, 52.835968563067851 ], [ 5.944368138987449, 52.837071049022192 ], [ 5.946247287987606, 52.837424715443582 ], [ 5.95578367377808, 52.833234569102586 ], [ 5.956853360228322, 52.834442704249895 ], [ 5.955792338084168, 52.837441846163642 ], [ 5.958731318940835, 52.839765961312168 ], [ 5.969976268217108, 52.84237532308866 ], [ 5.973127795318994, 52.842469714403109 ], [ 5.972438087974245, 52.841916695024146 ], [ 5.972870727900841, 52.840713570091594 ], [ 5.976174984669167, 52.834748172011921 ], [ 5.981556478763814, 52.829473220850645 ], [ 5.986394300541116, 52.821853984019398 ], [ 5.986473074449422, 52.821703121587596 ], [ 5.988904137828438, 52.822063953540564 ], [ 5.990574655407381, 52.821596560818115 ], [ 5.994209508160877, 52.819116243366238 ], [ 5.99650785655816, 52.816561509679616 ], [ 5.999078385382298, 52.816910007598544 ], [ 6.007483397850737, 52.820046468905083 ], [ 6.01789959442993, 52.821900336898551 ], [ 6.024558962546595, 52.82254466263565 ], [ 6.026616498966662, 52.821077601966692 ], [ 6.031168379643614, 52.814990708691667 ], [ 6.038209014769423, 52.817714109237919 ], [ 6.043508168742741, 52.819606810665917 ], [ 6.044519022040046, 52.819751545924476 ], [ 6.046957442935557, 52.820526384718164 ], [ 6.048536443650753, 52.821543647955025 ], [ 6.052935858526172, 52.824123365356975 ], [ 6.057816399737716, 52.82545265777393 ], [ 6.059951033724858, 52.826118536690963 ], [ 6.059300071150941, 52.82680556123848 ], [ 6.054979225445256, 52.831347286772193 ], [ 6.052607348006824, 52.837339119689084 ], [ 6.054546995456656, 52.837631313406789 ], [ 6.056489886538082, 52.837965771085862 ], [ 6.061512949395506, 52.839296292082551 ], [ 6.081000267767655, 52.838732323302587 ], [ 6.083297784399598, 52.839486976242299 ], [ 6.087480419982726, 52.843113862688689 ], [ 6.093193098063399, 52.844579417944786 ], [ 6.119819889813939, 52.854214943213968 ], [ 6.128694393238034, 52.847807370316893 ], [ 6.130451673129389, 52.843872550585857 ], [ 6.136794483032991, 52.838917075416624 ] ] ] ] } },
{ "type": "Feature", "properties": { "fid": 31, "ck_zk": "ZK33", "jrstatcode": "2025ZK33", "statnaam": "Westland Schieland Delfland", "rubriek": "zorgkantoorregio", "id": 31 }, "geometry": { "type": "MultiPolygon", "coordinates": [ [ [ [ 4.565042961073281, 52.058569379497065 ], [ 4.561059633638684, 52.042060862437928 ], [ 4.563304771149052, 52.038277020837981 ], [ 4.56345716946241, 52.035776979884325 ], [ 4.560140282154391, 52.033189893375045 ], [ 4.559347338119586, 52.031407363488555 ], [ 4.558217972992305, 52.028908449351285 ], [ 4.556776973415948, 52.018400721586964 ], [ 4.557119438817576, 52.013936383013935 ], [ 4.554875146776522, 52.005948585416931 ], [ 4.553444531017972, 52.003923941757108 ], [ 4.549893604965331, 51.99574655901116 ], [ 4.547005418755447, 51.993942883776334 ], [ 4.548387895569834, 51.992557332979537 ], [ 4.546339275275281, 51.991514158258518 ], [ 4.546909605839141, 51.990228346060327 ], [ 4.547393656305648, 51.988746239256415 ], [ 4.548417968373853, 51.984957073724587 ], [ 4.548162227697237, 51.983294249477638 ], [ 4.550885758415477, 51.981873624317387 ], [ 4.551991874240598, 51.978869306150969 ], [ 4.553760535643221, 51.977041111559942 ], [ 4.551934725307301, 51.97473738404976 ], [ 4.547686282475619, 51.972806611772029 ], [ 4.545651914286335, 51.972319551643935 ], [ 4.539951359985163, 51.969885139818054 ], [ 4.535782340945393, 51.970447838081768 ], [ 4.534985106983377, 51.968272302566234 ], [ 4.528759909217327, 51.96702363980642 ], [ 4.527821685843151, 51.965658696961647 ], [ 4.523653751039617, 51.96392492612069 ], [ 4.52094659590086, 51.963407937250309 ], [ 4.518586476868772, 51.960286285429085 ], [ 4.513900700195697, 51.962653758281135 ], [ 4.513103275781196, 51.96292169203074 ], [ 4.512246845668069, 51.962420409241133 ], [ 4.505844165986531, 51.965652026957819 ], [ 4.506584479066738, 51.966375765034329 ], [ 4.496857183189615, 51.971305838731766 ], [ 4.495799687562483, 51.97184448688553 ], [ 4.495234071650266, 51.967414991863826 ], [ 4.491006869641896, 51.969549670446604 ], [ 4.483251765326537, 51.973362328986902 ], [ 4.470558121874793, 51.9797795658653 ], [ 4.469515818573157, 51.980300652065239 ], [ 4.469012149879079, 51.980549160214323 ], [ 4.468971629120852, 51.980528674284336 ], [ 4.468874874103436, 51.980479734416015 ], [ 4.469451168156174, 51.980187499916887 ], [ 4.468186663606151, 51.979266745539547 ], [ 4.466680222353719, 51.978498317527588 ], [ 4.465802683599121, 51.978929712617393 ], [ 4.46412460088469, 51.978307015902999 ], [ 4.463240984034006, 51.977526513496599 ], [ 4.464023131808533, 51.977147668453192 ], [ 4.461676332903194, 51.975121952964955 ], [ 4.461346480515528, 51.974837215063488 ], [ 4.462220536279353, 51.972681412207415 ], [ 4.460161339566186, 51.97160876137962 ], [ 4.460374671390906, 51.969101427780707 ], [ 4.456824517679169, 51.967310986883327 ], [ 4.45088308090214, 51.965884893036659 ], [ 4.446682075558126, 51.962785953933306 ], [ 4.428968373161806, 51.975876112192545 ], [ 4.42789835738201, 51.976466463106291 ], [ 4.407910876301374, 51.968198605790896 ], [ 4.402933412547201, 51.966316314442864 ], [ 4.393987500801391, 51.962631503815864 ], [ 4.393564126948403, 51.962471635381029 ], [ 4.391751956632881, 51.964921044798437 ], [ 4.38994741435789, 51.964601712912753 ], [ 4.389779413198665, 51.965126401825586 ], [ 4.379309465356386, 51.963406626852823 ], [ 4.384001230673727, 51.954692994121729 ], [ 4.388933356561257, 51.945535046890384 ], [ 4.389420745519233, 51.945669810900888 ], [ 4.389671904661457, 51.945472280716984 ], [ 4.394351937421914, 51.947109668398255 ], [ 4.395187814940512, 51.94692704158961 ], [ 4.39492064198247, 51.946457531505771 ], [ 4.393668899765799, 51.944612670623918 ], [ 4.393478281405655, 51.944465081622852 ], [ 4.393447922441628, 51.944259520757861 ], [ 4.394215967120449, 51.943999491464076 ], [ 4.394977049171374, 51.942908743097668 ], [ 4.403920167593328, 51.937252615118936 ], [ 4.408517596210978, 51.938636598155917 ], [ 4.40931718024313, 51.937981496367129 ], [ 4.413207302406361, 51.939057745762966 ], [ 4.41549216955057, 51.940758543251967 ], [ 4.417712926994255, 51.938476592663505 ], [ 4.416414513710168, 51.938154797660012 ], [ 4.414762317201452, 51.937374171899926 ], [ 4.413262652764885, 51.936815733354756 ], [ 4.409810608896985, 51.936339113039494 ], [ 4.408978508461493, 51.935784692967367 ], [ 4.408808613920595, 51.934748951790091 ], [ 4.408172588344192, 51.931414201550197 ], [ 4.409874638119642, 51.929112515948653 ], [ 4.410496281519597, 51.92929156196157 ], [ 4.415234985114908, 51.922970371591802 ], [ 4.416861452623069, 51.923121643962872 ], [ 4.417054445118012, 51.920823998037058 ], [ 4.417064331020424, 51.920423702056716 ], [ 4.417076716808975, 51.919947525208812 ], [ 4.416345884083881, 51.91756982065052 ], [ 4.415827290217769, 51.915930479044455 ], [ 4.415697051130478, 51.915938138785258 ], [ 4.415265713156399, 51.914484774824082 ], [ 4.413601162791426, 51.914585138303785 ], [ 4.413506286020285, 51.913952672166502 ], [ 4.412739207969259, 51.913914170468949 ], [ 4.412209998218534, 51.913239123741 ], [ 4.409075321291521, 51.912049735682494 ], [ 4.40954194695666, 51.910417011310521 ], [ 4.409999308331459, 51.90985247246315 ], [ 4.411346263709198, 51.91027274648502 ], [ 4.413445571231238, 51.907678798821394 ], [ 4.413297725760001, 51.907284411408902 ], [ 4.415676954514744, 51.905024782168496 ], [ 4.412338317473845, 51.902421113047559 ], [ 4.413710315534412, 51.900754623262479 ], [ 4.409757400682799, 51.899867921625749 ], [ 4.409712775142862, 51.899857878402685 ], [ 4.399034080804062, 51.897416839034847 ], [ 4.393419953490678, 51.896735899723886 ], [ 4.388344082557973, 51.896779114730755 ], [ 4.380173412760717, 51.897925302082584 ], [ 4.372137426845995, 51.899188322322587 ], [ 4.370622684571089, 51.899355527535334 ], [ 4.360034665560923, 51.899431383513857 ], [ 4.34979757355402, 51.897670262970593 ], [ 4.341071031122672, 51.895341917087912 ], [ 4.330956988724404, 51.894102531519692 ], [ 4.319596767028284, 51.894574630732826 ], [ 4.319448016850891, 51.894589206476866 ], [ 4.296372644642978, 51.897052940019378 ], [ 4.281886347797498, 51.900152151467267 ], [ 4.267571210650752, 51.905335042626433 ], [ 4.266183407751917, 51.905904043515356 ], [ 4.255428780082287, 51.910170615160752 ], [ 4.244198147955053, 51.913742817767869 ], [ 4.236464810485525, 51.917303297470426 ], [ 4.232166657004711, 51.920709447636035 ], [ 4.22938975332296, 51.923305506319096 ], [ 4.222905247072749, 51.928764097605921 ], [ 4.219932479983811, 51.93046814565735 ], [ 4.212717692054358, 51.933727463540748 ], [ 4.219528776329471, 51.94139967883217 ], [ 4.217823717603746, 51.941636672420955 ], [ 4.192396037367463, 51.954805939411209 ], [ 4.186723852234215, 51.962675914600851 ], [ 4.189369477250389, 51.964757857552648 ], [ 4.19119613300483, 51.965444845279563 ], [ 4.19060881590732, 51.965981620677226 ], [ 4.187917965618646, 51.965391777903356 ], [ 4.186580094350163, 51.965869082927185 ], [ 4.187474597752582, 51.96681771872781 ], [ 4.175898189133519, 51.97169378915175 ], [ 4.169605429373052, 51.973973308404311 ], [ 4.155062571378719, 51.977838057864005 ], [ 4.15530332084326, 51.979599943551747 ], [ 4.147280704750779, 51.981393283853414 ], [ 4.149954712930318, 51.984810508119203 ], [ 4.148942117977594, 51.985094086969433 ], [ 4.150957937031071, 51.987618444527591 ], [ 4.138613383043041, 51.991647224459918 ], [ 4.135567118724703, 51.992702927157566 ], [ 4.132363284267339, 51.995460031477869 ], [ 4.130987262819898, 51.997179317206815 ], [ 4.132517232658635, 51.998542767535987 ], [ 4.125302909748147, 52.001640581222311 ], [ 4.137402252916091, 52.009891094421732 ], [ 4.152739658508614, 52.022221557333403 ], [ 4.16058665979233, 52.028828825597621 ], [ 4.168188423698872, 52.03399267604739 ], [ 4.175480459828649, 52.041545437549125 ], [ 4.187647653758942, 52.056449651123692 ], [ 4.189178921995794, 52.055467115392581 ], [ 4.187483568271245, 52.052116389279078 ], [ 4.189565359000698, 52.051497756275459 ], [ 4.191736574989643, 52.052191627336235 ], [ 4.196340551756235, 52.055660849970195 ], [ 4.204116477679248, 52.044726889137543 ], [ 4.204164020073882, 52.044670021961501 ], [ 4.209037219593825, 52.038274349476566 ], [ 4.212434345996899, 52.034033056648937 ], [ 4.209584526184113, 52.033654693765634 ], [ 4.21225506243344, 52.030752371620935 ], [ 4.213734285580347, 52.03168657718097 ], [ 4.219226713071831, 52.03373677915036 ], [ 4.228325782009908, 52.034642021633545 ], [ 4.235053995363408, 52.039256330330034 ], [ 4.241415380337123, 52.031949543704826 ], [ 4.244294601384603, 52.028845452823901 ], [ 4.244808089808479, 52.02873108210941 ], [ 4.248217102472967, 52.025225795692059 ], [ 4.254891591596354, 52.028289588007013 ], [ 4.256376628111902, 52.028347910437155 ], [ 4.259132777201324, 52.029570949014349 ], [ 4.266645350014469, 52.033006196266534 ], [ 4.272662682414576, 52.035917125864877 ], [ 4.272973380582181, 52.035518452368997 ], [ 4.275895430725804, 52.031557984474219 ], [ 4.277896808931001, 52.032468300705823 ], [ 4.281741523390417, 52.027368187488079 ], [ 4.282800381841225, 52.027626202632355 ], [ 4.283474822382952, 52.026700227096882 ], [ 4.285249860627184, 52.027422325487336 ], [ 4.285883852465252, 52.026480835048822 ], [ 4.285046681652728, 52.026267691126947 ], [ 4.28565031126772, 52.025913692959449 ], [ 4.2851462754934, 52.025617737498109 ], [ 4.288254549097564, 52.023757628539492 ], [ 4.286773411458887, 52.022967428935267 ], [ 4.286999323286745, 52.022868972474122 ], [ 4.294344582505196, 52.019358650880015 ], [ 4.289736698018769, 52.01764749113201 ], [ 4.29551214852881, 52.01484843273213 ], [ 4.298614503614023, 52.016876864955179 ], [ 4.301075364619267, 52.017868951957347 ], [ 4.302664061511409, 52.016488049214438 ], [ 4.307638584821269, 52.018151359646112 ], [ 4.3098192615626, 52.015634039007573 ], [ 4.316913712114318, 52.018785067739607 ], [ 4.317584510796867, 52.01908681460575 ], [ 4.319389348549556, 52.019987901177238 ], [ 4.325765910150902, 52.012766245281917 ], [ 4.325956240875383, 52.012793313497518 ], [ 4.330245993860498, 52.014666057513786 ], [ 4.334287267216494, 52.016418050367434 ], [ 4.334426327761852, 52.016481196318594 ], [ 4.343695447565389, 52.020616773429722 ], [ 4.347670292137395, 52.022351438332521 ], [ 4.348001862983631, 52.022453607925677 ], [ 4.348011942278267, 52.022456642516161 ], [ 4.351418453743742, 52.024003132134702 ], [ 4.354950331832447, 52.025580383289466 ], [ 4.355034442917907, 52.025530181520651 ], [ 4.355426800822968, 52.025713179961571 ], [ 4.355477310715246, 52.025852139180394 ], [ 4.357693163667414, 52.0268208082583 ], [ 4.357790282030797, 52.026863197140479 ], [ 4.358848662181411, 52.027333928406577 ], [ 4.359774379532064, 52.026542267221835 ], [ 4.360260703291614, 52.02675761531556 ], [ 4.362426017648171, 52.027690334222513 ], [ 4.363396040677094, 52.028096515923643 ], [ 4.373499155012147, 52.032598794817218 ], [ 4.379735288096948, 52.026732682455759 ], [ 4.393928640969298, 52.033053268989391 ], [ 4.387850895656423, 52.038442850813809 ], [ 4.386768135042207, 52.038444203160417 ], [ 4.3811800853543, 52.03638644045985 ], [ 4.379858196468899, 52.035952283741395 ], [ 4.372657859999117, 52.040927928845157 ], [ 4.378103282963097, 52.044644816240158 ], [ 4.385840564392816, 52.049795721453513 ], [ 4.386098397507107, 52.049967338197028 ], [ 4.387904518077771, 52.051169488718926 ], [ 4.389676176021016, 52.049961346863562 ], [ 4.391439918528141, 52.051761412500717 ], [ 4.39113098256923, 52.051951679019901 ], [ 4.392586765899948, 52.053153119065627 ], [ 4.393124129346798, 52.052843438938012 ], [ 4.393764105915721, 52.053330406200466 ], [ 4.393570780483377, 52.053478454632241 ], [ 4.394444997814233, 52.054053900773539 ], [ 4.398549537897922, 52.051217870328252 ], [ 4.400073494014801, 52.052367569555258 ], [ 4.400073637429128, 52.052367677722195 ], [ 4.401358144132421, 52.053335522929764 ], [ 4.422072403575685, 52.05167308822989 ], [ 4.425831255774702, 52.051469445649296 ], [ 4.438043858851557, 52.050283735249451 ], [ 4.438044241542436, 52.050283701480147 ], [ 4.450564139113249, 52.049210207402595 ], [ 4.456438011400488, 52.039541784252116 ], [ 4.456994732104349, 52.039672222406075 ], [ 4.457643806110892, 52.038618659614279 ], [ 4.458932104217082, 52.038853837592661 ], [ 4.470743679883177, 52.040477710149815 ], [ 4.471619171645839, 52.038996746448021 ], [ 4.471955739573022, 52.039030688055846 ], [ 4.472373044951001, 52.03827893473926 ], [ 4.472531177171188, 52.037972428739522 ], [ 4.472804432457973, 52.038024500534739 ], [ 4.475993798699561, 52.032775425757002 ], [ 4.476706110941415, 52.031642144537692 ], [ 4.477027885871207, 52.031280576125376 ], [ 4.477680969523682, 52.031394825163382 ], [ 4.47738443919783, 52.031791574016921 ], [ 4.488006649314724, 52.031864399447876 ], [ 4.504709268250092, 52.031930763661094 ], [ 4.507060333147083, 52.032825344686941 ], [ 4.512072642323647, 52.036825179184049 ], [ 4.518279071909096, 52.040990974328643 ], [ 4.518995804420875, 52.04138403876474 ], [ 4.519255200935801, 52.041526294306209 ], [ 4.522583553621988, 52.043391650289777 ], [ 4.535109330338222, 52.049613228952346 ], [ 4.545079451212371, 52.048861025859395 ], [ 4.547546699536904, 52.050369671072175 ], [ 4.549342834286787, 52.054744465454881 ], [ 4.550533040308685, 52.056304046503641 ], [ 4.557180247335913, 52.06123936641557 ], [ 4.557808993890128, 52.061741162949929 ], [ 4.565042961073281, 52.058569379497065 ] ] ] ] } }
]
}
